certificate_id,generator_id,plant_lat,plant_lon,energy_source,claimed_mwh,plant_rated_capacity_mwh,generation_timestamp,issuance_timestamp,is_fraud,fraud_type
CERT000001,PTY00157,36.48898,71.24913,solar,0.561,4.472,2026-07-25 06:44:01,2026-07-25 06:58:45.026162,True,circular_trading
CERT000002,PTY00148,15.80805,78.94124,solar,6.215,35.29,2026-08-26 13:09:39,2026-08-27 06:40:22.851934,False,
CERT000003,PTY00141,31.1829,86.20911,solar,4.66,30.522,2026-08-30 11:39:59,2026-08-31 05:38:36.268819,True,circular_trading
CERT000004,PTY00051,14.50381,88.6532,solar,9.842,76.668,2026-07-07 15:39:40,2026-07-09 19:37:07.087340,False,
CERT000005,PTY00057,8.70516,86.7187,solar,1.951,15.327,2026-08-13 09:14:20,2026-08-13 18:46:37.994205,False,
CERT000006,PTY00035,22.57769,69.49288,solar,4.827,35.941,2026-08-07 10:24:25,2026-08-09 12:53:07.634283,False,
CERT000007,PTY00171,31.68138,80.73491,solar,3.989,26.678,2026-09-09 12:24:06,2026-09-09 16:01:13.571610,False,
CERT000008,PTY00154,25.56747,74.87958,wind,2.594,11.615,2026-09-10 20:48:06,2026-09-13 23:01:01.435631,False,
CERT000009,PTY00104,18.91153,70.42152,wind,7.508,22.603,2026-07-28 00:31:12,2026-07-28 10:38:50.335880,False,
CERT000010,PTY00049,8.26671,70.94267,wind,11.872,39.687,2026-09-08 15:39:18,2026-09-08 17:00:51.619693,False,
CERT000011,PTY00114,21.44725,78.24721,solar,8.983,72.316,2026-07-29 06:50:03,2026-07-29 10:51:00.966207,False,
CERT000012,PTY00087,17.25029,92.50138,solar,2.543,22.44,2026-06-15 15:02:23,2026-06-15 19:24:20.361749,False,
CERT000013,PTY00051,14.50381,88.6532,solar,16.163,76.668,2026-07-15 15:46:07,2026-07-15 17:51:48.282411,False,
CERT000014,PTY00165,27.76358,90.04661,solar,2.578,20.459,2026-08-30 08:17:06,2026-08-31 04:20:45.579023,False,
CERT000015,PTY00129,8.4218,78.16704,wind,6.887,23.408,2026-06-30 19:10:41,2026-07-02 06:02:58.962726,False,
CERT000016,PTY00053,24.48095,70.71657,wind,11.519,46.506,2026-08-16 19:57:21,2026-08-18 02:12:59.293566,False,
CERT000017,PTY00114,21.44725,78.24721,solar,8.264,72.316,2026-09-09 12:13:08,2026-09-10 03:49:14.318409,False,
CERT000018,PTY00004,20.52641,76.44565,solar,3.893,21.755,2026-08-31 13:36:10,2026-09-02 00:11:16.527191,False,
CERT000019,PTY00165,27.76358,90.04661,solar,3.663,20.459,2026-07-15 15:57:11,2026-07-15 20:34:37.581980,False,
CERT000020,PTY00173,34.08766,79.13285,wind,3.009,9.354,2026-06-28 20:27:57,2026-06-29 07:25:50.553530,False,
CERT000021,PTY00115,31.60006,87.8572,solar,250.0,7.169,2026-08-20 08:35:48,2026-08-21 10:09:56.775828,True,over_capacity
CERT000022,PTY00150,25.21418,87.69397,wind,6.197,19.619,2026-07-08 00:57:35,2026-07-08 16:29:00.468530,False,
CERT000023,PTY00154,25.56747,74.87958,wind,3.932,11.615,2026-07-31 08:08:39,2026-08-01 10:11:49.613536,False,
CERT000024,PTY00131,30.72594,79.49974,wind,16.361,38.866,2026-09-05 11:43:50,2026-09-05 18:05:01.060279,False,
CERT000025,PTY00017,29.14121,90.36684,solar,10.116,52.757,2026-06-18 11:54:48,2026-06-18 16:00:28.580298,False,
CERT000026,PTY00118,9.31134,68.76464,wind,33.488,107.913,2026-07-16 07:24:17,2026-07-16 20:50:56.671964,True,circular_trading
CERT000027,PTY00135,11.73751,71.71333,wind,9.909,30.014,2026-09-08 20:06:08,2026-09-09 00:22:51.310383,False,
CERT000028,PTY00116,34.41689,91.85358,solar,7.027,44.256,2026-06-27 14:16:13,2026-06-28 08:24:37.622101,False,
CERT000029,PTY00108,16.28565,93.18937,solar,11.129,61.356,2026-07-22 15:55:48,2026-07-23 07:23:28.305062,False,
CERT000030,PTY00108,16.28565,93.18937,solar,10.376,61.356,2026-08-22 14:34:58,2026-08-27 18:13:35.997581,False,
CERT000031,PTY00016,12.0868,91.26371,solar,2.749,21.531,2026-06-25 16:46:56,2026-06-26 22:01:34.191944,False,
CERT000032,PTY00003,13.31873,76.82303,solar,2.968,20.807,2026-07-31 14:17:36,2026-07-31 15:09:12.344227,False,
CERT000033,PTY00088,31.61959,76.17379,solar,8.573,39.098,2026-08-31 13:58:57,2026-09-01 21:58:16.300006,False,
CERT000034,PTY00088,31.61959,76.17379,solar,5.85,39.098,2026-07-31 09:51:03,2026-07-31 15:07:17.747881,False,
CERT000035,PTY00074,31.0604,75.85414,solar,9.833,64.265,2026-09-07 16:56:25,2026-09-07 17:41:19.495165,False,
CERT000036,PTY00020,29.15858,86.48917,solar,10.227,79.815,2026-06-14 11:49:17,2026-06-15 11:38:14.268974,False,
CERT000037,PTY00089,33.44669,89.31706,solar,277.072,70.924,2026-07-20 14:13:36,2026-07-20 16:08:44.105014,True,over_capacity
CERT000038,PTY00153,24.55257,78.32681,solar,15.65,101.148,2026-06-27 12:24:04,2026-06-28 14:58:39.633643,False,
CERT000039,PTY00037,15.0196,87.49193,solar,6.027,43.461,2026-08-23 12:12:27,2026-08-23 13:47:28.308494,False,
CERT000040,PTY00067,17.80186,78.89191,wind,9.745,39.878,2026-08-11 01:39:26,2026-08-12 17:37:54.638925,False,
CERT000041,PTY00059,36.03299,95.94498,wind,6.771,29.985,2026-06-25 08:12:42,2026-06-25 13:39:57.457424,False,
CERT000042,PTY00031,14.44113,71.4761,solar,0.518,3.958,2026-06-29 11:29:38,2026-06-29 14:59:56.607301,False,
CERT000043,PTY00013,34.73435,70.56628,wind,15.068,39.445,2026-07-18 16:40:16,2026-07-18 19:08:00.755153,False,
CERT000044,PTY00063,29.48229,88.21346,wind,21.23,77.164,2026-08-07 14:29:36,2026-08-07 16:39:23.015832,False,
CERT000045,PTY00017,29.14121,90.36684,solar,6.345,52.757,2026-07-04 12:16:09,2026-07-05 01:06:07.389324,False,
CERT000046,PTY00007,12.9452,69.8865,solar,7.294,36.517,2026-09-06 04:31:50,2026-09-06 17:21:04.352892,True,impossible_timing
CERT000047,PTY00099,33.74342,78.17654,solar,0.748,6.221,2026-08-02 09:38:14,2026-08-03 17:18:48.802446,False,
CERT000048,PTY00108,16.28565,93.18937,solar,4.181,61.356,2026-08-20 11:34:50,2026-09-01 09:44:38.864692,True,timestamp_collision
CERT000049,PTY00018,18.39551,71.3602,solar,11.524,67.37,2026-06-26 11:15:26,2026-06-29 08:13:07.928566,False,
CERT000050,PTY00174,34.28769,86.1029,solar,6.024,33.543,2026-07-26 13:57:02,2026-07-26 18:03:11.385972,False,
CERT000051,PTY00176,25.98211,83.47037,wind,18.294,52.203,2026-07-29 21:53:52,2026-07-30 04:09:51.961356,False,
CERT000052,PTY00018,18.39551,71.3602,solar,10.98,67.37,2026-07-12 07:17:45,2026-07-15 08:50:05.042041,False,
CERT000053,PTY00169,12.74602,72.76371,solar,2.604,20.581,2026-09-08 10:16:11,2026-09-12 00:36:48.151177,False,
CERT000054,PTY00168,24.65972,92.41303,wind,12.201,35.57,2026-09-11 00:01:32,2026-09-11 01:51:53.762031,False,
CERT000055,PTY00174,34.28769,86.1029,solar,5.58,33.543,2026-07-11 11:14:33,2026-07-11 12:05:01.000510,False,
CERT000056,PTY00009,20.76442,71.53911,solar,6.058,41.797,2026-06-19 12:49:11,2026-06-21 05:46:25.655777,False,
CERT000057,PTY00007,12.9452,69.8865,solar,4.866,36.517,2026-07-14 15:15:03,2026-07-15 09:27:03.015502,False,
CERT000058,PTY00014,9.31159,77.43458,solar,8.212,67.048,2026-09-04 09:54:52,2026-09-05 07:24:53.166785,False,
CERT000059,PTY00096,26.32328,81.00492,solar,2.479,20.278,2026-07-25 13:58:02,2026-07-25 15:40:05.039462,False,
CERT000060,PTY00135,11.73751,71.71333,wind,6.609,30.014,2026-08-01 20:30:57,2026-08-02 23:39:59.729142,False,
CERT000061,PTY00152,20.51813,71.69983,wind,7.667,33.028,2026-07-25 18:31:40,2026-07-26 06:04:29.133834,False,
CERT000062,PTY00006,13.79054,82.9128,wind,7.113,18.285,2026-07-15 18:50:57,2026-07-17 19:32:25.027646,True,timestamp_collision
CERT000063,PTY00099,33.74342,78.17654,solar,0.748,6.221,2026-07-04 16:41:43,2026-07-05 02:01:35.849883,False,
CERT000064,PTY00060,16.53902,79.16783,wind,18.163,59.876,2026-08-06 13:55:38,2026-08-06 22:49:44.477061,False,
CERT000065,PTY00066,31.15056,86.84895,solar,4.74,40.681,2026-06-26 09:04:00,2026-06-27 14:45:52.201731,False,
CERT000066,PTY00093,34.17403,82.65232,wind,8.058,23.895,2026-08-12 08:00:04,2026-08-12 13:43:13.785062,False,
CERT000067,PTY00121,33.07695,91.57413,solar,3.213,30.359,2026-07-19 23:48:48,2026-07-20 14:15:18.327095,True,impossible_timing
CERT000068,PTY00148,15.80805,78.94124,solar,6.157,35.29,2026-08-18 15:01:08,2026-08-19 06:10:09.011084,False,
CERT000069,PTY00179,31.81646,71.20832,wind,5.044,25.078,2026-09-08 09:19:52,2026-09-08 22:24:20.456822,False,
CERT000070,PTY00038,14.89149,89.11827,wind,7.823,32.921,2026-08-30 12:51:15,2026-09-01 21:03:44.646020,False,
CERT000071,PTY00157,36.48898,71.24913,solar,0.738,4.472,2026-08-03 12:33:00,2026-08-05 00:58:02.702035,False,
CERT000072,PTY00136,12.02599,86.58537,solar,5.471,31.179,2026-06-26 17:48:11,2026-06-26 20:12:13.456200,False,
CERT000073,PTY00105,34.28428,71.22473,wind,1.742,6.49,2026-09-02 01:49:05,2026-09-02 09:28:33.022607,False,
CERT000074,PTY00098,10.64498,82.33819,wind,4.546,12.714,2026-08-06 13:03:37,2026-08-07 00:35:29.330248,False,
CERT000075,PTY00089,33.44669,89.31706,solar,13.333,70.924,2026-08-13 15:14:20,2026-08-14 00:48:47.334019,False,
CERT000076,PTY00102,10.46029,96.61255,solar,4.551,38.98,2026-09-05 18:34:07,2026-09-06 16:38:01.826205,False,
CERT000077,PTY00048,33.72551,90.61639,wind,30.892,85.848,2026-06-27 20:28:25,2026-06-27 22:46:47.982973,False,
CERT000078,PTY00043,11.98811,77.89092,wind,255.439,54.404,2026-07-05 05:45:49,2026-07-06 06:54:12.284676,True,over_capacity
CERT000079,PTY00117,20.12905,95.04913,wind,15.811,59.954,2026-06-23 03:10:50,2026-06-23 04:25:25.512940,False,
CERT000080,PTY00117,20.12905,95.04913,wind,19.924,59.954,2026-08-17 14:27:34,2026-08-18 07:51:13.998987,False,
CERT000081,PTY00090,16.179,73.14575,wind,26.146,105.852,2026-09-01 10:06:30,2026-09-03 01:20:50.301623,False,
CERT000082,PTY00042,26.71001,73.05663,solar,9.839,66.611,2026-06-21 10:53:00,2026-06-21 20:14:08.781158,False,
CERT000083,PTY00026,16.40279,72.67542,solar,1.279,10.014,2026-08-23 18:09:23,2026-08-24 04:44:38.175128,True,circular_trading
CERT000084,PTY00019,9.84319,77.01849,wind,43.518,9.909,2026-06-27 06:09:24,2026-06-27 08:09:53.665245,True,over_capacity
CERT000085,PTY00108,16.28565,93.18937,solar,11.574,61.356,2026-06-26 12:47:36,2026-06-27 09:20:10.273540,False,
CERT000086,PTY00153,24.55257,78.32681,solar,14.095,101.148,2026-06-15 13:34:06,2026-06-16 13:19:36.064494,False,
CERT000087,PTY00024,17.11632,82.74855,wind,9.283,31.542,2026-08-31 18:03:25,2026-09-01 02:17:00.251020,False,
CERT000088,PTY00164,17.76152,71.89803,solar,5.404,41.026,2026-08-25 09:40:38,2026-08-25 11:06:58.497973,False,
CERT000089,PTY00050,8.14679,72.66343,wind,16.714,65.23,2026-07-12 11:57:02,2026-07-12 16:10:22.796742,False,
CERT000090,PTY00116,34.41689,91.85358,solar,7.965,44.256,2026-09-06 13:12:28,2026-09-07 12:37:54.310610,False,
CERT000091,PTY00144,18.74369,82.05117,solar,2.129,20.16,2026-09-11 12:15:11,2026-09-14 19:46:11.126397,False,
CERT000092,PTY00118,9.31134,68.76464,wind,26.889,107.913,2026-06-14 07:55:43,2026-06-14 13:30:49.714714,False,
CERT000093,PTY00032,35.34438,77.37289,solar,9.082,43.659,2026-08-31 13:33:13,2026-08-31 16:03:24.907016,False,
CERT000094,PTY00075,13.02554,72.53667,solar,3.317,17.86,2026-06-29 08:22:25,2026-06-30 02:43:44.992256,False,
CERT000095,PTY00101,31.83394,88.48102,wind,5.46,23.415,2026-08-07 11:46:48,2026-08-07 14:15:15.320125,False,
CERT000096,PTY00134,22.28592,77.5338,wind,15.082,62.622,2026-08-30 06:51:13,2026-08-30 08:32:28.455702,False,
CERT000097,PTY00020,29.15858,86.48917,solar,12.416,79.815,2026-07-22 12:53:32,2026-07-24 16:06:29.704300,False,
CERT000098,PTY00131,30.72594,79.49974,wind,12.59,38.866,2026-06-18 05:24:12,2026-06-18 14:33:57.322737,True,circular_trading
CERT000099,PTY00096,26.32328,81.00492,solar,3.931,20.278,2026-07-20 13:30:13,2026-07-22 07:16:12.212859,False,
CERT000100,PTY00130,19.37508,80.68677,solar,5.691,25.183,2026-07-15 11:01:10,2026-07-16 15:05:18.755868,False,
CERT000101,PTY00149,17.49742,71.4731,solar,2.267,14.168,2026-09-01 08:45:50,2026-09-01 12:40:42.612172,False,
CERT000102,PTY00101,31.83394,88.48102,wind,6.821,23.415,2026-07-18 19:28:51,2026-07-19 16:48:25.367997,False,
CERT000103,PTY00007,12.9452,69.8865,solar,5.909,36.517,2026-07-26 09:21:04,2026-07-26 09:34:22.664322,False,
CERT000104,PTY00138,13.57638,69.18519,solar,5.321,26.244,2026-07-12 12:55:38,2026-07-13 08:13:25.035445,False,
CERT000105,PTY00173,34.08766,79.13285,wind,3.433,9.354,2026-09-08 16:34:48,2026-09-09 08:27:34.810344,False,
CERT000106,PTY00034,22.42021,76.72547,solar,21.369,101.816,2026-08-13 12:40:28,2026-08-13 22:42:27.630891,False,
CERT000107,PTY00017,29.14121,90.36684,solar,8.289,52.757,2026-07-14 13:40:00,2026-07-15 22:45:50.775972,False,
CERT000108,PTY00021,28.6841,90.06277,wind,4.345,14.436,2026-06-29 22:33:07,2026-07-01 19:39:01.016660,False,
CERT000109,PTY00069,25.13416,68.88451,solar,1.422,7.919,2026-07-07 17:12:07,2026-07-07 18:58:26.483296,False,
CERT000110,PTY00139,10.57237,71.49844,solar,2.618,17.246,2026-06-16 15:18:06,2026-06-17 21:56:11.912744,False,
CERT000111,PTY00106,8.32926,81.59116,solar,6.464,116.283,2026-08-14 11:11:38,2026-08-19 20:13:59.845366,True,timestamp_collision
CERT000112,PTY00178,8.97244,84.5268,wind,300.0,45.744,2026-09-11 03:03:13,2026-09-11 04:29:20.381891,True,over_capacity
CERT000113,PTY00164,17.76152,71.89803,solar,7.642,41.026,2026-08-16 03:52:31,2026-08-17 16:26:51.397231,True,impossible_timing
CERT000114,PTY00168,24.65972,92.41303,wind,10.363,35.57,2026-07-20 08:24:39,2026-07-20 19:43:34.384324,False,
CERT000115,PTY00172,21.41771,76.73996,solar,14.301,70.675,2026-08-25 12:45:48,2026-08-26 09:31:18.533837,False,
CERT000116,PTY00175,17.71226,72.03889,solar,9.182,37.794,2026-08-20 11:07:45,2026-08-21 13:12:15.633739,False,
CERT000117,PTY00089,33.44669,89.31706,solar,219.697,70.924,2026-06-19 13:28:12,2026-06-19 17:04:19.329683,True,over_capacity
CERT000118,PTY00151,23.57609,85.01839,wind,4.537,16.458,2026-06-28 12:21:42,2026-06-29 16:45:11.929473,False,
CERT000119,PTY00030,31.72243,92.96119,solar,9.291,56.741,2026-06-25 15:46:07,2026-06-26 04:09:00.365344,False,
CERT000120,PTY00104,18.91153,70.42152,wind,5.204,22.603,2026-08-25 09:33:42,2026-08-25 17:00:35.582194,False,
CERT000121,PTY00112,9.31795,76.14793,wind,47.403,146.639,2026-07-03 19:35:21,2026-07-05 09:16:22.624049,False,
CERT000122,PTY00144,18.74369,82.05117,solar,4.606,20.16,2026-08-29 14:54:05,2026-08-31 08:45:21.964077,False,
CERT000123,PTY00037,15.0196,87.49193,solar,5.553,43.461,2026-07-14 11:16:54,2026-07-16 04:45:10.222424,False,
CERT000124,PTY00132,33.00855,95.5361,wind,1.824,5.832,2026-09-07 23:33:29,2026-09-09 08:15:07.350328,True,circular_trading
CERT000125,PTY00150,25.21418,87.69397,wind,9.704,19.619,2026-07-11 11:29:57,2026-07-12 12:05:50.475649,False,
CERT000126,PTY00113,25.98385,76.04405,wind,11.833,30.303,2026-08-03 17:51:48,2026-08-04 12:06:02.192193,False,
CERT000127,PTY00047,18.12708,89.05271,wind,3.915,10.464,2026-09-01 05:46:13,2026-09-02 09:16:29.855407,False,
CERT000128,PTY00107,24.91769,95.903,solar,114.009,91.552,2026-09-09 12:53:44,2026-09-10 12:49:13.151737,True,over_capacity
CERT000129,PTY00090,16.179,73.14575,wind,2.271,105.852,2026-07-12 09:22:57,2026-08-03 07:54:38.337321,True,timestamp_collision
CERT000130,PTY00036,34.33971,74.94729,solar,25.0,23.428,2026-09-10 10:23:43,2026-09-10 11:18:27.629108,True,over_capacity
CERT000131,PTY00106,8.32926,81.59116,solar,21.475,116.283,2026-06-27 10:35:55,2026-06-27 11:33:03.385767,False,
CERT000132,PTY00007,12.9452,69.8865,solar,4.527,36.517,2026-09-04 14:14:17,2026-09-05 16:36:24.973352,True,timestamp_collision
CERT000133,PTY00154,25.56747,74.87958,wind,4.674,11.615,2026-08-05 13:56:36,2026-08-08 21:31:29.484877,False,
CERT000134,PTY00147,20.97496,83.4459,solar,2.897,15.214,2026-08-15 10:56:06,2026-08-16 09:57:34.935918,True,timestamp_collision
CERT000135,PTY00177,17.03994,75.20619,wind,3.97,22.423,2026-07-25 05:45:05,2026-07-26 19:17:13.614295,False,
CERT000136,PTY00074,31.0604,75.85414,solar,8.585,64.265,2026-08-01 10:47:50,2026-08-02 07:50:57.728071,False,
CERT000137,PTY00138,13.57638,69.18519,solar,4.976,26.244,2026-06-15 12:31:06,2026-06-17 05:39:14.572837,False,
CERT000138,PTY00079,10.83719,82.25686,solar,4.615,27.387,2026-06-24 14:27:13,2026-06-24 19:54:38.499981,False,
CERT000139,PTY00153,24.55257,78.32681,solar,17.258,101.148,2026-09-03 09:41:51,2026-09-04 17:43:16.891462,False,
CERT000140,PTY00051,14.50381,88.6532,solar,16.964,76.668,2026-08-25 09:11:09,2026-08-25 11:09:39.419335,False,
CERT000141,PTY00137,21.74489,87.35917,solar,10.195,60.213,2026-08-07 12:41:59,2026-08-08 12:30:27.496484,False,
CERT000142,PTY00114,21.44725,78.24721,solar,11.549,72.316,2026-08-27 11:37:32,2026-08-28 05:51:26.004957,False,
CERT000143,PTY00101,31.83394,88.48102,wind,7.971,23.415,2026-08-03 05:45:53,2026-08-04 20:38:43.121924,True,circular_trading
CERT000144,PTY00109,36.79598,70.1401,solar,6.326,35.013,2026-06-15 15:03:27,2026-06-17 09:47:12.020934,False,
CERT000145,PTY00162,11.33027,85.70798,solar,2.381,14.855,2026-08-24 18:04:34,2026-08-24 22:13:36.231579,False,
CERT000146,PTY00172,21.41771,76.73996,solar,12.8,70.675,2026-06-15 13:08:20,2026-06-15 19:00:29.219512,False,
CERT000147,PTY00156,13.02783,94.0062,solar,3.161,20.07,2026-06-29 15:32:20,2026-06-30 02:26:15.096770,False,
CERT000148,PTY00023,11.12885,68.91145,solar,3.313,24.073,2026-07-18 14:10:29,2026-07-21 19:32:22.453995,False,
CERT000149,PTY00168,24.65972,92.41303,wind,9.621,35.57,2026-09-11 14:38:05,2026-09-13 05:21:25.571673,False,
CERT000150,PTY00004,20.52641,76.44565,solar,4.84,21.755,2026-06-26 14:46:37,2026-06-26 23:42:52.188683,False,
CERT000151,PTY00137,21.74489,87.35917,solar,11.416,60.213,2026-07-03 22:32:05,2026-07-04 07:45:08.663654,True,impossible_timing
CERT000152,PTY00100,12.14676,90.08381,solar,23.181,136.503,2026-08-08 10:34:18,2026-08-11 13:50:38.435545,False,
CERT000153,PTY00154,25.56747,74.87958,wind,3.404,11.615,2026-06-17 21:47:56,2026-06-18 04:42:40.601690,False,
CERT000154,PTY00071,14.25881,86.06382,solar,23.072,115.388,2026-07-18 17:56:59,2026-07-19 14:06:42.349831,False,
CERT000155,PTY00030,31.72243,92.96119,solar,11.716,56.741,2026-09-07 11:32:55,2026-09-07 18:13:31.158995,False,
CERT000156,PTY00008,36.00333,91.44352,wind,5.43,21.926,2026-06-25 13:21:40,2026-06-29 07:36:35.778414,False,
CERT000157,PTY00012,36.11795,90.47885,solar,11.32,79.328,2026-07-21 10:19:36,2026-07-22 04:36:05.298543,True,circular_trading
CERT000158,PTY00079,10.83719,82.25686,solar,12.736,27.387,2026-07-03 13:38:46,2026-09-10 06:24:04.119848,True,timestamp_collision
CERT000159,PTY00093,34.17403,82.65232,wind,8.714,23.895,2026-08-27 20:50:37,2026-08-28 14:45:30.721407,False,
CERT000160,PTY00150,25.21418,87.69397,wind,4.087,19.619,2026-07-03 02:21:43,2026-07-05 14:29:24.529449,False,
CERT000161,PTY00006,13.79054,82.9128,wind,7.154,18.285,2026-06-23 17:16:11,2026-06-24 11:48:00.590251,False,
CERT000162,PTY00109,36.79598,70.1401,solar,4.835,35.013,2026-07-30 08:39:13,2026-07-31 03:31:32.972210,False,
CERT000163,PTY00046,10.69998,94.01926,solar,8.974,50.459,2026-09-07 13:32:25,2026-09-08 01:58:11.670411,False,
CERT000164,PTY00009,20.76442,71.53911,solar,8.009,41.797,2026-06-30 09:48:40,2026-07-01 19:54:31.704138,False,
CERT000165,PTY00011,23.08197,83.8546,solar,1.783,12.036,2026-09-07 14:44:00,2026-09-08 00:36:54.270209,False,
CERT000166,PTY00161,20.33766,82.7207,wind,7.5,21.081,2026-06-29 06:27:57,2026-06-30 08:01:29.739226,False,
CERT000167,PTY00161,20.33766,82.7207,wind,7.105,21.081,2026-08-01 17:36:18,2026-08-02 11:44:51.832078,False,
CERT000168,PTY00041,8.48105,82.8507,solar,19.333,129.708,2026-06-19 14:28:40,2026-06-20 11:16:20.604341,False,
CERT000169,PTY00121,33.07695,91.57413,solar,3.709,30.359,2026-08-29 13:52:01,2026-08-30 04:58:01.327464,False,
CERT000170,PTY00055,26.30302,91.04953,wind,23.238,66.883,2026-07-22 04:20:48,2026-07-22 09:12:53.647971,False,
CERT000171,PTY00173,34.08766,79.13285,wind,2.988,9.354,2026-08-18 20:37:57,2026-08-19 14:28:42.226186,False,
CERT000172,PTY00041,8.48105,82.8507,solar,32.71,129.708,2026-08-04 22:39:10,2026-08-05 01:06:27.958949,True,impossible_timing
CERT000173,PTY00167,13.25576,69.92839,solar,4.701,37.932,2026-07-27 13:36:55,2026-07-28 18:19:01.708232,False,
CERT000174,PTY00163,21.95306,83.44509,solar,3.058,13.312,2026-08-12 07:30:26,2026-08-12 18:02:50.284264,True,timestamp_collision
CERT000175,PTY00116,34.41689,91.85358,solar,7.132,44.256,2026-07-21 10:48:44,2026-07-24 10:20:28.629940,False,
CERT000176,PTY00154,25.56747,74.87958,wind,3.843,11.615,2026-09-08 21:42:26,2026-09-09 01:11:41.581317,False,
CERT000177,PTY00122,36.90247,84.10752,wind,11.972,31.678,2026-09-01 09:59:36,2026-09-01 22:50:33.572719,False,
CERT000178,PTY00059,36.03299,95.94498,wind,9.148,29.985,2026-06-17 19:16:44,2026-06-20 17:54:39.739347,False,
CERT000179,PTY00109,36.79598,70.1401,solar,4.748,35.013,2026-07-05 13:58:22,2026-07-06 01:35:05.699071,False,
CERT000180,PTY00174,34.28769,86.1029,solar,4.989,33.543,2026-07-13 22:03:50,2026-07-13 17:40:34.170339,True,impossible_timing
CERT000181,PTY00099,33.74342,78.17654,solar,300.0,6.221,2026-06-24 13:39:21,2026-06-25 06:30:22.664667,True,over_capacity
CERT000182,PTY00145,29.67666,69.06381,wind,4.976,20.061,2026-07-10 21:18:26,2026-07-12 21:20:43.089253,False,
CERT000183,PTY00139,10.57237,71.49844,solar,2.477,17.246,2026-07-24 12:40:45,2026-07-24 13:22:49.971819,False,
CERT000184,PTY00052,17.43659,89.64825,solar,21.351,95.592,2026-06-26 14:54:57,2026-06-27 04:26:18.300021,False,
CERT000185,PTY00179,31.81646,71.20832,wind,8.69,25.078,2026-06-23 17:27:50,2026-06-24 11:53:45.001997,True,timestamp_collision
CERT000186,PTY00072,9.49877,83.40928,solar,5.178,36.702,2026-06-27 15:31:07,2026-06-27 16:48:30.516786,False,
CERT000187,PTY00031,14.44113,71.4761,solar,0.88,3.958,2026-07-07 06:49:31,2026-07-09 11:47:57.926565,False,
CERT000188,PTY00169,12.74602,72.76371,solar,89.226,20.581,2026-08-17 14:06:29,2026-08-17 14:23:47.148541,True,over_capacity
CERT000189,PTY00136,12.02599,86.58537,solar,4.069,31.179,2026-07-04 14:08:00,2026-07-06 03:32:21.072577,False,
CERT000190,PTY00128,29.89898,85.98898,solar,7.683,37.821,2026-07-12 17:12:44,2026-07-13 17:08:33.551903,False,
CERT000191,PTY00124,14.63064,87.47932,wind,3.242,9.214,2026-07-10 01:01:25,2026-07-10 11:20:10.067048,False,
CERT000192,PTY00120,32.31153,81.5921,wind,3.305,13.765,2026-08-06 21:28:38,2026-08-07 10:25:09.047791,False,
CERT000193,PTY00053,24.48095,70.71657,wind,11.642,46.506,2026-08-05 21:30:16,2026-08-06 22:56:55.922339,False,
CERT000194,PTY00148,15.80805,78.94124,solar,5.764,35.29,2026-07-12 12:13:49,2026-07-13 13:15:44.046011,False,
CERT000195,PTY00059,36.03299,95.94498,wind,6.476,29.985,2026-07-04 17:11:54,2026-07-04 20:39:09.609880,False,
CERT000196,PTY00093,34.17403,82.65232,wind,9.164,23.895,2026-09-07 21:37:16,2026-09-07 22:54:57.337935,False,
CERT000197,PTY00065,34.48398,82.82893,wind,12.752,42.248,2026-08-31 08:26:33,2026-08-31 15:57:39.783261,False,
CERT000198,PTY00112,9.31795,76.14793,wind,26.192,146.639,2026-06-19 18:36:16,2026-06-20 17:50:12.182416,False,
CERT000199,PTY00138,13.57638,69.18519,solar,3.656,26.244,2026-08-30 13:36:32,2026-08-30 20:08:08.402531,False,
CERT000200,PTY00084,19.25693,86.65536,solar,6.043,34.769,2026-07-03 12:11:36,2026-07-03 13:10:51.767121,False,
CERT000201,PTY00047,18.12708,89.05271,wind,2.79,10.464,2026-09-02 13:34:43,2026-09-02 13:38:10.749553,False,
CERT000202,PTY00130,19.37508,80.68677,solar,6.881,25.183,2026-08-23 11:55:21,2026-08-23 16:46:58.119382,False,
CERT000203,PTY00007,12.9452,69.8865,solar,6.157,36.517,2026-08-31 14:02:27,2026-09-03 15:29:40.231335,False,
CERT000204,PTY00021,28.6841,90.06277,wind,3.674,14.436,2026-08-17 02:12:56,2026-08-18 12:52:57.579250,False,
CERT000205,PTY00013,34.73435,70.56628,wind,8.468,39.445,2026-08-08 23:01:21,2026-08-09 23:44:14.921999,False,
CERT000206,PTY00029,11.19151,74.61012,wind,5.961,25.857,2026-08-01 03:57:59,2026-08-01 14:06:16.706408,False,
CERT000207,PTY00092,32.89397,80.44083,wind,3.421,12.473,2026-06-16 21:52:41,2026-06-18 03:17:07.214045,False,
CERT000208,PTY00153,24.55257,78.32681,solar,14.976,101.148,2026-07-04 07:11:15,2026-07-04 23:58:42.158107,False,
CERT000209,PTY00160,24.57677,76.11939,solar,2.328,21.627,2026-06-23 12:32:22,2026-06-24 18:51:22.397081,False,
CERT000210,PTY00157,36.48898,71.24913,solar,0.683,4.472,2026-08-20 16:22:43,2026-08-20 17:34:13.112084,False,
CERT000211,PTY00028,33.88421,83.64093,solar,15.103,83.642,2026-07-04 13:16:58,2026-07-05 15:08:53.261037,False,
CERT000212,PTY00083,24.98749,95.26668,wind,10.468,28.164,2026-08-29 20:07:39,2026-08-31 19:30:23.320370,False,
CERT000213,PTY00102,10.46029,96.61255,solar,6.947,38.98,2026-08-16 01:40:45,2026-08-16 15:57:48.984898,True,impossible_timing
CERT000214,PTY00163,21.95306,83.44509,solar,3.603,13.312,2026-08-12 07:30:26,2026-07-06 11:17:50.893892,True,timestamp_collision
CERT000215,PTY00046,10.69998,94.01926,solar,7.129,50.459,2026-08-04 08:42:43,2026-08-05 21:49:30.235340,False,
CERT000216,PTY00070,31.85542,78.44553,solar,7.871,44.073,2026-09-02 13:03:34,2026-09-03 02:51:07.028105,False,
CERT000217,PTY00101,31.83394,88.48102,wind,6.872,23.415,2026-08-03 18:22:54,2026-08-03 23:11:47.555752,False,
CERT000218,PTY00043,11.98811,77.89092,wind,16.097,54.404,2026-07-27 01:33:54,2026-07-27 11:32:33.849766,False,
CERT000219,PTY00171,31.68138,80.73491,solar,3.645,26.678,2026-07-14 13:21:28,2026-07-15 03:10:35.748052,False,
CERT000220,PTY00066,31.15056,86.84895,solar,6.793,40.681,2026-07-27 14:47:26,2026-07-27 20:38:46.870346,False,
CERT000221,PTY00009,20.76442,71.53911,solar,5.625,41.797,2026-08-29 02:06:48,2026-08-30 14:17:41.337521,True,impossible_timing
CERT000222,PTY00173,34.08766,79.13285,wind,2.375,9.354,2026-08-20 19:52:26,2026-08-21 06:37:02.691126,False,
CERT000223,PTY00145,29.67666,69.06381,wind,5.198,20.061,2026-08-29 23:44:40,2026-09-01 11:50:36.984103,False,
CERT000224,PTY00026,16.40279,72.67542,solar,2.22,10.014,2026-06-28 08:44:59,2026-06-28 19:59:44.558210,True,timestamp_collision
CERT000225,PTY00116,34.41689,91.85358,solar,6.454,44.256,2026-08-24 10:47:38,2026-08-24 11:27:39.914977,False,
CERT000226,PTY00129,8.4218,78.16704,wind,6.269,23.408,2026-08-06 23:26:39,2026-08-07 00:25:13.570902,False,
CERT000227,PTY00034,22.42021,76.72547,solar,14.43,101.816,2026-06-25 15:22:52,2026-06-25 22:01:11.960940,False,
CERT000228,PTY00057,8.70516,86.7187,solar,2.138,15.327,2026-07-20 12:56:09,2026-07-20 17:24:45.775955,False,
CERT000229,PTY00086,13.67794,70.01148,wind,10.294,35.05,2026-07-08 11:37:50,2026-07-09 09:23:12.492329,False,
CERT000230,PTY00101,31.83394,88.48102,wind,9.018,23.415,2026-07-09 18:13:56,2026-07-10 03:30:10.177278,False,
CERT000231,PTY00016,12.0868,91.26371,solar,4.031,21.531,2026-09-04 16:30:41,2026-09-05 17:13:19.528882,False,
CERT000232,PTY00010,8.99727,94.37029,solar,2.811,19.917,2026-07-30 13:46:24,2026-07-30 16:33:26.017061,False,
CERT000233,PTY00081,9.31382,78.86377,solar,14.333,113.801,2026-06-20 14:23:01,2026-06-21 14:16:40.389406,True,circular_trading
CERT000234,PTY00167,13.25576,69.92839,solar,6.628,37.932,2026-06-27 11:40:28,2026-06-27 14:44:29.189564,False,
CERT000235,PTY00049,8.26671,70.94267,wind,10.744,39.687,2026-07-08 14:44:54,2026-07-09 06:41:16.202174,False,
CERT000236,PTY00146,28.68714,93.961,solar,0.868,5.733,2026-09-10 06:42:51,2026-09-10 09:22:14.493998,False,
CERT000237,PTY00059,36.03299,95.94498,wind,9.8,29.985,2026-07-28 05:56:32,2026-07-31 02:11:18.841021,True,timestamp_collision
CERT000238,PTY00013,34.73435,70.56628,wind,11.683,39.445,2026-06-17 02:18:11,2026-06-17 07:26:43.900475,True,circular_trading
CERT000239,PTY00002,25.43234,88.5341,wind,14.008,42.739,2026-06-25 18:56:36,2026-06-25 20:24:50.148222,False,
CERT000240,PTY00179,31.81646,71.20832,wind,7.596,25.078,2026-09-10 15:07:59,2026-09-10 19:16:17.163382,False,
CERT000241,PTY00134,22.28592,77.5338,wind,16.668,62.622,2026-08-12 13:04:53,2026-08-12 18:45:31.263716,False,
CERT000242,PTY00123,11.74562,95.66748,wind,7.687,25.78,2026-09-06 14:38:03,2026-09-09 23:02:13.034741,False,
CERT000243,PTY00128,29.89898,85.98898,solar,5.09,37.821,2026-07-06 11:17:09,2026-07-08 12:31:29.087658,False,
CERT000244,PTY00058,35.2733,95.66393,solar,8.421,72.367,2026-09-01 12:40:04,2026-09-01 16:52:39.498613,False,
CERT000245,PTY00131,30.72594,79.49974,wind,11.819,38.866,2026-08-24 02:15:01,2026-08-24 09:01:43.352654,False,
CERT000246,PTY00157,36.48898,71.24913,solar,0.525,4.472,2026-06-20 12:19:43,2026-06-21 00:34:45.178671,False,
CERT000247,PTY00134,22.28592,77.5338,wind,26.455,62.622,2026-08-20 09:08:32,2026-08-21 07:26:25.702524,False,
CERT000248,PTY00065,34.48398,82.82893,wind,16.04,42.248,2026-09-01 09:52:14,2026-09-01 14:39:47.723781,False,
CERT000249,PTY00113,25.98385,76.04405,wind,9.79,30.303,2026-08-08 06:48:08,2026-08-08 18:46:05.554881,False,
CERT000250,PTY00032,35.34438,77.37289,solar,5.268,43.659,2026-08-23 11:37:16,2026-08-24 01:24:20.965128,False,
CERT000251,PTY00153,24.55257,78.32681,solar,10.911,101.148,2026-08-03 11:08:26,2026-08-03 11:19:20.868772,False,
CERT000252,PTY00168,24.65972,92.41303,wind,14.287,35.57,2026-07-15 20:22:46,2026-07-16 23:13:22.579022,False,
CERT000253,PTY00176,25.98211,83.47037,wind,17.797,52.203,2026-06-21 10:49:02,2026-06-21 15:40:02.745910,True,circular_trading
CERT000254,PTY00082,22.59095,92.83821,wind,33.267,95.451,2026-07-01 18:35:58,2026-07-02 01:15:41.529828,False,
CERT000255,PTY00091,30.51598,77.8833,wind,1.453,7.924,2026-07-27 18:45:41,2026-07-28 05:54:57.916109,False,
CERT000256,PTY00097,29.81886,90.95579,solar,21.833,86.829,2026-06-23 15:08:17,2026-06-24 22:06:13.289101,False,
CERT000257,PTY00168,24.65972,92.41303,wind,8.406,35.57,2026-08-03 10:36:14,2026-08-03 11:55:36.553983,False,
CERT000258,PTY00004,20.52641,76.44565,solar,2.236,21.755,2026-07-20 10:23:03,2026-07-20 15:05:57.682956,False,
CERT000259,PTY00157,36.48898,71.24913,solar,0.708,4.472,2026-09-05 12:09:27,2026-09-06 09:59:00.402993,False,
CERT000260,PTY00069,25.13416,68.88451,solar,1.559,7.919,2026-09-11 12:41:22,2026-09-11 18:34:25.337292,False,
CERT000261,PTY00133,15.48909,81.31494,solar,5.431,32.728,2026-08-13 13:41:48,2026-08-14 03:47:10.520816,False,
CERT000262,PTY00150,25.21418,87.69397,wind,5.757,19.619,2026-07-27 04:41:22,2026-07-28 17:04:52.733174,False,
CERT000263,PTY00029,11.19151,74.61012,wind,7.34,25.857,2026-08-01 22:12:31,2026-08-02 21:53:19.392667,False,
CERT000264,PTY00134,22.28592,77.5338,wind,25.318,62.622,2026-07-02 21:53:32,2026-07-03 06:21:41.924909,False,
CERT000265,PTY00115,31.60006,87.8572,solar,1.361,7.169,2026-08-22 18:13:38,2026-08-22 19:24:59.531321,False,
CERT000266,PTY00072,9.49877,83.40928,solar,5.702,36.702,2026-06-15 10:08:46,2026-06-16 14:11:01.029741,False,
CERT000267,PTY00157,36.48898,71.24913,solar,0.748,4.472,2026-07-28 15:33:28,2026-07-29 06:45:54.253253,False,
CERT000268,PTY00128,29.89898,85.98898,solar,6.097,37.821,2026-06-15 13:16:06,2026-06-15 15:41:43.986233,False,
CERT000269,PTY00062,24.53177,70.81812,wind,4.671,21.969,2026-07-02 02:14:28,2026-07-02 22:02:28.609917,False,
CERT000270,PTY00120,32.31153,81.5921,wind,5.296,13.765,2026-07-06 21:15:40,2026-07-07 10:32:11.598472,False,
CERT000271,PTY00169,12.74602,72.76371,solar,3.291,20.581,2026-06-24 10:29:56,2026-06-25 19:02:40.485242,False,
CERT000272,PTY00036,34.33971,74.94729,solar,6.511,23.428,2026-06-27 14:51:56,2026-06-30 22:53:26.398183,False,
CERT000273,PTY00123,11.74562,95.66748,wind,6.886,25.78,2026-09-08 02:18:02,2026-09-08 10:55:56.052241,False,
CERT000274,PTY00116,34.41689,91.85358,solar,5.817,44.256,2026-09-07 13:29:42,2026-09-09 01:05:44.499189,False,
CERT000275,PTY00048,33.72551,90.61639,wind,16.547,85.848,2026-09-06 07:08:57,2026-09-06 23:01:55.417482,False,
CERT000276,PTY00099,33.74342,78.17654,solar,0.705,6.221,2026-07-13 09:43:28,2026-07-13 19:29:59.505839,False,
CERT000277,PTY00144,18.74369,82.05117,solar,3.976,20.16,2026-07-05 16:35:41,2026-07-06 09:53:16.774535,False,
CERT000278,PTY00054,15.69087,75.0757,solar,13.127,70.276,2026-08-08 09:39:58,2026-08-08 13:45:59.776098,False,
CERT000279,PTY00139,10.57237,71.49844,solar,2.626,17.246,2026-08-26 13:11:50,2026-08-27 23:41:51.615761,False,
CERT000280,PTY00166,21.67571,79.94339,solar,12.312,60.837,2026-07-06 14:00:29,2026-07-06 20:17:20.044629,False,
CERT000281,PTY00022,30.35805,82.32007,solar,5.011,31.167,2026-09-06 14:31:22,2026-09-10 00:22:35.345098,False,
CERT000282,PTY00136,12.02599,86.58537,solar,146.609,31.179,2026-09-09 14:21:05,2026-09-10 01:04:56.991329,True,over_capacity
CERT000283,PTY00110,36.10977,83.16984,solar,10.203,72.734,2026-06-24 14:39:12,2026-06-26 01:33:37.009484,False,
CERT000284,PTY00176,25.98211,83.47037,wind,11.106,52.203,2026-06-29 11:42:30,2026-06-30 20:01:56.449529,False,
CERT000285,PTY00144,18.74369,82.05117,solar,4.356,20.16,2026-08-05 12:48:34,2026-08-05 13:15:47.044476,False,
CERT000286,PTY00048,33.72551,90.61639,wind,29.061,85.848,2026-08-14 21:37:30,2026-08-16 02:32:00.383736,False,
CERT000287,PTY00099,33.74342,78.17654,solar,0.691,6.221,2026-06-19 08:18:24,2026-06-19 09:44:37.108425,False,
CERT000288,PTY00153,24.55257,78.32681,solar,14.31,101.148,2026-08-22 22:18:22,2026-08-24 19:58:42.748296,True,impossible_timing
CERT000289,PTY00051,14.50381,88.6532,solar,10.864,76.668,2026-08-03 15:41:19,2026-08-05 23:56:02.768459,False,
CERT000290,PTY00075,13.02554,72.53667,solar,2.949,17.86,2026-08-27 11:04:22,2026-08-28 10:33:12.778634,False,
CERT000291,PTY00064,18.42524,76.51416,wind,14.453,34.504,2026-07-01 00:14:39,2026-07-02 00:40:09.123395,False,
CERT000292,PTY00148,15.80805,78.94124,solar,3.696,35.29,2026-07-12 07:19:29,2026-07-14 07:31:51.713742,False,
CERT000293,PTY00026,16.40279,72.67542,solar,1.419,10.014,2026-07-07 13:43:39,2026-07-08 07:45:34.634390,False,
CERT000294,PTY00084,19.25693,86.65536,solar,5.964,34.769,2026-06-24 13:06:15,2026-06-26 04:51:33.088175,False,
CERT000295,PTY00073,36.29971,82.97271,solar,16.295,98.568,2026-06-14 10:19:36,2026-06-16 07:51:30.099082,False,
CERT000296,PTY00110,36.10977,83.16984,solar,12.46,72.734,2026-08-12 13:29:28,2026-08-12 15:16:11.991017,False,
CERT000297,PTY00138,13.57638,69.18519,solar,3.975,26.244,2026-09-05 08:14:36,2026-09-05 23:20:19.438575,False,
CERT000298,PTY00056,24.73021,82.28301,solar,3.239,27.339,2026-08-31 10:12:31,2026-09-03 12:17:13.465416,False,
CERT000299,PTY00088,31.61959,76.17379,solar,8.928,39.098,2026-08-29 13:22:21,2026-08-30 02:37:34.801215,False,
CERT000300,PTY00010,8.99727,94.37029,solar,3.141,19.917,2026-07-28 13:47:59,2026-07-29 03:10:54.711898,False,
CERT000301,PTY00106,8.32926,81.59116,solar,27.879,116.283,2026-08-17 11:33:08,2026-08-17 15:47:04.475422,False,
CERT000302,PTY00106,8.32926,81.59116,solar,18.894,116.283,2026-08-14 15:16:31,2026-08-16 11:20:00.846439,False,
CERT000303,PTY00076,23.92757,88.72328,solar,16.735,125.091,2026-07-30 08:18:59,2026-07-30 17:17:09.769985,False,
CERT000304,PTY00089,33.44669,89.31706,solar,13.825,70.924,2026-07-27 12:12:56,2026-07-28 02:36:04.145115,False,
CERT000305,PTY00077,25.7399,80.1684,wind,14.277,44.783,2026-07-14 05:37:55,2026-07-14 09:43:47.724052,False,
CERT000306,PTY00150,25.21418,87.69397,wind,4.463,19.619,2026-07-19 05:07:54,2026-07-19 22:04:11.210434,True,circular_trading
CERT000307,PTY00076,23.92757,88.72328,solar,25.029,125.091,2026-07-23 11:30:28,2026-07-24 19:17:35.764208,False,
CERT000308,PTY00084,19.25693,86.65536,solar,8.02,34.769,2026-08-20 13:19:51,2026-08-21 17:04:40.774727,False,
CERT000309,PTY00058,35.2733,95.66393,solar,12.846,72.367,2026-08-21 11:26:44,2026-08-23 21:19:58.128149,False,
CERT000310,PTY00156,13.02783,94.0062,solar,2.266,20.07,2026-07-05 12:17:16,2026-07-06 12:38:28.757411,False,
CERT000311,PTY00171,31.68138,80.73491,solar,4.778,26.678,2026-09-09 10:20:47,2026-09-09 18:40:09.023000,False,
CERT000312,PTY00161,20.33766,82.7207,wind,7.931,21.081,2026-06-27 08:53:46,2026-06-27 12:23:57.717568,False,
CERT000313,PTY00136,12.02599,86.58537,solar,150.0,31.179,2026-08-17 11:11:00,2026-08-18 06:03:18.244395,True,over_capacity
CERT000314,PTY00085,19.19698,95.87453,solar,10.61,57.368,2026-06-28 12:37:36,2026-06-29 16:18:24.073207,False,
CERT000315,PTY00088,31.61959,76.17379,solar,5.837,39.098,2026-09-09 11:50:01,2026-09-10 09:52:41.021282,False,
CERT000316,PTY00028,33.88421,83.64093,solar,14.186,83.642,2026-06-27 10:42:35,2026-06-30 04:50:31.890921,False,
CERT000317,PTY00083,24.98749,95.26668,wind,9.488,28.164,2026-08-14 02:45:39,2026-08-14 10:16:26.417201,False,
CERT000318,PTY00114,21.44725,78.24721,solar,14.24,72.316,2026-06-20 12:43:26,2026-06-20 14:39:43.378637,False,
CERT000319,PTY00025,29.91098,74.63515,wind,7.044,21.595,2026-06-21 02:57:23,2026-06-21 15:41:24.803320,False,
CERT000320,PTY00067,17.80186,78.89191,wind,8.018,39.878,2026-08-16 02:57:26,2026-08-16 04:06:05.215079,False,
CERT000321,PTY00084,19.25693,86.65536,solar,4.308,34.769,2026-07-05 09:47:00,2026-07-05 21:22:54.395168,False,
CERT000322,PTY00116,34.41689,91.85358,solar,4.844,44.256,2026-09-01 14:32:51,2026-09-01 21:20:22.243532,False,
CERT000323,PTY00021,28.6841,90.06277,wind,3.438,14.436,2026-07-21 04:05:48,2026-07-21 05:01:21.953049,False,
CERT000324,PTY00040,17.30262,73.40904,wind,28.711,100.873,2026-08-07 19:48:07,2026-08-09 06:50:21.791105,False,
CERT000325,PTY00056,24.73021,82.28301,solar,300.0,27.339,2026-09-03 08:58:47,2026-09-04 15:34:58.887557,True,over_capacity
CERT000326,PTY00167,13.25576,69.92839,solar,5.582,37.932,2026-08-27 13:58:07,2026-08-27 20:59:53.921845,False,
CERT000327,PTY00052,17.43659,89.64825,solar,14.336,95.592,2026-09-09 08:36:46,2026-09-10 01:41:58.602916,True,circular_trading
CERT000328,PTY00022,30.35805,82.32007,solar,3.951,31.167,2026-07-31 13:44:15,2026-07-31 22:44:36.225951,False,
CERT000329,PTY00081,9.31382,78.86377,solar,19.386,113.801,2026-08-10 01:13:46,2026-08-10 15:14:11.672693,True,impossible_timing
CERT000330,PTY00163,21.95306,83.44509,solar,3.489,13.312,2026-09-10 14:04:21,2026-09-10 15:39:56.404428,False,
CERT000331,PTY00134,22.28592,77.5338,wind,16.868,62.622,2026-08-28 17:17:03,2026-08-29 09:48:12.662667,False,
CERT000332,PTY00019,9.84319,77.01849,wind,4.376,9.909,2026-07-04 14:43:34,2026-07-04 16:19:27.713330,True,timestamp_collision
CERT000333,PTY00104,18.91153,70.42152,wind,300.0,22.603,2026-08-14 16:06:42,2026-08-17 09:39:11.261091,True,over_capacity
CERT000334,PTY00165,27.76358,90.04661,solar,3.426,20.459,2026-09-05 09:58:15,2026-09-06 21:05:42.245404,False,
CERT000335,PTY00031,14.44113,71.4761,solar,0.579,3.958,2026-09-03 02:07:23,2026-09-06 08:23:22.485455,True,impossible_timing
CERT000336,PTY00108,16.28565,93.18937,solar,13.972,61.356,2026-06-21 15:34:29,2026-06-22 19:29:36.117343,False,
CERT000337,PTY00171,31.68138,80.73491,solar,4.634,26.678,2026-06-23 17:22:04,2026-06-23 17:31:46.606249,False,
CERT000338,PTY00015,18.34585,76.1471,solar,8.546,61.495,2026-07-30 07:19:05,2026-07-30 15:11:06.597472,False,
CERT000339,PTY00035,22.57769,69.49288,solar,5.971,35.941,2026-06-18 10:19:21,2026-06-19 16:54:25.708499,False,
CERT000340,PTY00113,25.98385,76.04405,wind,9.081,30.303,2026-08-15 08:22:09,2026-08-16 03:51:58.646584,False,
CERT000341,PTY00156,13.02783,94.0062,solar,4.011,20.07,2026-08-31 08:09:13,2026-09-01 09:55:03.207921,True,timestamp_collision
CERT000342,PTY00099,33.74342,78.17654,solar,1.134,6.221,2026-07-19 11:33:09,2026-07-19 16:52:44.673302,False,
CERT000343,PTY00054,15.69087,75.0757,solar,11.969,70.276,2026-08-23 12:34:52,2026-08-24 14:51:13.287578,False,
CERT000344,PTY00042,26.71001,73.05663,solar,7.349,66.611,2026-07-21 15:12:03,2026-07-24 16:02:27.838464,False,
CERT000345,PTY00007,12.9452,69.8865,solar,6.351,36.517,2026-08-31 08:59:11,2026-08-31 19:33:21.086548,False,
CERT000346,PTY00008,36.00333,91.44352,wind,6.027,21.926,2026-06-20 15:35:27,2026-06-20 16:37:42.510235,False,
CERT000347,PTY00071,14.25881,86.06382,solar,26.391,115.388,2026-09-07 10:59:36,2026-09-08 12:59:52.123501,False,
CERT000348,PTY00021,28.6841,90.06277,wind,4.481,14.436,2026-07-01 22:51:28,2026-07-02 02:05:25.816647,False,
CERT000349,PTY00100,12.14676,90.08381,solar,19.502,136.503,2026-07-21 15:42:53,2026-07-21 21:43:55.846908,False,
CERT000350,PTY00147,20.97496,83.4459,solar,2.87,15.214,2026-07-15 14:51:46,2026-07-16 22:07:31.320074,False,
CERT000351,PTY00087,17.25029,92.50138,solar,3.459,22.44,2026-07-07 16:28:43,2026-07-07 18:10:22.772500,False,
CERT000352,PTY00032,35.34438,77.37289,solar,4.661,43.659,2026-07-18 08:59:23,2026-07-19 01:36:09.430400,False,
CERT000353,PTY00004,20.52641,76.44565,solar,4.664,21.755,2026-07-19 13:46:49,2026-07-19 19:37:47.009214,False,
CERT000354,PTY00106,8.32926,81.59116,solar,31.21,116.283,2026-07-02 13:18:25,2026-07-02 20:05:44.712819,False,
CERT000355,PTY00010,8.99727,94.37029,solar,25.604,19.917,2026-07-11 11:39:32,2026-07-12 07:17:35.126772,True,over_capacity
CERT000356,PTY00022,30.35805,82.32007,solar,6.027,31.167,2026-09-01 10:15:33,2026-09-01 14:18:45.245189,False,
CERT000357,PTY00010,8.99727,94.37029,solar,2.25,19.917,2026-09-04 11:33:47,2026-09-04 12:07:40.817873,True,circular_trading
CERT000358,PTY00155,12.65976,73.41044,solar,4.659,22.954,2026-07-16 11:14:11,2026-07-17 05:10:01.115848,False,
CERT000359,PTY00101,31.83394,88.48102,wind,7.771,23.415,2026-07-19 13:33:57,2026-07-20 00:00:11.684984,False,
CERT000360,PTY00080,13.02285,80.5817,solar,22.259,148.058,2026-06-14 15:55:24,2026-06-14 23:17:00.370728,False,
CERT000361,PTY00109,36.79598,70.1401,solar,4.68,35.013,2026-08-18 14:39:50,2026-08-19 08:39:55.497561,False,
CERT000362,PTY00142,33.33378,94.7053,solar,4.865,34.251,2026-08-31 15:45:31,2026-09-02 01:20:17.041627,False,
CERT000363,PTY00027,33.27236,91.30649,wind,12.324,49.46,2026-08-06 07:58:13,2026-08-06 10:29:11.400984,False,
CERT000364,PTY00168,24.65972,92.41303,wind,12.157,35.57,2026-06-23 19:34:04,2026-06-24 10:01:03.736474,False,
CERT000365,PTY00089,33.44669,89.31706,solar,12.152,70.924,2026-08-07 09:31:10,2026-08-08 20:55:33.613923,False,
CERT000366,PTY00020,29.15858,86.48917,solar,16.33,79.815,2026-07-21 22:00:57,2026-07-22 00:57:31.387510,True,impossible_timing
CERT000367,PTY00112,9.31795,76.14793,wind,52.102,146.639,2026-08-31 02:59:34,2026-09-01 00:57:43.375914,False,
CERT000368,PTY00019,9.84319,77.01849,wind,2.203,9.909,2026-07-08 12:42:12,2026-07-09 11:06:07.923945,False,
CERT000369,PTY00043,11.98811,77.89092,wind,250.0,54.404,2026-08-25 19:07:41,2026-08-26 09:57:23.311645,True,over_capacity
CERT000370,PTY00156,13.02783,94.0062,solar,20.345,20.07,2026-08-31 08:09:13,2026-06-16 17:11:01.089243,True,timestamp_collision
CERT000371,PTY00116,34.41689,91.85358,solar,6.503,44.256,2026-08-15 12:41:27,2026-08-17 10:20:01.676796,False,
CERT000372,PTY00011,23.08197,83.8546,solar,2.549,12.036,2026-06-22 10:50:52,2026-06-23 01:56:09.821438,False,
CERT000373,PTY00004,20.52641,76.44565,solar,4.003,21.755,2026-08-07 14:48:06,2026-08-08 02:54:40.037169,False,
CERT000374,PTY00028,33.88421,83.64093,solar,11.713,83.642,2026-07-21 15:28:18,2026-07-21 17:04:05.457141,False,
CERT000375,PTY00158,36.11464,93.09971,solar,10.166,57.266,2026-06-19 10:44:14,2026-06-19 22:46:11.938009,False,
CERT000376,PTY00064,18.42524,76.51416,wind,9.88,34.504,2026-06-30 09:06:21,2026-06-30 12:00:52.447007,False,
CERT000377,PTY00050,8.14679,72.66343,wind,18.318,65.23,2026-08-06 19:32:00,2026-08-06 23:04:51.314963,False,
CERT000378,PTY00004,20.52641,76.44565,solar,4.018,21.755,2026-07-24 14:34:07,2026-07-24 23:02:44.519736,False,
CERT000379,PTY00078,18.32321,89.97754,solar,23.643,124.099,2026-08-29 12:27:59,2026-08-31 06:40:03.285652,False,
CERT000380,PTY00039,23.53747,70.6184,solar,18.783,101.918,2026-06-19 13:03:29,2026-06-19 14:43:47.093078,True,circular_trading
CERT000381,PTY00001,12.52384,69.68442,solar,3.503,13.606,2026-08-13 13:25:22,2026-08-13 21:18:14.148976,False,
CERT000382,PTY00146,28.68714,93.961,solar,1.088,5.733,2026-07-21 12:32:09,2026-07-22 21:42:58.607928,True,timestamp_collision
CERT000383,PTY00180,11.69717,79.52133,wind,21.538,64.284,2026-09-09 11:53:17,2026-09-10 06:11:13.003108,False,
CERT000384,PTY00095,35.5518,95.56761,solar,5.659,26.66,2026-06-30 23:03:58,2026-07-01 04:48:02.779921,True,impossible_timing
CERT000385,PTY00134,22.28592,77.5338,wind,17.246,62.622,2026-08-01 22:56:20,2026-08-02 09:37:56.689937,False,
CERT000386,PTY00119,19.04583,96.12752,solar,6.328,41.946,2026-07-30 13:52:31,2026-08-01 02:11:04.225459,False,
CERT000387,PTY00131,30.72594,79.49974,wind,9.441,38.866,2026-08-26 14:34:05,2026-08-27 00:17:38.589845,False,
CERT000388,PTY00179,31.81646,71.20832,wind,7.2,25.078,2026-09-06 12:07:22,2026-09-07 02:49:15.222807,False,
CERT000389,PTY00071,14.25881,86.06382,solar,24.79,115.388,2026-09-03 10:37:33,2026-09-03 14:43:26.298032,False,
CERT000390,PTY00110,36.10977,83.16984,solar,12.641,72.734,2026-08-02 14:24:16,2026-08-03 22:14:40.904761,False,
CERT000391,PTY00134,22.28592,77.5338,wind,17.777,62.622,2026-07-12 10:24:17,2026-07-14 15:02:27.188353,False,
CERT000392,PTY00092,32.89397,80.44083,wind,2.68,12.473,2026-07-16 14:08:39,2026-07-17 11:18:40.377641,False,
CERT000393,PTY00173,34.08766,79.13285,wind,3.467,9.354,2026-08-21 19:53:17,2026-08-23 03:49:47.102312,False,
CERT000394,PTY00114,21.44725,78.24721,solar,16.688,72.316,2026-07-17 18:54:10,2026-07-19 08:01:45.779613,False,
CERT000395,PTY00051,14.50381,88.6532,solar,13.405,76.668,2026-07-07 12:18:17,2026-07-08 21:34:07.295553,True,circular_trading
CERT000396,PTY00180,11.69717,79.52133,wind,18.738,64.284,2026-06-26 16:36:25,2026-06-28 12:46:39.212757,False,
CERT000397,PTY00054,15.69087,75.0757,solar,81.018,70.276,2026-09-06 11:27:47,2026-09-07 16:45:46.388068,True,over_capacity
CERT000398,PTY00065,34.48398,82.82893,wind,13.755,42.248,2026-08-11 18:22:42,2026-08-12 18:30:22.377912,False,
CERT000399,PTY00149,17.49742,71.4731,solar,2.626,14.168,2026-07-31 17:17:23,2026-08-01 20:24:24.067207,False,
CERT000400,PTY00134,22.28592,77.5338,wind,16.922,62.622,2026-08-13 20:44:56,2026-08-15 04:33:55.771716,False,
CERT000401,PTY00101,31.83394,88.48102,wind,8.868,23.415,2026-06-21 16:27:40,2026-06-21 20:29:50.439527,False,
CERT000402,PTY00134,22.28592,77.5338,wind,20.516,62.622,2026-09-09 13:01:39,2026-09-09 15:46:49.809552,False,
CERT000403,PTY00035,22.57769,69.49288,solar,5.271,35.941,2026-06-23 15:35:24,2026-06-23 16:02:47.254987,False,
CERT000404,PTY00044,34.81611,93.44284,solar,2.664,29.115,2026-08-14 10:09:54,2026-07-01 16:03:57.766147,True,timestamp_collision
CERT000405,PTY00089,33.44669,89.31706,solar,9.343,70.924,2026-07-24 11:05:20,2026-07-24 22:12:31.776921,False,
CERT000406,PTY00030,31.72243,92.96119,solar,8.037,56.741,2026-07-09 11:08:30,2026-07-09 11:25:15.056105,False,
CERT000407,PTY00016,12.0868,91.26371,solar,3.912,21.531,2026-08-13 14:56:51,2026-08-14 15:30:00.710655,False,
CERT000408,PTY00004,20.52641,76.44565,solar,4.343,21.755,2026-06-14 10:07:02,2026-06-14 11:07:36.094917,False,
CERT000409,PTY00077,25.7399,80.1684,wind,13.667,44.783,2026-07-30 00:50:28,2026-06-27 12:23:31.311214,True,timestamp_collision
CERT000410,PTY00056,24.73021,82.28301,solar,5.032,27.339,2026-06-20 15:20:22,2026-06-21 01:05:33.652429,False,
CERT000411,PTY00130,19.37508,80.68677,solar,3.012,25.183,2026-06-17 10:57:38,2026-06-18 06:57:18.166806,False,
CERT000412,PTY00084,19.25693,86.65536,solar,3.981,34.769,2026-07-06 11:18:46,2026-07-08 14:12:33.563173,False,
CERT000413,PTY00035,22.57769,69.49288,solar,4.512,35.941,2026-06-27 13:48:18,2026-06-30 04:24:33.941981,False,
CERT000414,PTY00179,31.81646,71.20832,wind,9.007,25.078,2026-08-20 15:51:18,2026-08-22 09:31:19.805214,False,
CERT000415,PTY00153,24.55257,78.32681,solar,16.085,101.148,2026-06-21 11:45:23,2026-06-21 17:01:01.044207,False,
CERT000416,PTY00078,18.32321,89.97754,solar,16.729,124.099,2026-08-02 12:47:20,2026-08-03 11:44:38.591984,False,
CERT000417,PTY00109,36.79598,70.1401,solar,6.86,35.013,2026-07-10 14:03:34,2026-07-12 07:20:15.375318,False,
CERT000418,PTY00172,21.41771,76.73996,solar,7.905,70.675,2026-08-25 12:58:10,2026-08-26 11:32:58.241829,False,
CERT000419,PTY00176,25.98211,83.47037,wind,14.813,52.203,2026-06-29 02:51:46,2026-06-29 05:05:25.369192,False,
CERT000420,PTY00017,29.14121,90.36684,solar,6.284,52.757,2026-08-15 04:53:13,2026-08-15 21:46:50.334360,True,impossible_timing
CERT000421,PTY00079,10.83719,82.25686,solar,3.434,27.387,2026-08-20 11:46:12,2026-08-20 18:51:15.124445,False,
CERT000422,PTY00013,34.73435,70.56628,wind,15.913,39.445,2026-06-16 14:43:13,2026-06-16 23:09:17.859603,False,
CERT000423,PTY00054,15.69087,75.0757,solar,7.192,70.276,2026-07-31 12:36:13,2026-08-02 05:16:53.341845,False,
CERT000424,PTY00016,12.0868,91.26371,solar,3.218,21.531,2026-06-27 10:15:57,2026-06-27 11:12:32.355423,False,
CERT000425,PTY00069,25.13416,68.88451,solar,1.365,7.919,2026-08-19 14:15:50,2026-08-19 15:23:22.703000,False,
CERT000426,PTY00100,12.14676,90.08381,solar,21.086,136.503,2026-07-27 14:28:37,2026-07-28 16:52:35.514736,False,
CERT000427,PTY00132,33.00855,95.5361,wind,1.778,5.832,2026-07-27 17:26:42,2026-07-28 20:41:55.642756,False,
CERT000428,PTY00062,24.53177,70.81812,wind,5.547,21.969,2026-08-22 22:49:41,2026-08-23 05:14:46.045174,False,
CERT000429,PTY00171,31.68138,80.73491,solar,3.487,26.678,2026-07-13 10:41:16,2026-07-15 02:13:03.486751,False,
CERT000430,PTY00106,8.32926,81.59116,solar,15.291,116.283,2026-07-23 14:03:45,2026-07-24 00:14:01.728221,False,
CERT000431,PTY00175,17.71226,72.03889,solar,7.761,37.794,2026-08-06 08:50:55,2026-08-07 19:01:09.609720,False,
CERT000432,PTY00113,25.98385,76.04405,wind,10.429,30.303,2026-08-21 14:06:18,2026-08-22 01:16:57.907627,False,
CERT000433,PTY00169,12.74602,72.76371,solar,3.529,20.581,2026-07-25 11:17:54,2026-07-29 16:54:38.978752,False,
CERT000434,PTY00056,24.73021,82.28301,solar,5.005,27.339,2026-08-17 13:56:43,2026-08-17 14:21:53.308633,False,
CERT000435,PTY00123,11.74562,95.66748,wind,6.468,25.78,2026-06-27 07:25:15,2026-06-27 09:52:36.511238,False,
CERT000436,PTY00135,11.73751,71.71333,wind,13.679,30.014,2026-08-25 06:43:14,2026-08-27 00:51:48.711486,False,
CERT000437,PTY00081,9.31382,78.86377,solar,21.727,113.801,2026-07-28 14:19:00,2026-07-28 17:42:12.060374,False,
CERT000438,PTY00023,11.12885,68.91145,solar,4.214,24.073,2026-06-18 10:12:06,2026-06-18 16:14:54.997516,False,
CERT000439,PTY00130,19.37508,80.68677,solar,3.171,25.183,2026-07-05 15:25:34,2026-07-06 11:11:07.962793,False,
CERT000440,PTY00001,12.52384,69.68442,solar,2.55,13.606,2026-07-23 13:51:31,2026-07-25 18:00:57.265000,False,
CERT000441,PTY00097,29.81886,90.95579,solar,10.383,86.829,2026-08-25 10:11:55,2026-08-26 03:51:40.090428,False,
CERT000442,PTY00130,19.37508,80.68677,solar,4.304,25.183,2026-08-08 14:49:06,2026-08-09 01:28:35.767410,False,
CERT000443,PTY00074,31.0604,75.85414,solar,11.812,64.265,2026-07-08 10:40:44,2026-07-09 02:26:58.600104,False,
CERT000444,PTY00096,26.32328,81.00492,solar,3.754,20.278,2026-07-30 13:23:08,2026-07-30 21:46:55.485226,False,
CERT000445,PTY00031,14.44113,71.4761,solar,11.383,3.958,2026-08-10 10:54:45,2026-07-24 17:05:14.711778,True,timestamp_collision
CERT000446,PTY00177,17.03994,75.20619,wind,7.62,22.423,2026-09-01 03:17:58,2026-09-02 06:04:55.728811,False,
CERT000447,PTY00019,9.84319,77.01849,wind,1.912,9.909,2026-09-04 13:27:48,2026-09-05 01:14:01.534592,False,
CERT000448,PTY00161,20.33766,82.7207,wind,7.739,21.081,2026-08-04 23:02:42,2026-08-06 06:52:01.935306,False,
CERT000449,PTY00152,20.51813,71.69983,wind,9.501,33.028,2026-06-27 00:48:24,2026-06-27 11:05:08.950235,False,
CERT000450,PTY00144,18.74369,82.05117,solar,3.76,20.16,2026-07-30 11:06:40,2026-07-30 16:03:28.592075,False,
CERT000451,PTY00063,29.48229,88.21346,wind,17.847,77.164,2026-09-02 03:25:10,2026-09-02 22:24:50.070268,False,
CERT000452,PTY00078,18.32321,89.97754,solar,17.13,124.099,2026-08-20 09:27:47,2026-08-20 09:28:54.957961,False,
CERT000453,PTY00084,19.25693,86.65536,solar,6.077,34.769,2026-06-26 13:45:02,2026-06-27 03:18:37.084286,False,
CERT000454,PTY00044,34.81611,93.44284,solar,3.548,29.115,2026-07-15 11:58:53,2026-07-16 06:10:23.778796,True,circular_trading
CERT000455,PTY00155,12.65976,73.41044,solar,2.673,22.954,2026-06-27 12:36:47,2026-06-27 21:25:01.479597,False,
CERT000456,PTY00037,15.0196,87.49193,solar,5.624,43.461,2026-09-01 11:25:20,2026-09-02 14:59:24.079275,False,
CERT000457,PTY00119,19.04583,96.12752,solar,4.681,41.946,2026-06-18 12:13:09,2026-06-20 17:27:05.846432,False,
CERT000458,PTY00145,29.67666,69.06381,wind,7.39,20.061,2026-07-02 18:00:11,2026-07-02 19:11:00.304447,False,
CERT000459,PTY00082,22.59095,92.83821,wind,29.57,95.451,2026-07-08 01:11:16,2026-07-09 02:43:41.296637,False,
CERT000460,PTY00140,13.98368,78.56383,solar,2.952,21.174,2026-07-29 07:52:35,2026-07-29 12:16:41.702538,False,
CERT000461,PTY00086,13.67794,70.01148,wind,7.794,35.05,2026-07-23 17:29:38,2026-07-25 14:16:05.561444,False,
CERT000462,PTY00044,34.81611,93.44284,solar,5.017,29.115,2026-08-14 10:09:54,2026-08-14 11:00:03.263528,True,timestamp_collision
CERT000463,PTY00120,32.31153,81.5921,wind,4.658,13.765,2026-06-16 23:05:20,2026-06-17 05:41:47.481845,False,
CERT000464,PTY00096,26.32328,81.00492,solar,2.534,20.278,2026-06-27 11:56:51,2026-06-27 21:26:37.003350,False,
CERT000465,PTY00126,23.08474,92.71326,wind,8.029,25.969,2026-08-08 06:39:32,2026-08-09 19:48:57.734678,False,
CERT000466,PTY00114,21.44725,78.24721,solar,13.175,72.316,2026-08-11 12:17:45,2026-08-11 20:55:03.381067,False,
CERT000467,PTY00177,17.03994,75.20619,wind,8.005,22.423,2026-06-17 03:32:46,2026-06-17 10:14:39.807032,False,
CERT000468,PTY00023,11.12885,68.91145,solar,28.642,24.073,2026-08-19 10:17:56,2026-08-20 02:09:01.771013,True,over_capacity
CERT000469,PTY00104,18.91153,70.42152,wind,5.77,22.603,2026-07-23 11:01:10,2026-07-24 14:13:36.921750,False,
CERT000470,PTY00135,11.73751,71.71333,wind,10.828,30.014,2026-06-20 23:11:15,2026-06-20 23:54:16.212978,False,
CERT000471,PTY00074,31.0604,75.85414,solar,8.787,64.265,2026-07-09 13:40:52,2026-07-09 21:17:00.058060,False,
CERT000472,PTY00099,33.74342,78.17654,solar,0.845,6.221,2026-08-15 13:00:03,2026-08-15 18:07:08.631305,False,
CERT000473,PTY00168,24.65972,92.41303,wind,12.745,35.57,2026-08-24 15:29:03,2026-08-26 03:57:45.570475,False,
CERT000474,PTY00009,20.76442,71.53911,solar,6.192,41.797,2026-07-25 10:53:51,2026-07-25 20:43:01.450452,False,
CERT000475,PTY00106,8.32926,81.59116,solar,15.548,116.283,2026-07-30 17:06:55,2026-07-31 12:51:50.108829,False,
CERT000476,PTY00051,14.50381,88.6532,solar,12.215,76.668,2026-08-24 09:53:03,2026-08-26 12:01:57.049815,False,
CERT000477,PTY00101,31.83394,88.48102,wind,7.158,23.415,2026-08-03 20:17:42,2026-08-06 07:18:17.614221,True,circular_trading
CERT000478,PTY00169,12.74602,72.76371,solar,2.39,20.581,2026-08-30 10:15:11,2026-08-30 15:29:25.425391,False,
CERT000479,PTY00091,30.51598,77.8833,wind,2.082,7.924,2026-06-26 13:41:53,2026-06-26 16:59:22.149472,False,
CERT000480,PTY00068,24.77012,69.04233,solar,5.564,38.128,2026-07-28 16:01:48,2026-07-29 15:33:53.797558,False,
CERT000481,PTY00051,14.50381,88.6532,solar,13.933,76.668,2026-07-27 12:25:15,2026-07-28 03:47:05.808025,False,
CERT000482,PTY00158,36.11464,93.09971,solar,7.918,57.266,2026-06-16 12:21:48,2026-06-16 14:06:04.158683,False,
CERT000483,PTY00056,24.73021,82.28301,solar,5.262,27.339,2026-07-08 11:53:52,2026-07-08 13:10:56.128113,False,
CERT000484,PTY00037,15.0196,87.49193,solar,6.812,43.461,2026-06-26 08:29:44,2026-06-26 12:46:34.210070,False,
CERT000485,PTY00007,12.9452,69.8865,solar,5.151,36.517,2026-09-11 12:01:04,2026-09-11 12:09:40.075014,False,
CERT000486,PTY00010,8.99727,94.37029,solar,3.721,19.917,2026-07-10 12:59:50,2026-07-11 03:44:28.804871,False,
CERT000487,PTY00058,35.2733,95.66393,solar,9.872,72.367,2026-08-30 18:37:42,2026-08-30 19:10:40.618656,False,
CERT000488,PTY00122,36.90247,84.10752,wind,9.672,31.678,2026-08-20 05:56:00,2026-08-21 12:41:36.059361,False,
CERT000489,PTY00021,28.6841,90.06277,wind,3.706,14.436,2026-07-21 05:56:28,2026-07-22 16:38:46.694258,False,
CERT000490,PTY00040,17.30262,73.40904,wind,32.906,100.873,2026-08-29 12:37:44,2026-08-29 18:37:06.167043,False,
CERT000491,PTY00115,31.60006,87.8572,solar,1.246,7.169,2026-08-19 11:48:22,2026-08-20 19:25:17.056501,False,
CERT000492,PTY00042,26.71001,73.05663,solar,10.122,66.611,2026-06-17 11:46:01,2026-06-17 23:43:17.890882,False,
CERT000493,PTY00036,34.33971,74.94729,solar,3.677,23.428,2026-09-03 07:03:37,2026-09-03 09:49:39.660254,False,
CERT000494,PTY00170,27.29072,83.1689,wind,22.226,53.02,2026-06-14 11:17:16,2026-06-16 01:28:40.180367,False,
CERT000495,PTY00148,15.80805,78.94124,solar,3.953,35.29,2026-08-21 12:46:58,2026-08-21 12:57:55.257320,False,
CERT000496,PTY00018,18.39551,71.3602,solar,13.493,67.37,2026-07-15 11:07:53,2026-07-17 15:09:30.928978,False,
CERT000497,PTY00137,21.74489,87.35917,solar,11.489,60.213,2026-06-25 11:45:07,2026-06-28 07:48:59.291045,False,
CERT000498,PTY00150,25.21418,87.69397,wind,5.306,19.619,2026-08-18 15:19:37,2026-08-18 17:34:37.734027,False,
CERT000499,PTY00106,8.32926,81.59116,solar,14.517,116.283,2026-08-14 11:11:38,2026-08-14 21:47:03.560415,True,timestamp_collision
CERT000500,PTY00062,24.53177,70.81812,wind,6.413,21.969,2026-09-11 18:59:58,2026-09-11 20:51:15.973677,False,
CERT000501,PTY00126,23.08474,92.71326,wind,7.16,25.969,2026-08-07 14:13:05,2026-08-09 03:21:07.428709,False,
CERT000502,PTY00067,17.80186,78.89191,wind,10.618,39.878,2026-09-05 15:16:06,2026-09-05 21:07:42.665363,False,
CERT000503,PTY00069,25.13416,68.88451,solar,32.13,7.919,2026-07-08 11:08:26,2026-07-09 01:22:20.262509,True,over_capacity
CERT000504,PTY00176,25.98211,83.47037,wind,15.487,52.203,2026-08-14 23:43:24,2026-08-16 05:48:01.417242,False,
CERT000505,PTY00099,33.74342,78.17654,solar,0.849,6.221,2026-07-16 10:58:25,2026-07-16 22:43:11.887436,False,
CERT000506,PTY00069,25.13416,68.88451,solar,1.29,7.919,2026-07-11 13:38:12,2026-07-11 18:44:19.203197,False,
CERT000507,PTY00040,17.30262,73.40904,wind,38.386,100.873,2026-08-04 12:34:02,2026-08-04 18:36:30.561535,False,
CERT000508,PTY00116,34.41689,91.85358,solar,5.733,44.256,2026-07-27 07:40:31,2026-07-28 04:48:49.342498,False,
CERT000509,PTY00045,24.10082,83.35987,solar,14.136,76.332,2026-06-25 07:22:26,2026-06-26 02:47:01.975082,False,
CERT000510,PTY00113,25.98385,76.04405,wind,7.159,30.303,2026-06-28 04:48:51,2026-06-28 10:59:13.346719,False,
CERT000511,PTY00037,15.0196,87.49193,solar,5.76,43.461,2026-08-03 13:41:58,2026-08-04 13:13:45.883355,False,
CERT000512,PTY00119,19.04583,96.12752,solar,4.709,41.946,2026-08-03 17:38:44,2026-08-04 20:45:52.712254,False,
CERT000513,PTY00007,12.9452,69.8865,solar,4.457,36.517,2026-08-30 10:22:27,2026-08-31 05:13:32.274785,False,
CERT000514,PTY00093,34.17403,82.65232,wind,6.483,23.895,2026-06-26 18:38:03,2026-06-27 07:06:23.778009,False,
CERT000515,PTY00021,28.6841,90.06277,wind,4.038,14.436,2026-08-06 05:45:01,2026-08-06 07:06:01.344945,False,
CERT000516,PTY00159,27.39065,94.9519,wind,5.678,18.556,2026-08-20 00:24:42,2026-08-20 11:58:37.246143,False,
CERT000517,PTY00069,25.13416,68.88451,solar,1.22,7.919,2026-06-26 16:30:09,2026-06-26 22:56:19.916849,False,
CERT000518,PTY00131,30.72594,79.49974,wind,14.379,38.866,2026-07-30 13:25:20,2026-07-31 11:07:48.546449,False,
CERT000519,PTY00123,11.74562,95.66748,wind,8.044,25.78,2026-09-02 15:36:02,2026-09-04 08:21:29.663354,True,circular_trading
CERT000520,PTY00155,12.65976,73.41044,solar,3.274,22.954,2026-06-30 06:57:58,2026-06-30 09:55:05.475642,False,
CERT000521,PTY00021,28.6841,90.06277,wind,3.508,14.436,2026-08-20 21:20:55,2026-08-20 22:20:54.677806,False,
CERT000522,PTY00080,13.02285,80.5817,solar,11.856,148.058,2026-07-01 17:53:42,2026-07-12 18:47:21.458636,True,timestamp_collision
CERT000523,PTY00102,10.46029,96.61255,solar,5.444,38.98,2026-09-07 13:37:30,2026-09-08 23:51:54.043043,False,
CERT000524,PTY00090,16.179,73.14575,wind,31.092,105.852,2026-08-03 16:42:27,2026-08-04 10:05:36.757493,False,
CERT000525,PTY00027,33.27236,91.30649,wind,14.122,49.46,2026-07-11 01:24:08,2026-07-12 16:31:31.756312,False,
CERT000526,PTY00067,17.80186,78.89191,wind,13.106,39.878,2026-07-19 05:52:01,2026-07-19 07:20:07.388436,False,
CERT000527,PTY00024,17.11632,82.74855,wind,11.394,31.542,2026-08-17 00:00:16,2026-08-17 11:19:00.290672,False,
CERT000528,PTY00045,24.10082,83.35987,solar,10.607,76.332,2026-06-21 11:34:23,2026-06-22 01:27:38.864972,False,
CERT000529,PTY00144,18.74369,82.05117,solar,3.799,20.16,2026-07-22 10:33:10,2026-07-23 22:18:40.909012,False,
CERT000530,PTY00075,13.02554,72.53667,solar,2.063,17.86,2026-08-16 10:22:06,2026-08-16 16:11:02.438669,False,
CERT000531,PTY00079,10.83719,82.25686,solar,4.974,27.387,2026-08-24 11:06:31,2026-08-27 08:09:15.839412,False,
CERT000532,PTY00056,24.73021,82.28301,solar,5.408,27.339,2026-09-05 11:54:24,2026-09-06 02:22:11.635959,False,
CERT000533,PTY00109,36.79598,70.1401,solar,8.432,35.013,2026-08-25 10:52:35,2026-08-25 14:31:37.870962,False,
CERT000534,PTY00128,29.89898,85.98898,solar,5.01,37.821,2026-09-07 11:59:30,2026-09-07 15:01:18.821063,False,
CERT000535,PTY00142,33.33378,94.7053,solar,6.826,34.251,2026-06-15 11:34:57,2026-06-16 10:47:34.858726,False,
CERT000536,PTY00082,22.59095,92.83821,wind,32.502,95.451,2026-08-08 11:28:06,2026-08-08 16:22:47.705333,False,
CERT000537,PTY00171,31.68138,80.73491,solar,31.691,26.678,2026-08-27 13:32:35,2026-08-27 14:56:10.172675,True,over_capacity
CERT000538,PTY00143,29.69953,73.35111,solar,12.18,65.437,2026-08-14 14:41:28,2026-08-15 13:30:53.528913,False,
CERT000539,PTY00075,13.02554,72.53667,solar,1.919,17.86,2026-07-15 16:37:44,2026-07-16 09:57:34.941600,False,
CERT000540,PTY00008,36.00333,91.44352,wind,5.392,21.926,2026-07-28 11:04:53,2026-08-01 04:22:22.842787,False,
CERT000541,PTY00148,15.80805,78.94124,solar,11.629,35.29,2026-08-31 11:06:49,2026-08-18 21:32:48.235987,True,timestamp_collision
CERT000542,PTY00025,29.91098,74.63515,wind,6.117,21.595,2026-07-10 06:43:34,2026-07-11 17:06:59.893963,False,
CERT000543,PTY00047,18.12708,89.05271,wind,3.495,10.464,2026-06-20 17:12:45,2026-06-21 06:24:43.046978,False,
CERT000544,PTY00162,11.33027,85.70798,solar,2.099,14.855,2026-07-16 12:54:02,2026-07-21 04:29:05.884099,False,
CERT000545,PTY00049,8.26671,70.94267,wind,13.774,39.687,2026-06-24 16:35:01,2026-06-24 22:18:18.719849,False,
CERT000546,PTY00044,34.81611,93.44284,solar,3.495,29.115,2026-06-25 09:58:29,2026-06-25 14:43:38.463123,False,
CERT000547,PTY00073,36.29971,82.97271,solar,19.435,98.568,2026-08-25 14:10:14,2026-08-25 14:33:22.444053,False,
CERT000548,PTY00083,24.98749,95.26668,wind,9.619,28.164,2026-07-27 09:28:38,2026-07-28 12:55:07.418254,False,
CERT000549,PTY00135,11.73751,71.71333,wind,7.815,30.014,2026-07-21 11:07:04,2026-07-21 22:43:14.120510,False,
CERT000550,PTY00156,13.02783,94.0062,solar,4.165,20.07,2026-07-13 16:22:32,2026-07-14 05:45:36.973413,False,
CERT000551,PTY00154,25.56747,74.87958,wind,2.75,11.615,2026-08-03 16:37:01,2026-08-05 18:20:11.506882,False,
CERT000552,PTY00072,9.49877,83.40928,solar,4.797,36.702,2026-07-18 14:53:05,2026-07-19 04:13:39.412666,False,
CERT000553,PTY00104,18.91153,70.42152,wind,7.066,22.603,2026-09-03 12:20:40,2026-09-03 16:21:11.857074,False,
CERT000554,PTY00051,14.50381,88.6532,solar,18.827,76.668,2026-06-20 10:34:37,2026-06-20 20:12:14.488998,False,
CERT000555,PTY00073,36.29971,82.97271,solar,16.262,98.568,2026-08-27 09:29:03,2026-08-28 15:28:47.360478,False,
CERT000556,PTY00130,19.37508,80.68677,solar,4.076,25.183,2026-09-09 13:15:47,2026-09-09 18:15:00.776784,False,
CERT000557,PTY00143,29.69953,73.35111,solar,8.023,65.437,2026-08-05 09:22:01,2026-08-06 08:10:16.695369,False,
CERT000558,PTY00059,36.03299,95.94498,wind,5.601,29.985,2026-07-28 05:56:32,2026-09-10 03:26:16.740268,True,timestamp_collision
CERT000559,PTY00106,8.32926,81.59116,solar,18.954,116.283,2026-08-30 13:54:43,2026-08-31 03:08:24.569134,False,
CERT000560,PTY00158,36.11464,93.09971,solar,11.15,57.266,2026-08-29 07:30:32,2026-08-29 13:54:01.374727,False,
CERT000561,PTY00121,33.07695,91.57413,solar,5.487,30.359,2026-09-10 02:40:26,2026-09-12 19:31:02.964280,True,impossible_timing
CERT000562,PTY00093,34.17403,82.65232,wind,5.582,23.895,2026-07-09 05:19:49,2026-07-09 08:00:51.174946,False,
CERT000563,PTY00001,12.52384,69.68442,solar,2.534,13.606,2026-08-27 13:24:56,2026-08-30 06:59:51.572719,False,
CERT000564,PTY00175,17.71226,72.03889,solar,7.629,37.794,2026-09-01 10:59:52,2026-09-03 17:29:15.122616,False,
CERT000565,PTY00016,12.0868,91.26371,solar,3.009,21.531,2026-09-03 15:38:24,2026-09-03 17:43:48.996135,False,
CERT000566,PTY00128,29.89898,85.98898,solar,5.079,37.821,2026-07-18 11:59:58,2026-07-20 10:37:59.294228,False,
CERT000567,PTY00074,31.0604,75.85414,solar,11.198,64.265,2026-06-25 10:15:34,2026-06-25 13:46:01.221102,False,
CERT000568,PTY00153,24.55257,78.32681,solar,24.033,101.148,2026-08-25 13:22:56,2026-08-25 22:21:16.170426,False,
CERT000569,PTY00077,25.7399,80.1684,wind,14.636,44.783,2026-07-01 13:32:38,2026-07-02 05:42:03.715352,False,
CERT000570,PTY00070,31.85542,78.44553,solar,7.454,44.073,2026-07-02 07:03:09,2026-07-02 12:30:39.130072,False,
CERT000571,PTY00127,19.701,71.88644,solar,10.944,75.284,2026-08-24 11:06:15,2026-08-26 05:03:57.644159,False,
CERT000572,PTY00171,31.68138,80.73491,solar,3.185,26.678,2026-08-09 10:23:26,2026-08-10 14:53:34.565940,False,
CERT000573,PTY00001,12.52384,69.68442,solar,2.829,13.606,2026-06-18 11:44:33,2026-06-19 05:15:22.800856,False,
CERT000574,PTY00122,36.90247,84.10752,wind,8.946,31.678,2026-08-04 09:31:16,2026-08-05 00:10:02.924952,False,
CERT000575,PTY00091,30.51598,77.8833,wind,2.355,7.924,2026-08-09 19:17:45,2026-08-10 01:34:58.777482,False,
CERT000576,PTY00106,8.32926,81.59116,solar,23.149,116.283,2026-07-26 11:42:10,2026-07-27 20:07:12.748964,False,
CERT000577,PTY00159,27.39065,94.9519,wind,5.077,18.556,2026-07-13 04:14:28,2026-07-13 19:45:25.154906,False,
CERT000578,PTY00090,16.179,73.14575,wind,32.043,105.852,2026-07-26 23:01:58,2026-07-28 02:00:12.138092,False,
CERT000579,PTY00137,21.74489,87.35917,solar,8.047,60.213,2026-06-18 13:43:11,2026-06-18 17:31:41.932490,False,
CERT000580,PTY00138,13.57638,69.18519,solar,4.803,26.244,2026-07-08 12:59:51,2026-07-08 20:09:52.615132,False,
CERT000581,PTY00009,20.76442,71.53911,solar,7.829,41.797,2026-08-24 10:34:36,2026-08-25 07:32:49.234353,False,
CERT000582,PTY00095,35.5518,95.56761,solar,6.285,26.66,2026-07-27 18:35:11,2026-07-27 22:59:29.762475,False,
CERT000583,PTY00156,13.02783,94.0062,solar,2.761,20.07,2026-08-07 04:29:16,2026-08-07 13:48:15.068126,True,impossible_timing
CERT000584,PTY00120,32.31153,81.5921,wind,3.174,13.765,2026-07-16 01:39:46,2026-07-16 01:42:23.430273,False,
CERT000585,PTY00107,24.91769,95.903,solar,22.178,91.552,2026-09-05 10:33:10,2026-09-06 07:33:49.683861,False,
CERT000586,PTY00106,8.32926,81.59116,solar,24.212,116.283,2026-06-24 08:52:07,2026-06-24 14:27:01.494904,False,
CERT000587,PTY00037,15.0196,87.49193,solar,7.692,43.461,2026-07-02 02:38:27,2026-07-02 11:36:30.098648,True,impossible_timing
CERT000588,PTY00067,17.80186,78.89191,wind,6.93,39.878,2026-07-28 14:41:57,2026-07-30 03:44:52.147689,False,
CERT000589,PTY00110,36.10977,83.16984,solar,9.087,72.734,2026-08-23 02:18:57,2026-08-24 03:11:25.443848,True,impossible_timing
CERT000590,PTY00078,18.32321,89.97754,solar,15.721,124.099,2026-09-04 09:15:26,2026-09-04 09:37:19.751791,False,
CERT000591,PTY00161,20.33766,82.7207,wind,7.256,21.081,2026-06-24 18:29:21,2026-06-24 21:53:44.697512,False,
CERT000592,PTY00107,24.91769,95.903,solar,15.783,91.552,2026-08-12 15:43:28,2026-08-15 00:17:17.278106,False,
CERT000593,PTY00101,31.83394,88.48102,wind,6.131,23.415,2026-07-18 00:46:05,2026-07-18 05:06:17.617494,False,
CERT000594,PTY00033,36.18168,95.91097,solar,2.869,15.573,2026-08-03 10:08:55,2026-08-04 13:26:48.699644,False,
CERT000595,PTY00174,34.28769,86.1029,solar,6.854,33.543,2026-07-08 15:45:21,2026-07-09 22:18:21.430513,False,
CERT000596,PTY00054,15.69087,75.0757,solar,13.735,70.276,2026-07-28 15:32:46,2026-07-29 04:46:23.761601,True,circular_trading
CERT000597,PTY00149,17.49742,71.4731,solar,1.667,14.168,2026-08-14 09:04:09,2026-08-15 08:10:23.541342,False,
CERT000598,PTY00136,12.02599,86.58537,solar,5.303,31.179,2026-08-25 12:11:09,2026-08-25 13:16:07.784206,False,
CERT000599,PTY00056,24.73021,82.28301,solar,3.764,27.339,2026-08-27 16:55:53,2026-08-28 05:16:53.420889,False,
CERT000600,PTY00087,17.25029,92.50138,solar,3.274,22.44,2026-08-05 12:10:55,2026-08-06 06:19:17.606342,False,
CERT000601,PTY00055,26.30302,91.04953,wind,22.089,66.883,2026-07-04 15:25:39,2026-07-07 05:27:34.361544,False,
CERT000602,PTY00172,21.41771,76.73996,solar,7.562,70.675,2026-08-21 10:12:30,2026-08-21 22:21:53.335918,False,
CERT000603,PTY00020,29.15858,86.48917,solar,12.83,79.815,2026-06-21 09:31:47,2026-06-22 08:09:37.773364,False,
CERT000604,PTY00122,36.90247,84.10752,wind,11.611,31.678,2026-06-23 04:12:27,2026-06-24 03:38:31.918163,False,
CERT000605,PTY00062,24.53177,70.81812,wind,6.389,21.969,2026-07-07 04:54:49,2026-07-07 16:02:37.272634,False,
CERT000606,PTY00112,9.31795,76.14793,wind,45.451,146.639,2026-07-23 15:07:22,2026-07-25 17:19:35.772641,False,
CERT000607,PTY00016,12.0868,91.26371,solar,4.646,21.531,2026-09-06 13:18:55,2026-09-06 21:17:49.919383,False,
CERT000608,PTY00044,34.81611,93.44284,solar,4.016,29.115,2026-08-24 22:38:41,2026-08-26 07:03:43.917721,True,impossible_timing
CERT000609,PTY00171,31.68138,80.73491,solar,4.758,26.678,2026-08-30 14:33:37,2026-08-31 08:14:03.255315,False,
CERT000610,PTY00126,23.08474,92.71326,wind,6.504,25.969,2026-07-20 21:30:42,2026-07-21 03:19:21.223718,False,
CERT000611,PTY00023,11.12885,68.91145,solar,2.992,24.073,2026-09-01 12:45:21,2026-09-01 13:10:51.815846,False,
CERT000612,PTY00075,13.02554,72.53667,solar,2.457,17.86,2026-07-17 11:32:30,2026-07-17 18:20:23.409533,False,
CERT000613,PTY00023,11.12885,68.91145,solar,2.787,24.073,2026-06-22 13:02:58,2026-06-22 13:53:18.406774,False,
CERT000614,PTY00138,13.57638,69.18519,solar,4.162,26.244,2026-07-30 09:17:44,2026-07-31 00:44:40.569107,False,
CERT000615,PTY00123,11.74562,95.66748,wind,9.03,25.78,2026-07-24 14:33:35,2026-07-25 05:07:11.844629,False,
CERT000616,PTY00082,22.59095,92.83821,wind,36.728,95.451,2026-08-10 18:46:05,2026-08-10 21:09:08.713201,False,
CERT000617,PTY00113,25.98385,76.04405,wind,10.252,30.303,2026-07-19 09:06:45,2026-07-19 14:33:15.019976,False,
CERT000618,PTY00135,11.73751,71.71333,wind,9.379,30.014,2026-08-23 16:28:29,2026-08-24 11:11:18.811362,False,
CERT000619,PTY00141,31.1829,86.20911,solar,250.0,30.522,2026-06-27 11:15:32,2026-06-29 00:36:41.443388,True,over_capacity
CERT000620,PTY00130,19.37508,80.68677,solar,3.011,25.183,2026-08-24 12:56:10,2026-08-25 15:39:53.330375,False,
CERT000621,PTY00037,15.0196,87.49193,solar,5.791,43.461,2026-06-14 15:01:40,2026-06-16 13:24:30.296665,False,
CERT000622,PTY00103,35.47021,96.59403,solar,8.905,83.386,2026-07-09 09:03:57,2026-07-12 07:34:12.838564,False,
CERT000623,PTY00127,19.701,71.88644,solar,10.959,75.284,2026-07-13 14:10:32,2026-07-13 21:48:33.220527,False,
CERT000624,PTY00031,14.44113,71.4761,solar,0.528,3.958,2026-08-10 10:54:45,2026-08-11 15:02:12.966614,True,timestamp_collision
CERT000625,PTY00164,17.76152,71.89803,solar,6.227,41.026,2026-06-30 13:54:24,2026-07-01 17:26:04.468817,False,
CERT000626,PTY00046,10.69998,94.01926,solar,12.748,50.459,2026-07-10 12:15:55,2026-07-10 18:34:41.629204,False,
CERT000627,PTY00079,10.83719,82.25686,solar,93.408,27.387,2026-06-25 06:48:26,2026-06-26 08:11:47.825945,True,over_capacity
CERT000628,PTY00067,17.80186,78.89191,wind,8.677,39.878,2026-08-08 16:29:34,2026-08-08 22:51:01.904503,False,
CERT000629,PTY00177,17.03994,75.20619,wind,5.8,22.423,2026-07-24 22:19:10,2026-07-25 13:00:16.010615,False,
CERT000630,PTY00043,11.98811,77.89092,wind,12.65,54.404,2026-08-25 12:36:05,2026-08-26 10:56:47.921520,False,
CERT000631,PTY00051,14.50381,88.6532,solar,15.295,76.668,2026-08-15 16:37:05,2026-08-16 05:53:33.557083,False,
CERT000632,PTY00011,23.08197,83.8546,solar,14.549,12.036,2026-08-11 11:35:51,2026-08-12 03:32:15.853150,True,over_capacity
CERT000633,PTY00010,8.99727,94.37029,solar,3.818,19.917,2026-08-02 10:37:14,2026-08-03 18:13:52.342586,True,circular_trading
CERT000634,PTY00116,34.41689,91.85358,solar,6.095,44.256,2026-07-08 09:17:51,2026-07-08 19:48:27.416885,False,
CERT000635,PTY00094,17.28144,93.97017,wind,14.963,40.825,2026-08-30 10:00:33,2026-08-30 18:54:13.345463,True,circular_trading
CERT000636,PTY00068,24.77012,69.04233,solar,6.141,38.128,2026-08-13 11:21:19,2026-08-13 14:39:08.291709,False,
CERT000637,PTY00024,17.11632,82.74855,wind,12.618,31.542,2026-06-29 22:12:15,2026-06-30 18:17:41.160190,False,
CERT000638,PTY00075,13.02554,72.53667,solar,2.38,17.86,2026-06-26 15:57:53,2026-06-27 01:17:23.867279,False,
CERT000639,PTY00142,33.33378,94.7053,solar,7.676,34.251,2026-08-05 12:41:29,2026-08-05 19:22:10.159212,False,
CERT000640,PTY00106,8.32926,81.59116,solar,16.373,116.283,2026-08-16 16:51:26,2026-08-17 00:04:11.828413,False,
CERT000641,PTY00137,21.74489,87.35917,solar,8.061,60.213,2026-08-22 13:21:17,2026-08-24 00:04:16.069953,False,
CERT000642,PTY00007,12.9452,69.8865,solar,5.192,36.517,2026-07-31 22:38:18,2026-08-01 18:01:32.875328,True,impossible_timing
CERT000643,PTY00125,27.47562,83.08892,wind,6.234,17.076,2026-06-17 14:19:59,2026-06-17 19:23:41.531114,False,
CERT000644,PTY00089,33.44669,89.31706,solar,13.496,70.924,2026-08-26 11:58:23,2026-08-28 19:43:49.430548,False,
CERT000645,PTY00085,19.19698,95.87453,solar,8.467,57.368,2026-08-03 11:40:22,2026-08-03 13:28:52.627913,False,
CERT000646,PTY00009,20.76442,71.53911,solar,6.431,41.797,2026-08-17 12:48:32,2026-08-17 16:17:23.972239,False,
CERT000647,PTY00014,9.31159,77.43458,solar,11.95,67.048,2026-07-27 08:35:47,2026-07-27 22:55:05.225495,True,circular_trading
CERT000648,PTY00170,27.29072,83.1689,wind,11.013,53.02,2026-09-10 17:09:41,2026-09-10 20:08:16.657020,False,
CERT000649,PTY00148,15.80805,78.94124,solar,5.075,35.29,2026-06-25 15:40:33,2026-06-27 00:22:49.897715,False,
CERT000650,PTY00065,34.48398,82.82893,wind,12.17,42.248,2026-09-02 04:15:14,2026-09-02 10:58:46.427633,False,
CERT000651,PTY00141,31.1829,86.20911,solar,6.079,30.522,2026-07-21 08:58:30,2026-07-22 19:03:41.119861,False,
CERT000652,PTY00030,31.72243,92.96119,solar,7.671,56.741,2026-09-07 23:10:19,2026-09-09 00:07:44.018756,True,impossible_timing
CERT000653,PTY00131,30.72594,79.49974,wind,11.741,38.866,2026-07-10 22:11:09,2026-07-13 03:59:19.649122,False,
CERT000654,PTY00032,35.34438,77.37289,solar,9.912,43.659,2026-08-23 01:47:49,2026-08-23 12:39:41.060876,True,impossible_timing
CERT000655,PTY00117,20.12905,95.04913,wind,14.988,59.954,2026-08-17 19:20:17,2026-08-17 22:59:28.651726,False,
CERT000656,PTY00070,31.85542,78.44553,solar,6.944,44.073,2026-09-05 09:25:46,2026-09-07 15:02:42.246876,False,
CERT000657,PTY00075,13.02554,72.53667,solar,2.321,17.86,2026-07-07 09:24:18,2026-07-08 19:06:21.744470,False,
CERT000658,PTY00179,31.81646,71.20832,wind,2.414,25.078,2026-06-23 17:27:50,2026-08-29 21:21:52.413617,True,timestamp_collision
CERT000659,PTY00112,9.31795,76.14793,wind,34.426,146.639,2026-08-25 21:39:57,2026-08-26 03:50:22.287815,False,
CERT000660,PTY00138,13.57638,69.18519,solar,5.378,26.244,2026-09-11 12:10:40,2026-09-13 10:22:55.534512,False,
CERT000661,PTY00058,35.2733,95.66393,solar,10.437,72.367,2026-09-01 06:57:17,2026-09-01 17:54:37.944921,False,
CERT000662,PTY00086,13.67794,70.01148,wind,6.836,35.05,2026-08-22 16:13:50,2026-08-23 01:42:01.696634,False,
CERT000663,PTY00172,21.41771,76.73996,solar,11.346,70.675,2026-07-18 14:47:26,2026-07-18 19:30:43.183058,False,
CERT000664,PTY00076,23.92757,88.72328,solar,21.165,125.091,2026-08-17 12:47:25,2026-08-17 20:31:12.358850,False,
CERT000665,PTY00077,25.7399,80.1684,wind,18.98,44.783,2026-09-07 20:01:09,2026-09-09 00:19:43.013444,False,
CERT000666,PTY00143,29.69953,73.35111,solar,10.721,65.437,2026-07-23 11:12:58,2026-07-26 11:43:40.331743,False,
CERT000667,PTY00125,27.47562,83.08892,wind,19.503,17.076,2026-06-30 15:13:15,2026-07-01 01:53:50.697248,True,over_capacity
CERT000668,PTY00030,31.72243,92.96119,solar,13.692,56.741,2026-06-18 06:14:17,2026-06-18 13:19:07.597805,False,
CERT000669,PTY00046,10.69998,94.01926,solar,9.733,50.459,2026-07-22 04:43:10,2026-07-22 18:23:06.635990,True,impossible_timing
CERT000670,PTY00150,25.21418,87.69397,wind,5.826,19.619,2026-07-25 07:24:45,2026-07-25 15:17:39.007900,False,
CERT000671,PTY00061,24.14724,95.14849,wind,6.47,15.787,2026-08-21 21:02:37,2026-08-22 00:31:18.972763,False,
CERT000672,PTY00111,26.19918,84.94512,wind,4.111,23.44,2026-08-21 10:48:04,2026-08-22 15:54:56.066115,False,
CERT000673,PTY00076,23.92757,88.72328,solar,24.81,125.091,2026-07-13 06:36:02,2026-07-13 06:54:46.610844,False,
CERT000674,PTY00144,18.74369,82.05117,solar,2.793,20.16,2026-08-21 11:51:16,2026-08-22 03:51:19.126139,False,
CERT000675,PTY00110,36.10977,83.16984,solar,9.352,72.734,2026-07-18 18:23:35,2026-07-18 18:34:56.444246,False,
CERT000676,PTY00140,13.98368,78.56383,solar,3.374,21.174,2026-06-21 11:20:24,2026-06-22 01:26:06.721226,False,
CERT000677,PTY00025,29.91098,74.63515,wind,8.324,21.595,2026-08-02 04:04:40,2026-08-04 09:13:33.627539,False,
CERT000678,PTY00014,9.31159,77.43458,solar,331.786,67.048,2026-07-23 12:25:57,2026-07-24 00:45:38.028161,True,over_capacity
CERT000679,PTY00072,9.49877,83.40928,solar,5.301,36.702,2026-07-29 11:48:07,2026-07-29 23:07:48.074775,False,
CERT000680,PTY00128,29.89898,85.98898,solar,6.448,37.821,2026-06-21 10:32:48,2026-06-22 03:28:37.119275,False,
CERT000681,PTY00088,31.61959,76.17379,solar,126.309,39.098,2026-07-26 12:27:00,2026-07-26 15:10:07.483555,True,over_capacity
CERT000682,PTY00038,14.89149,89.11827,wind,12.778,32.921,2026-08-18 05:39:11,2026-08-18 10:09:03.365183,False,
CERT000683,PTY00058,35.2733,95.66393,solar,8.916,72.367,2026-07-14 14:09:47,2026-07-17 11:55:31.020047,False,
CERT000684,PTY00052,17.43659,89.64825,solar,11.692,95.592,2026-07-03 09:38:41,2026-07-04 09:47:30.156000,False,
CERT000685,PTY00179,31.81646,71.20832,wind,9.541,25.078,2026-08-06 00:15:21,2026-08-06 06:46:27.895767,False,
CERT000686,PTY00070,31.85542,78.44553,solar,6.953,44.073,2026-07-26 12:22:31,2026-07-26 12:28:37.606287,False,
CERT000687,PTY00034,22.42021,76.72547,solar,22.366,101.816,2026-06-19 14:05:44,2026-06-19 15:42:04.338201,False,
CERT000688,PTY00079,10.83719,82.25686,solar,5.938,27.387,2026-06-29 14:42:14,2026-06-30 16:57:33.901574,False,
CERT000689,PTY00125,27.47562,83.08892,wind,5.848,17.076,2026-07-11 08:31:58,2026-07-12 04:06:22.751076,False,
CERT000690,PTY00043,11.98811,77.89092,wind,11.318,54.404,2026-06-24 18:20:26,2026-06-25 03:09:13.743356,False,
CERT000691,PTY00068,24.77012,69.04233,solar,6.911,38.128,2026-08-06 14:09:24,2026-08-08 17:14:05.780059,False,
CERT000692,PTY00099,33.74342,78.17654,solar,0.993,6.221,2026-09-01 06:17:53,2026-09-02 10:38:13.626644,False,
CERT000693,PTY00015,18.34585,76.1471,solar,11.574,61.495,2026-06-20 04:25:38,2026-06-21 03:02:24.123900,True,impossible_timing
CERT000694,PTY00023,11.12885,68.91145,solar,3.835,24.073,2026-08-18 08:39:05,2026-08-18 11:50:31.017115,False,
CERT000695,PTY00047,18.12708,89.05271,wind,12.039,10.464,2026-06-18 13:12:10,2026-06-19 04:45:58.736088,True,over_capacity
CERT000696,PTY00043,11.98811,77.89092,wind,21.124,54.404,2026-09-11 06:59:09,2026-09-11 22:41:08.624775,False,
CERT000697,PTY00143,29.69953,73.35111,solar,14.491,65.437,2026-06-16 23:36:37,2026-06-16 17:45:46.472230,True,impossible_timing
CERT000698,PTY00001,12.52384,69.68442,solar,1.719,13.606,2026-06-29 12:45:21,2026-06-30 08:33:20.906979,False,
CERT000699,PTY00056,24.73021,82.28301,solar,3.093,27.339,2026-07-06 23:36:46,2026-07-06 12:36:30.269070,True,impossible_timing
CERT000700,PTY00065,34.48398,82.82893,wind,14.235,42.248,2026-07-19 05:24:25,2026-07-19 07:36:56.914769,False,
CERT000701,PTY00048,33.72551,90.61639,wind,28.858,85.848,2026-08-17 14:55:00,2026-08-17 23:15:28.489585,False,
CERT000702,PTY00131,30.72594,79.49974,wind,15.038,38.866,2026-08-28 10:28:49,2026-08-29 06:52:45.278572,False,
CERT000703,PTY00076,23.92757,88.72328,solar,13.025,125.091,2026-09-05 11:49:02,2026-09-06 12:50:44.034182,False,
CERT000704,PTY00161,20.33766,82.7207,wind,6.02,21.081,2026-08-15 22:19:37,2026-08-16 20:24:35.242305,False,
CERT000705,PTY00145,29.67666,69.06381,wind,7.528,20.061,2026-07-19 14:29:50,2026-07-19 18:48:19.516070,False,
CERT000706,PTY00032,35.34438,77.37289,solar,4.95,43.659,2026-07-24 22:53:53,2026-07-24 21:30:27.590983,True,impossible_timing
CERT000707,PTY00027,33.27236,91.30649,wind,16.9,49.46,2026-08-13 16:34:03,2026-08-13 20:06:22.747026,False,
CERT000708,PTY00154,25.56747,74.87958,wind,2.835,11.615,2026-08-25 23:27:00,2026-08-26 20:43:15.346880,False,
CERT000709,PTY00137,21.74489,87.35917,solar,6.553,60.213,2026-07-21 10:15:15,2026-07-22 09:56:32.274412,False,
CERT000710,PTY00081,9.31382,78.86377,solar,16.911,113.801,2026-09-04 06:18:06,2026-09-04 08:10:14.852462,False,
CERT000711,PTY00033,36.18168,95.91097,solar,2.19,15.573,2026-06-23 13:10:32,2026-06-23 21:44:53.732753,False,
CERT000712,PTY00107,24.91769,95.903,solar,13.534,91.552,2026-06-30 09:16:30,2026-06-30 12:32:17.507520,False,
CERT000713,PTY00003,13.31873,76.82303,solar,2.936,20.807,2026-06-16 12:54:56,2026-06-17 07:05:51.785980,False,
CERT000714,PTY00021,28.6841,90.06277,wind,4.782,14.436,2026-07-12 10:51:02,2026-07-12 14:51:49.435057,False,
CERT000715,PTY00028,33.88421,83.64093,solar,13.653,83.642,2026-08-05 06:16:43,2026-08-05 13:41:21.175481,False,
CERT000716,PTY00059,36.03299,95.94498,wind,10.808,29.985,2026-09-09 02:02:36,2026-09-10 17:28:54.353088,False,
CERT000717,PTY00161,20.33766,82.7207,wind,8.306,21.081,2026-08-12 02:22:20,2026-08-13 06:57:54.582374,False,
CERT000718,PTY00122,36.90247,84.10752,wind,9.712,31.678,2026-08-18 23:10:40,2026-08-19 01:09:06.829214,False,
CERT000719,PTY00044,34.81611,93.44284,solar,4.845,29.115,2026-08-09 15:12:37,2026-08-11 03:26:37.800928,False,
CERT000720,PTY00159,27.39065,94.9519,wind,4.625,18.556,2026-06-25 15:45:32,2026-06-26 05:30:31.836577,True,circular_trading
CERT000721,PTY00156,13.02783,94.0062,solar,3.552,20.07,2026-09-04 10:33:32,2026-09-05 20:06:28.332376,False,
CERT000722,PTY00146,28.68714,93.961,solar,1.377,5.733,2026-08-23 14:52:06,2026-08-24 04:52:35.764195,False,
CERT000723,PTY00038,14.89149,89.11827,wind,10.704,32.921,2026-07-23 00:03:38,2026-07-23 07:58:44.522292,False,
CERT000724,PTY00127,19.701,71.88644,solar,10.188,75.284,2026-07-04 23:41:11,2026-07-05 11:16:53.654932,True,impossible_timing
CERT000725,PTY00016,12.0868,91.26371,solar,4.189,21.531,2026-07-08 10:13:02,2026-07-09 11:55:13.783405,False,
CERT000726,PTY00021,28.6841,90.06277,wind,3.819,14.436,2026-09-01 14:21:10,2026-09-02 02:32:05.047233,False,
CERT000727,PTY00009,20.76442,71.53911,solar,9.02,41.797,2026-08-16 23:19:41,2026-08-17 16:55:36.677891,True,impossible_timing
CERT000728,PTY00084,19.25693,86.65536,solar,4.235,34.769,2026-07-10 11:50:17,2026-07-10 22:21:15.762700,False,
CERT000729,PTY00155,12.65976,73.41044,solar,3.698,22.954,2026-07-28 02:23:45,2026-07-29 13:11:46.738397,True,impossible_timing
CERT000730,PTY00088,31.61959,76.17379,solar,7.369,39.098,2026-06-29 17:56:37,2026-06-30 20:21:54.753169,False,
CERT000731,PTY00068,24.77012,69.04233,solar,5.181,38.128,2026-07-21 13:51:32,2026-07-22 12:08:24.963708,False,
CERT000732,PTY00146,28.68714,93.961,solar,0.906,5.733,2026-06-29 13:32:00,2026-06-30 01:17:08.685480,False,
CERT000733,PTY00069,25.13416,68.88451,solar,1.054,7.919,2026-08-15 13:30:32,2026-08-17 14:40:48.147827,False,
CERT000734,PTY00169,12.74602,72.76371,solar,2.835,20.581,2026-08-23 13:42:52,2026-08-23 17:39:18.779592,False,
CERT000735,PTY00144,18.74369,82.05117,solar,2.823,20.16,2026-09-07 13:11:40,2026-09-08 15:20:43.295093,True,circular_trading
CERT000736,PTY00178,8.97244,84.5268,wind,16.728,45.744,2026-09-01 03:44:16,2026-09-01 18:43:28.190155,False,
CERT000737,PTY00077,25.7399,80.1684,wind,13.3,44.783,2026-08-13 01:54:36,2026-08-13 05:30:34.962022,False,
CERT000738,PTY00002,25.43234,88.5341,wind,11.441,42.739,2026-07-03 17:52:58,2026-07-03 19:24:14.801941,True,circular_trading
CERT000739,PTY00095,35.5518,95.56761,solar,3.49,26.66,2026-07-31 14:58:06,2026-08-01 16:52:28.965031,False,
CERT000740,PTY00147,20.97496,83.4459,solar,2.569,15.214,2026-07-16 14:14:12,2026-07-17 19:36:37.427414,False,
CERT000741,PTY00154,25.56747,74.87958,wind,4.051,11.615,2026-06-19 00:28:04,2026-06-19 01:59:45.492334,False,
CERT000742,PTY00093,34.17403,82.65232,wind,8.4,23.895,2026-07-29 17:10:42,2026-07-30 00:38:56.542697,False,
CERT000743,PTY00143,29.69953,73.35111,solar,9.177,65.437,2026-08-31 13:42:50,2026-09-02 02:58:25.095482,False,
CERT000744,PTY00078,18.32321,89.97754,solar,16.773,124.099,2026-07-15 11:51:18,2026-07-16 04:00:42.682458,False,
CERT000745,PTY00060,16.53902,79.16783,wind,18.505,59.876,2026-08-17 09:47:30,2026-08-19 23:25:52.542611,False,
CERT000746,PTY00050,8.14679,72.66343,wind,20.071,65.23,2026-08-06 00:39:31,2026-08-07 04:14:38.748473,False,
CERT000747,PTY00008,36.00333,91.44352,wind,5.742,21.926,2026-08-26 10:07:08,2026-08-27 19:20:53.753491,False,
CERT000748,PTY00028,33.88421,83.64093,solar,14.515,83.642,2026-07-21 13:23:47,2026-07-22 11:49:32.428631,False,
CERT000749,PTY00025,29.91098,74.63515,wind,8.119,21.595,2026-09-07 01:41:00,2026-09-07 04:26:13.087939,False,
CERT000750,PTY00170,27.29072,83.1689,wind,20.362,53.02,2026-07-06 21:24:17,2026-07-08 17:53:02.172326,False,
CERT000751,PTY00057,8.70516,86.7187,solar,2.197,15.327,2026-06-15 16:50:56,2026-06-16 13:43:59.411098,False,
CERT000752,PTY00005,18.62449,81.22603,wind,6.174,23.513,2026-08-12 22:09:18,2026-08-13 18:04:13.069985,False,
CERT000753,PTY00025,29.91098,74.63515,wind,5.264,21.595,2026-07-16 14:39:06,2026-07-17 04:05:16.245523,False,
CERT000754,PTY00004,20.52641,76.44565,solar,2.656,21.755,2026-07-19 18:26:51,2026-07-19 22:59:45.162995,False,
CERT000755,PTY00169,12.74602,72.76371,solar,2.438,20.581,2026-07-13 10:30:27,2026-07-13 16:11:51.712227,False,
CERT000756,PTY00115,31.60006,87.8572,solar,1.528,7.169,2026-09-02 14:32:24,2026-09-02 19:45:54.630568,False,
CERT000757,PTY00167,13.25576,69.92839,solar,4.284,37.932,2026-07-09 14:53:52,2026-07-11 05:28:56.869408,False,
CERT000758,PTY00178,8.97244,84.5268,wind,1.095,45.744,2026-07-22 21:13:34,2026-09-09 01:25:01.743121,True,timestamp_collision
CERT000759,PTY00043,11.98811,77.89092,wind,19.297,54.404,2026-08-01 14:12:50,2026-08-03 06:28:33.930831,False,
CERT000760,PTY00165,27.76358,90.04661,solar,3.5,20.459,2026-08-05 08:40:42,2026-08-05 13:03:30.921056,True,circular_trading
CERT000761,PTY00114,21.44725,78.24721,solar,11.993,72.316,2026-08-11 15:08:06,2026-08-12 09:26:45.746757,False,
CERT000762,PTY00110,36.10977,83.16984,solar,10.555,72.734,2026-09-10 08:56:51,2026-09-10 19:42:15.228126,False,
CERT000763,PTY00163,21.95306,83.44509,solar,1.702,13.312,2026-08-24 10:42:17,2026-08-24 18:19:05.852153,False,
CERT000764,PTY00116,34.41689,91.85358,solar,8.765,44.256,2026-07-10 14:37:08,2026-07-11 00:48:20.646227,False,
CERT000765,PTY00077,25.7399,80.1684,wind,11.267,44.783,2026-07-30 00:50:28,2026-07-30 03:38:03.979260,True,timestamp_collision
CERT000766,PTY00038,14.89149,89.11827,wind,6.123,32.921,2026-07-08 14:00:06,2026-07-08 14:02:55.216812,False,
CERT000767,PTY00102,10.46029,96.61255,solar,7.443,38.98,2026-07-15 13:11:30,2026-07-15 17:07:22.557572,False,
CERT000768,PTY00142,33.33378,94.7053,solar,6.576,34.251,2026-07-08 12:18:12,2026-07-09 05:54:19.601191,False,
CERT000769,PTY00105,34.28428,71.22473,wind,1.704,6.49,2026-08-24 16:48:55,2026-08-24 19:51:07.005140,False,
CERT000770,PTY00164,17.76152,71.89803,solar,6.834,41.026,2026-08-27 12:25:14,2026-08-28 12:03:29.140693,False,
CERT000771,PTY00071,14.25881,86.06382,solar,15.322,115.388,2026-08-29 10:03:28,2026-08-29 12:48:32.132288,False,
CERT000772,PTY00037,15.0196,87.49193,solar,6.239,43.461,2026-06-15 16:50:52,2026-06-15 20:22:25.954644,False,
CERT000773,PTY00041,8.48105,82.8507,solar,19.815,129.708,2026-07-08 10:28:34,2026-07-09 09:47:23.797355,False,
CERT000774,PTY00163,21.95306,83.44509,solar,2.28,13.312,2026-08-16 11:07:28,2026-08-16 14:04:15.039153,False,
CERT000775,PTY00131,30.72594,79.49974,wind,8.387,38.866,2026-08-24 03:22:56,2026-08-25 03:49:07.034923,True,circular_trading
CERT000776,PTY00023,11.12885,68.91145,solar,3.608,24.073,2026-08-10 10:23:30,2026-08-10 11:12:07.527431,False,
CERT000777,PTY00128,29.89898,85.98898,solar,7.316,37.821,2026-07-04 10:01:05,2026-07-05 05:15:01.644845,False,
CERT000778,PTY00148,15.80805,78.94124,solar,6.395,35.29,2026-07-20 16:33:36,2026-07-20 16:46:28.534452,False,
CERT000779,PTY00021,28.6841,90.06277,wind,5.387,14.436,2026-09-03 17:23:46,2026-09-05 02:48:38.306997,False,
CERT000780,PTY00026,16.40279,72.67542,solar,1.552,10.014,2026-07-10 10:59:32,2026-07-10 13:06:58.209848,False,
CERT000781,PTY00077,25.7399,80.1684,wind,20.832,44.783,2026-07-04 18:05:07,2026-07-04 23:25:45.772355,False,
CERT000782,PTY00126,23.08474,92.71326,wind,5.025,25.969,2026-08-07 20:36:55,2026-08-07 20:54:52.665757,False,
CERT000783,PTY00098,10.64498,82.33819,wind,3.092,12.714,2026-08-31 00:25:01,2026-08-31 23:34:34.720645,False,
CERT000784,PTY00015,18.34585,76.1471,solar,9.07,61.495,2026-06-20 12:59:08,2026-06-21 15:50:06.140774,False,
CERT000785,PTY00070,31.85542,78.44553,solar,5.289,44.073,2026-09-07 06:03:53,2026-09-08 21:46:22.238215,False,
CERT000786,PTY00076,23.92757,88.72328,solar,14.689,125.091,2026-08-08 09:07:42,2026-08-09 17:26:04.510904,False,
CERT000787,PTY00050,8.14679,72.66343,wind,12.619,65.23,2026-07-29 15:53:42,2026-07-29 16:15:34.221319,False,
CERT000788,PTY00147,20.97496,83.4459,solar,2.644,15.214,2026-08-27 07:52:20,2026-08-27 10:22:55.546096,False,
CERT000789,PTY00002,25.43234,88.5341,wind,13.743,42.739,2026-07-23 04:51:21,2026-07-23 06:10:07.360975,False,
CERT000790,PTY00125,27.47562,83.08892,wind,5.831,17.076,2026-07-10 18:09:05,2026-07-11 10:10:20.399893,False,
CERT000791,PTY00111,26.19918,84.94512,wind,6.536,23.44,2026-08-20 18:49:03,2026-08-20 20:59:41.139120,False,
CERT000792,PTY00164,17.76152,71.89803,solar,4.865,41.026,2026-08-31 13:45:15,2026-09-01 06:43:45.702230,False,
CERT000793,PTY00065,34.48398,82.82893,wind,13.392,42.248,2026-06-30 17:25:39,2026-06-30 22:55:28.046263,False,
CERT000794,PTY00175,17.71226,72.03889,solar,5.765,37.794,2026-09-11 11:56:42,2026-09-11 13:22:28.939439,False,
CERT000795,PTY00010,8.99727,94.37029,solar,3.022,19.917,2026-09-10 13:17:25,2026-09-10 22:46:48.178474,False,
CERT000796,PTY00011,23.08197,83.8546,solar,2.02,12.036,2026-07-12 14:58:34,2026-07-14 20:25:10.505991,False,
CERT000797,PTY00001,12.52384,69.68442,solar,2.569,13.606,2026-09-06 10:19:06,2026-09-07 14:55:26.531227,False,
CERT000798,PTY00112,9.31795,76.14793,wind,53.21,146.639,2026-07-12 14:11:20,2026-07-13 16:37:44.922176,False,
CERT000799,PTY00059,36.03299,95.94498,wind,13.228,29.985,2026-08-31 21:58:05,2026-08-31 22:03:30.055284,False,
CERT000800,PTY00096,26.32328,81.00492,solar,4.771,20.278,2026-07-24 13:58:04,2026-07-24 16:06:50.456402,False,
CERT000801,PTY00143,29.69953,73.35111,solar,8.283,65.437,2026-07-13 13:34:51,2026-07-14 20:52:29.546864,False,
CERT000802,PTY00154,25.56747,74.87958,wind,4.575,11.615,2026-09-02 16:39:06,2026-09-03 11:40:29.638078,False,
CERT000803,PTY00071,14.25881,86.06382,solar,14.132,115.388,2026-09-06 03:57:13,2026-09-07 06:36:28.142715,True,impossible_timing
CERT000804,PTY00097,29.81886,90.95579,solar,14.24,86.829,2026-08-26 14:50:10,2026-08-26 17:33:55.893165,False,
CERT000805,PTY00020,29.15858,86.48917,solar,13.375,79.815,2026-07-11 13:27:23,2026-07-11 17:39:18.125615,True,circular_trading
CERT000806,PTY00130,19.37508,80.68677,solar,3.374,25.183,2026-08-24 12:21:46,2026-08-24 15:01:35.368793,False,
CERT000807,PTY00123,11.74562,95.66748,wind,9.437,25.78,2026-08-18 12:57:17,2026-08-20 23:15:01.961430,False,
CERT000808,PTY00063,29.48229,88.21346,wind,22.282,77.164,2026-07-29 06:24:23,2026-07-29 11:01:18.061560,False,
CERT000809,PTY00022,30.35805,82.32007,solar,1.448,31.167,2026-07-03 13:40:20,2026-07-02 22:33:44.700613,True,timestamp_collision
CERT000810,PTY00057,8.70516,86.7187,solar,2.622,15.327,2026-07-22 04:33:43,2026-07-23 02:01:35.963903,True,impossible_timing
CERT000811,PTY00128,29.89898,85.98898,solar,5.428,37.821,2026-08-14 15:42:40,2026-08-15 06:50:53.343219,False,
CERT000812,PTY00132,33.00855,95.5361,wind,1.507,5.832,2026-07-05 05:40:27,2026-07-06 21:25:31.528525,False,
CERT000813,PTY00147,20.97496,83.4459,solar,0.749,15.214,2026-08-15 10:56:06,2026-07-31 12:53:39.160709,True,timestamp_collision
CERT000814,PTY00177,17.03994,75.20619,wind,4.469,22.423,2026-08-19 21:43:27,2026-08-20 05:49:50.596443,False,
CERT000815,PTY00019,9.84319,77.01849,wind,2.17,9.909,2026-07-06 18:08:47,2026-07-07 18:30:04.888904,False,
CERT000816,PTY00170,27.29072,83.1689,wind,15.057,53.02,2026-06-27 13:38:28,2026-06-27 18:20:15.124384,False,
CERT000817,PTY00129,8.4218,78.16704,wind,4.292,23.408,2026-08-12 11:46:34,2026-08-12 23:48:44.599268,False,
CERT000818,PTY00142,33.33378,94.7053,solar,4.301,34.251,2026-07-17 13:25:46,2026-07-18 00:17:33.201224,False,
CERT000819,PTY00001,12.52384,69.68442,solar,1.473,13.606,2026-09-09 12:27:13,2026-09-09 16:42:48.309705,False,
CERT000820,PTY00027,33.27236,91.30649,wind,300.0,49.46,2026-08-24 08:27:24,2026-08-24 14:28:49.672154,True,over_capacity
CERT000821,PTY00088,31.61959,76.17379,solar,6.15,39.098,2026-07-16 10:50:54,2026-07-18 12:52:17.823251,False,
CERT000822,PTY00144,18.74369,82.05117,solar,3.532,20.16,2026-08-13 14:58:52,2026-08-13 20:48:21.212363,False,
CERT000823,PTY00044,34.81611,93.44284,solar,4.57,29.115,2026-08-17 12:11:19,2026-08-17 15:56:30.429884,False,
CERT000824,PTY00047,18.12708,89.05271,wind,3.049,10.464,2026-08-07 12:12:59,2026-08-09 16:46:49.200262,False,
CERT000825,PTY00122,36.90247,84.10752,wind,6.989,31.678,2026-08-26 19:39:16,2026-08-27 08:18:04.294384,False,
CERT000826,PTY00079,10.83719,82.25686,solar,4.659,27.387,2026-07-19 13:58:58,2026-07-20 20:54:32.747224,False,
CERT000827,PTY00051,14.50381,88.6532,solar,10.181,76.668,2026-07-15 12:55:06,2026-07-16 12:12:55.193744,False,
CERT000828,PTY00148,15.80805,78.94124,solar,3.905,35.29,2026-08-10 12:54:20,2026-08-11 10:33:42.956858,False,
CERT000829,PTY00021,28.6841,90.06277,wind,3.437,14.436,2026-07-12 07:24:38,2026-07-12 09:24:17.737997,False,
CERT000830,PTY00092,32.89397,80.44083,wind,2.541,12.473,2026-08-30 03:52:19,2026-08-31 06:21:55.042263,True,circular_trading
CERT000831,PTY00007,12.9452,69.8865,solar,5.157,36.517,2026-08-12 12:15:51,2026-08-13 20:42:39.732305,False,
CERT000832,PTY00015,18.34585,76.1471,solar,7.437,61.495,2026-08-10 22:40:52,2026-08-10 21:33:16.403379,True,impossible_timing
CERT000833,PTY00117,20.12905,95.04913,wind,23.739,59.954,2026-06-21 04:04:10,2026-06-21 08:35:04.065071,False,
CERT000834,PTY00149,17.49742,71.4731,solar,1.931,14.168,2026-08-18 11:52:17,2026-08-19 09:24:29.157232,False,
CERT000835,PTY00100,12.14676,90.08381,solar,14.043,136.503,2026-08-23 07:22:33,2026-08-24 12:09:10.028563,False,
CERT000836,PTY00004,20.52641,76.44565,solar,3.114,21.755,2026-07-19 13:44:58,2026-07-19 13:55:24.895720,False,
CERT000837,PTY00026,16.40279,72.67542,solar,1.261,10.014,2026-06-26 12:21:14,2026-06-26 14:00:39.897996,False,
CERT000838,PTY00129,8.4218,78.16704,wind,4.485,23.408,2026-07-22 18:13:07,2026-07-26 01:37:24.660689,False,
CERT000839,PTY00060,16.53902,79.16783,wind,16.643,59.876,2026-08-26 02:50:17,2026-08-26 03:15:01.107066,False,
CERT000840,PTY00019,9.84319,77.01849,wind,2.393,9.909,2026-07-31 09:21:28,2026-07-31 10:03:58.176370,False,
CERT000841,PTY00138,13.57638,69.18519,solar,3.832,26.244,2026-07-28 10:10:46,2026-07-28 19:02:50.261196,False,
CERT000842,PTY00098,10.64498,82.33819,wind,3.616,12.714,2026-08-15 15:06:00,2026-08-16 16:27:35.382782,False,
CERT000843,PTY00078,18.32321,89.97754,solar,21.507,124.099,2026-09-01 10:51:54,2026-09-01 20:54:32.224812,False,
CERT000844,PTY00008,36.00333,91.44352,wind,8.019,21.926,2026-06-17 02:37:28,2026-06-17 06:31:55.699226,False,
CERT000845,PTY00004,20.52641,76.44565,solar,3.513,21.755,2026-07-24 18:16:27,2026-07-25 04:27:07.548405,False,
CERT000846,PTY00004,20.52641,76.44565,solar,3.092,21.755,2026-07-15 14:54:36,2026-07-16 09:32:54.084158,False,
CERT000847,PTY00156,13.02783,94.0062,solar,3.746,20.07,2026-07-27 13:43:07,2026-07-28 02:27:37.703167,False,
CERT000848,PTY00165,27.76358,90.04661,solar,3.547,20.459,2026-06-22 10:14:21,2026-06-22 11:38:35.690070,False,
CERT000849,PTY00117,20.12905,95.04913,wind,19.106,59.954,2026-07-07 18:07:38,2026-07-08 09:02:03.225840,False,
CERT000850,PTY00149,17.49742,71.4731,solar,2.104,14.168,2026-07-10 12:43:11,2026-07-11 08:15:02.321893,False,
CERT000851,PTY00091,30.51598,77.8833,wind,2.144,7.924,2026-07-07 07:19:07,2026-07-07 13:56:07.424424,False,
CERT000852,PTY00111,26.19918,84.94512,wind,8.117,23.44,2026-07-20 22:45:14,2026-07-20 23:51:45.784182,False,
CERT000853,PTY00067,17.80186,78.89191,wind,12.564,39.878,2026-06-20 18:01:43,2026-06-20 22:24:13.468288,False,
CERT000854,PTY00153,24.55257,78.32681,solar,13.004,101.148,2026-08-05 13:38:46,2026-08-05 16:03:25.381147,False,
CERT000855,PTY00149,17.49742,71.4731,solar,2.336,14.168,2026-07-02 11:16:46,2026-07-02 17:09:33.709393,False,
CERT000856,PTY00053,24.48095,70.71657,wind,14.926,46.506,2026-08-12 04:08:45,2026-08-13 09:47:27.004991,True,circular_trading
CERT000857,PTY00136,12.02599,86.58537,solar,5.014,31.179,2026-09-10 09:41:34,2026-09-10 13:46:56.300465,False,
CERT000858,PTY00180,11.69717,79.52133,wind,22.132,64.284,2026-08-13 23:01:19,2026-08-14 13:09:27.143069,False,
CERT000859,PTY00108,16.28565,93.18937,solar,9.789,61.356,2026-08-29 16:19:53,2026-08-29 21:16:11.013168,False,
CERT000860,PTY00071,14.25881,86.06382,solar,17.42,115.388,2026-06-27 10:13:43,2026-06-28 07:29:27.170163,False,
CERT000861,PTY00167,13.25576,69.92839,solar,4.472,37.932,2026-09-04 15:44:05,2026-09-06 04:37:44.953261,False,
CERT000862,PTY00018,18.39551,71.3602,solar,11.123,67.37,2026-06-19 11:38:54,2026-06-19 18:34:01.348645,False,
CERT000863,PTY00100,12.14676,90.08381,solar,23.268,136.503,2026-08-21 13:17:56,2026-08-22 10:26:42.824230,False,
CERT000864,PTY00088,31.61959,76.17379,solar,6.884,39.098,2026-07-30 18:45:07,2026-07-30 23:34:29.393901,False,
CERT000865,PTY00026,16.40279,72.67542,solar,2.248,10.014,2026-06-26 10:02:27,2026-06-27 06:59:05.307643,False,
CERT000866,PTY00141,31.1829,86.20911,solar,4.458,30.522,2026-06-30 10:44:41,2026-07-02 18:28:26.856620,False,
CERT000867,PTY00134,22.28592,77.5338,wind,15.182,62.622,2026-07-11 14:03:55,2026-07-11 18:08:58.566122,False,
CERT000868,PTY00116,34.41689,91.85358,solar,4.908,44.256,2026-08-30 14:22:20,2026-09-01 23:47:31.433969,False,
CERT000869,PTY00115,31.60006,87.8572,solar,0.872,7.169,2026-07-26 12:13:29,2026-07-27 11:28:46.929956,True,circular_trading
CERT000870,PTY00128,29.89898,85.98898,solar,5.239,37.821,2026-09-04 18:31:11,2026-09-05 06:15:06.042649,False,
CERT000871,PTY00166,21.67571,79.94339,solar,11.929,60.837,2026-07-09 11:42:11,2026-07-09 22:37:40.339039,False,
CERT000872,PTY00180,11.69717,79.52133,wind,15.919,64.284,2026-09-04 07:39:32,2026-09-04 15:10:41.036544,False,
CERT000873,PTY00040,17.30262,73.40904,wind,36.489,100.873,2026-08-19 18:21:04,2026-08-21 23:46:06.301207,False,
CERT000874,PTY00024,17.11632,82.74855,wind,11.266,31.542,2026-07-05 05:36:03,2026-07-05 06:08:24.322697,False,
CERT000875,PTY00015,18.34585,76.1471,solar,12.789,61.495,2026-07-27 09:08:42,2026-07-27 09:22:45.352729,False,
CERT000876,PTY00166,21.67571,79.94339,solar,10.035,60.837,2026-08-04 17:14:00,2026-08-05 03:15:00.386950,False,
CERT000877,PTY00077,25.7399,80.1684,wind,11.412,44.783,2026-07-16 12:42:08,2026-07-17 09:37:27.243778,False,
CERT000878,PTY00078,18.32321,89.97754,solar,30.648,124.099,2026-06-28 12:31:49,2026-06-29 02:54:10.683559,False,
CERT000879,PTY00156,13.02783,94.0062,solar,3.166,20.07,2026-08-16 09:16:39,2026-08-16 11:33:41.729065,False,
CERT000880,PTY00121,33.07695,91.57413,solar,3.845,30.359,2026-06-27 14:05:16,2026-06-28 05:16:45.087151,False,
CERT000881,PTY00026,16.40279,72.67542,solar,2.825,10.014,2026-06-28 08:44:59,2026-08-10 00:22:45.760936,True,timestamp_collision
CERT000882,PTY00084,19.25693,86.65536,solar,38.428,34.769,2026-09-02 12:55:37,2026-09-02 22:06:25.100559,True,over_capacity
CERT000883,PTY00106,8.32926,81.59116,solar,14.442,116.283,2026-07-09 08:15:53,2026-07-10 21:41:46.537404,False,
CERT000884,PTY00022,30.35805,82.32007,solar,4.298,31.167,2026-08-04 16:53:25,2026-08-05 07:27:46.690880,False,
CERT000885,PTY00168,24.65972,92.41303,wind,8.978,35.57,2026-07-22 16:52:17,2026-07-25 01:41:29.556325,False,
CERT000886,PTY00080,13.02285,80.5817,solar,20.809,148.058,2026-07-28 08:38:05,2026-07-28 14:28:45.068799,True,circular_trading
CERT000887,PTY00157,36.48898,71.24913,solar,0.842,4.472,2026-08-04 06:06:33,2026-08-05 12:46:33.754860,False,
CERT000888,PTY00096,26.32328,81.00492,solar,3.174,20.278,2026-07-02 14:34:00,2026-07-03 02:12:10.581676,False,
CERT000889,PTY00021,28.6841,90.06277,wind,5.017,14.436,2026-08-08 17:20:53,2026-08-09 11:44:40.311492,False,
CERT000890,PTY00162,11.33027,85.70798,solar,2.779,14.855,2026-07-22 04:41:22,2026-07-22 13:35:58.727831,True,impossible_timing
CERT000891,PTY00109,36.79598,70.1401,solar,5.42,35.013,2026-08-19 11:49:28,2026-08-20 20:17:30.119595,False,
CERT000892,PTY00055,26.30302,91.04953,wind,16.806,66.883,2026-06-26 01:29:29,2026-06-26 22:55:04.118199,False,
CERT000893,PTY00090,16.179,73.14575,wind,32.398,105.852,2026-07-10 19:16:16,2026-07-11 10:35:26.348555,False,
CERT000894,PTY00171,31.68138,80.73491,solar,2.874,26.678,2026-07-14 11:17:39,2026-07-14 21:40:30.167473,False,
CERT000895,PTY00131,30.72594,79.49974,wind,14.9,38.866,2026-08-05 08:36:01,2026-08-06 00:18:48.342779,False,
CERT000896,PTY00173,34.08766,79.13285,wind,11.332,9.354,2026-08-15 09:46:04,2026-08-15 17:25:47.170290,True,over_capacity
CERT000897,PTY00040,17.30262,73.40904,wind,35.212,100.873,2026-08-23 02:28:41,2026-08-24 16:57:14.292309,False,
CERT000898,PTY00133,15.48909,81.31494,solar,4.839,32.728,2026-09-09 10:42:16,2026-09-09 17:06:22.336932,False,
CERT000899,PTY00176,25.98211,83.47037,wind,16.449,52.203,2026-09-07 08:30:40,2026-09-07 10:55:50.312151,False,
CERT000900,PTY00069,25.13416,68.88451,solar,0.925,7.919,2026-08-15 18:09:27,2026-08-16 07:16:25.560118,False,
CERT000901,PTY00174,34.28769,86.1029,solar,3.934,33.543,2026-07-22 15:30:14,2026-07-23 03:12:19.555380,False,
CERT000902,PTY00114,21.44725,78.24721,solar,250.0,72.316,2026-07-10 12:53:04,2026-07-11 05:04:19.502459,True,over_capacity
CERT000903,PTY00070,31.85542,78.44553,solar,6.431,44.073,2026-06-27 14:44:43,2026-06-27 16:41:53.534944,False,
CERT000904,PTY00147,20.97496,83.4459,solar,3.305,15.214,2026-07-28 06:26:40,2026-07-28 09:00:31.862340,False,
CERT000905,PTY00107,24.91769,95.903,solar,15.528,91.552,2026-08-29 14:19:10,2026-08-29 22:35:19.257131,False,
CERT000906,PTY00047,18.12708,89.05271,wind,3.098,10.464,2026-07-10 20:45:17,2026-07-11 08:38:16.685019,False,
CERT000907,PTY00060,16.53902,79.16783,wind,283.79,59.876,2026-07-16 14:59:28,2026-07-17 20:27:20.103102,True,over_capacity
CERT000908,PTY00116,34.41689,91.85358,solar,8.12,44.256,2026-08-02 02:14:55,2026-08-04 02:32:21.263251,True,impossible_timing
CERT000909,PTY00014,9.31159,77.43458,solar,10.825,67.048,2026-08-23 10:07:04,2026-08-24 14:31:40.545649,False,
CERT000910,PTY00048,33.72551,90.61639,wind,21.809,85.848,2026-06-27 03:28:13,2026-06-27 22:16:00.385288,False,
CERT000911,PTY00161,20.33766,82.7207,wind,7.749,21.081,2026-07-23 14:53:56,2026-07-24 10:46:46.695862,False,
CERT000912,PTY00161,20.33766,82.7207,wind,5.505,21.081,2026-07-29 07:55:36,2026-07-29 11:53:00.601387,False,
CERT000913,PTY00068,24.77012,69.04233,solar,9.525,38.128,2026-08-19 12:37:31,2026-08-20 13:16:03.053205,False,
CERT000914,PTY00081,9.31382,78.86377,solar,16.534,113.801,2026-06-18 09:26:21,2026-06-18 23:15:25.465929,False,
CERT000915,PTY00115,31.60006,87.8572,solar,1.266,7.169,2026-08-24 12:13:37,2026-08-25 21:24:26.313544,False,
CERT000916,PTY00133,15.48909,81.31494,solar,4.011,32.728,2026-07-09 13:05:45,2026-07-09 21:31:23.734099,False,
CERT000917,PTY00176,25.98211,83.47037,wind,15.443,52.203,2026-06-14 03:31:00,2026-06-14 11:22:02.943906,False,
CERT000918,PTY00055,26.30302,91.04953,wind,12.286,66.883,2026-08-24 20:57:08,2026-08-26 09:02:50.759751,False,
CERT000919,PTY00025,29.91098,74.63515,wind,7.994,21.595,2026-08-05 23:23:59,2026-08-06 00:50:17.290770,False,
CERT000920,PTY00176,25.98211,83.47037,wind,15.713,52.203,2026-07-17 09:46:39,2026-07-19 03:08:56.142039,False,
CERT000921,PTY00100,12.14676,90.08381,solar,21.353,136.503,2026-09-09 09:50:26,2026-09-12 23:51:52.466588,False,
CERT000922,PTY00080,13.02285,80.5817,solar,17.913,148.058,2026-08-19 18:52:36,2026-08-20 20:18:51.032696,False,
CERT000923,PTY00113,25.98385,76.04405,wind,13.182,30.303,2026-08-31 22:47:18,2026-09-01 22:00:53.055843,False,
CERT000924,PTY00094,17.28144,93.97017,wind,13.766,40.825,2026-08-22 20:35:52,2026-08-23 14:45:20.968759,False,
CERT000925,PTY00135,11.73751,71.71333,wind,8.113,30.014,2026-07-31 12:02:01,2026-07-31 18:10:30.373290,False,
CERT000926,PTY00127,19.701,71.88644,solar,10.104,75.284,2026-08-09 12:12:29,2026-08-09 12:49:27.248550,False,
CERT000927,PTY00171,31.68138,80.73491,solar,3.529,26.678,2026-07-10 09:44:21,2026-07-11 11:36:00.792523,True,circular_trading
CERT000928,PTY00047,18.12708,89.05271,wind,2.681,10.464,2026-07-19 17:52:13,2026-07-20 01:32:42.893116,False,
CERT000929,PTY00060,16.53902,79.16783,wind,20.726,59.876,2026-07-13 20:26:16,2026-07-17 16:53:45.224883,False,
CERT000930,PTY00090,16.179,73.14575,wind,44.149,105.852,2026-06-30 08:29:50,2026-07-01 10:04:10.066653,False,
CERT000931,PTY00048,33.72551,90.61639,wind,32.674,85.848,2026-06-24 22:59:37,2026-06-25 17:00:55.570045,False,
CERT000932,PTY00122,36.90247,84.10752,wind,6.93,31.678,2026-09-01 23:27:09,2026-09-01 23:36:31.638492,False,
CERT000933,PTY00069,25.13416,68.88451,solar,0.918,7.919,2026-08-27 23:27:58,2026-08-28 05:25:53.999759,True,impossible_timing
CERT000934,PTY00168,24.65972,92.41303,wind,11.648,35.57,2026-07-27 17:53:47,2026-07-31 00:33:20.022527,False,
CERT000935,PTY00065,34.48398,82.82893,wind,12.936,42.248,2026-08-17 04:43:30,2026-08-19 20:23:17.621928,False,
CERT000936,PTY00084,19.25693,86.65536,solar,4.528,34.769,2026-07-31 00:51:41,2026-08-01 03:21:13.277584,True,impossible_timing
CERT000937,PTY00044,34.81611,93.44284,solar,4.903,29.115,2026-09-03 23:47:32,2026-09-04 03:25:08.958746,True,impossible_timing
CERT000938,PTY00119,19.04583,96.12752,solar,7.517,41.946,2026-07-03 13:17:59,2026-07-03 15:34:16.268086,False,
CERT000939,PTY00146,28.68714,93.961,solar,1.035,5.733,2026-08-15 09:41:04,2026-08-16 16:32:50.717806,False,
CERT000940,PTY00094,17.28144,93.97017,wind,18.583,40.825,2026-08-08 11:25:32,2026-08-08 22:59:37.497405,False,
CERT000941,PTY00055,26.30302,91.04953,wind,21.607,66.883,2026-09-06 11:15:53,2026-09-06 19:29:29.404519,False,
CERT000942,PTY00041,8.48105,82.8507,solar,22.556,129.708,2026-09-10 10:12:17,2026-09-10 21:08:18.497724,False,
CERT000943,PTY00109,36.79598,70.1401,solar,6.518,35.013,2026-07-28 13:16:37,2026-07-28 19:22:41.651727,False,
CERT000944,PTY00141,31.1829,86.20911,solar,5.881,30.522,2026-06-22 12:03:38,2026-06-23 19:04:42.106428,False,
CERT000945,PTY00132,33.00855,95.5361,wind,1.907,5.832,2026-07-29 06:57:07,2026-07-30 07:00:44.213337,False,
CERT000946,PTY00081,9.31382,78.86377,solar,14.815,113.801,2026-07-10 10:23:38,2026-07-10 21:23:41.161503,False,
CERT000947,PTY00160,24.57677,76.11939,solar,3.51,21.627,2026-08-13 12:13:47,2026-08-15 05:22:34.340661,False,
CERT000948,PTY00066,31.15056,86.84895,solar,172.773,40.681,2026-07-14 10:02:37,2026-07-14 10:25:03.278001,True,over_capacity
CERT000949,PTY00172,21.41771,76.73996,solar,15.892,70.675,2026-07-28 11:01:20,2026-07-28 21:47:28.611114,False,
CERT000950,PTY00176,25.98211,83.47037,wind,14.415,52.203,2026-08-22 20:23:25,2026-08-23 05:44:18.713241,False,
CERT000951,PTY00131,30.72594,79.49974,wind,17.937,38.866,2026-09-08 21:48:13,2026-09-08 22:57:43.272849,False,
CERT000952,PTY00083,24.98749,95.26668,wind,5.302,28.164,2026-08-08 21:20:35,2026-08-09 14:41:29.524549,False,
CERT000953,PTY00142,33.33378,94.7053,solar,9.792,34.251,2026-06-30 07:17:31,2026-06-30 14:22:10.536441,False,
CERT000954,PTY00154,25.56747,74.87958,wind,2.906,11.615,2026-07-24 07:03:35,2026-07-24 09:29:30.907003,False,
CERT000955,PTY00120,32.31153,81.5921,wind,3.273,13.765,2026-07-01 13:21:15,2026-07-01 13:24:24.765057,False,
CERT000956,PTY00137,21.74489,87.35917,solar,6.978,60.213,2026-07-15 07:39:57,2026-07-15 20:46:18.642958,False,
CERT000957,PTY00139,10.57237,71.49844,solar,2.053,17.246,2026-07-02 12:47:04,2026-07-02 18:49:25.226511,False,
CERT000958,PTY00144,18.74369,82.05117,solar,4.313,20.16,2026-08-31 07:11:10,2026-09-01 10:45:55.728927,False,
CERT000959,PTY00171,31.68138,80.73491,solar,3.42,26.678,2026-09-10 15:07:37,2026-09-10 15:47:51.371728,False,
CERT000960,PTY00078,18.32321,89.97754,solar,500.0,124.099,2026-08-15 14:12:40,2026-08-17 20:12:23.543332,True,over_capacity
CERT000961,PTY00102,10.46029,96.61255,solar,4.499,38.98,2026-08-18 13:08:58,2026-08-18 16:19:36.962785,False,
CERT000962,PTY00148,15.80805,78.94124,solar,4.927,35.29,2026-08-18 09:07:49,2026-08-19 19:43:16.793824,False,
CERT000963,PTY00040,17.30262,73.40904,wind,26.609,100.873,2026-08-19 20:59:58,2026-08-19 23:15:10.637209,False,
CERT000964,PTY00117,20.12905,95.04913,wind,16.509,59.954,2026-08-23 00:16:56,2026-08-23 06:06:43.710163,False,
CERT000965,PTY00166,21.67571,79.94339,solar,71.273,60.837,2026-06-25 12:34:35,2026-06-25 17:59:03.811731,True,over_capacity
CERT000966,PTY00025,29.91098,74.63515,wind,6.217,21.595,2026-07-02 22:06:41,2026-07-03 16:07:37.764614,False,
CERT000967,PTY00027,33.27236,91.30649,wind,14.026,49.46,2026-08-16 04:22:06,2026-08-16 22:29:47.884293,False,
CERT000968,PTY00074,31.0604,75.85414,solar,6.79,64.265,2026-06-26 09:53:15,2026-06-30 17:46:01.077997,False,
CERT000969,PTY00079,10.83719,82.25686,solar,4.127,27.387,2026-06-23 11:21:31,2026-06-28 04:10:39.397648,False,
CERT000970,PTY00060,16.53902,79.16783,wind,16.076,59.876,2026-08-06 16:40:54,2026-08-07 10:34:01.681515,True,circular_trading
CERT000971,PTY00071,14.25881,86.06382,solar,12.41,115.388,2026-06-28 12:14:37,2026-06-30 04:56:55.366146,False,
CERT000972,PTY00161,20.33766,82.7207,wind,101.846,21.081,2026-07-23 05:51:25,2026-07-24 05:28:23.727423,True,over_capacity
CERT000973,PTY00032,35.34438,77.37289,solar,4.695,43.659,2026-08-27 12:27:57,2026-08-28 18:37:05.710691,False,
CERT000974,PTY00069,25.13416,68.88451,solar,1.099,7.919,2026-08-23 13:50:15,2026-08-23 23:04:35.168466,False,
CERT000975,PTY00140,13.98368,78.56383,solar,3.546,21.174,2026-09-04 13:15:51,2026-09-04 15:22:36.269339,False,
CERT000976,PTY00164,17.76152,71.89803,solar,5.808,41.026,2026-08-05 13:13:50,2026-08-05 23:49:32.554941,False,
CERT000977,PTY00116,34.41689,91.85358,solar,10.369,44.256,2026-08-27 10:33:13,2026-08-27 13:10:03.409989,False,
CERT000978,PTY00113,25.98385,76.04405,wind,9.131,30.303,2026-07-19 02:15:27,2026-07-19 23:05:33.907917,False,
CERT000979,PTY00103,35.47021,96.59403,solar,14.655,83.386,2026-08-22 15:22:59,2026-08-22 22:37:01.545632,False,
CERT000980,PTY00045,24.10082,83.35987,solar,9.429,76.332,2026-07-13 12:03:53,2026-07-15 13:03:22.288669,False,
CERT000981,PTY00026,16.40279,72.67542,solar,1.702,10.014,2026-08-20 12:27:55,2026-08-20 21:03:53.142135,False,
CERT000982,PTY00082,22.59095,92.83821,wind,38.515,95.451,2026-07-22 05:09:01,2026-07-22 05:09:14.335296,False,
CERT000983,PTY00174,34.28769,86.1029,solar,6.041,33.543,2026-08-30 09:34:33,2026-08-31 21:02:08.999403,False,
CERT000984,PTY00092,32.89397,80.44083,wind,4.669,12.473,2026-08-03 16:18:53,2026-08-04 08:39:14.829654,False,
CERT000985,PTY00042,26.71001,73.05663,solar,12.759,66.611,2026-07-30 15:05:59,2026-08-01 03:08:19.599809,False,
CERT000986,PTY00039,23.53747,70.6184,solar,14.167,101.918,2026-08-09 10:13:26,2026-08-09 23:10:22.792447,False,
CERT000987,PTY00048,33.72551,90.61639,wind,25.246,85.848,2026-07-05 21:03:16,2026-07-08 01:37:24.731257,False,
CERT000988,PTY00038,14.89149,89.11827,wind,10.798,32.921,2026-08-04 13:29:09,2026-08-04 17:22:58.321351,False,
CERT000989,PTY00087,17.25029,92.50138,solar,3.448,22.44,2026-07-21 13:21:31,2026-07-21 13:27:56.448121,False,
CERT000990,PTY00097,29.81886,90.95579,solar,18.346,86.829,2026-07-04 12:16:43,2026-07-04 12:30:41.056797,False,
CERT000991,PTY00125,27.47562,83.08892,wind,7.084,17.076,2026-09-11 18:03:56,2026-09-13 03:16:15.731585,False,
CERT000992,PTY00034,22.42021,76.72547,solar,13.572,101.816,2026-08-12 14:47:53,2026-08-13 05:45:41.343800,False,
CERT000993,PTY00072,9.49877,83.40928,solar,5.99,36.702,2026-07-10 00:19:12,2026-07-11 11:29:11.333895,True,impossible_timing
CERT000994,PTY00162,11.33027,85.70798,solar,2.414,14.855,2026-08-03 11:02:46,2026-08-06 15:50:06.034230,False,
CERT000995,PTY00142,33.33378,94.7053,solar,5.994,34.251,2026-08-05 12:19:50,2026-08-05 14:36:47.178095,False,
CERT000996,PTY00027,33.27236,91.30649,wind,9.016,49.46,2026-06-29 00:09:16,2026-06-29 07:21:43.712262,False,
CERT000997,PTY00151,23.57609,85.01839,wind,25.0,16.458,2026-08-12 21:19:21,2026-08-13 05:39:58.508623,True,over_capacity
CERT000998,PTY00173,34.08766,79.13285,wind,3.006,9.354,2026-09-08 22:14:58,2026-09-09 17:52:01.441514,False,
CERT000999,PTY00021,28.6841,90.06277,wind,4.193,14.436,2026-07-06 01:32:15,2026-07-07 21:48:16.491142,False,
CERT001000,PTY00028,33.88421,83.64093,solar,11.676,83.642,2026-08-03 12:17:55,2026-08-04 07:51:32.540663,False,
CERT001001,PTY00084,19.25693,86.65536,solar,5.368,34.769,2026-07-12 12:12:53,2026-07-14 13:31:27.959446,False,
CERT001002,PTY00178,8.97244,84.5268,wind,13.235,45.744,2026-07-27 19:03:20,2026-07-29 14:57:53.484267,False,
CERT001003,PTY00144,18.74369,82.05117,solar,2.896,20.16,2026-08-22 12:15:34,2026-08-24 10:35:35.206335,False,
CERT001004,PTY00048,33.72551,90.61639,wind,30.852,85.848,2026-07-27 23:48:51,2026-07-28 10:11:05.283200,False,
CERT001005,PTY00094,17.28144,93.97017,wind,7.958,40.825,2026-08-26 20:14:49,2026-08-27 19:38:49.622456,False,
CERT001006,PTY00108,16.28565,93.18937,solar,13.416,61.356,2026-08-20 11:34:50,2026-08-20 13:36:40.522921,True,timestamp_collision
CERT001007,PTY00146,28.68714,93.961,solar,10.499,5.733,2026-07-21 12:32:09,2026-09-10 20:13:15.276550,True,timestamp_collision
CERT001008,PTY00104,18.91153,70.42152,wind,4.699,22.603,2026-08-15 09:47:04,2026-08-18 03:10:33.850631,False,
CERT001009,PTY00180,11.69717,79.52133,wind,26.068,64.284,2026-06-16 05:46:07,2026-06-18 03:16:35.185558,False,
CERT001010,PTY00079,10.83719,82.25686,solar,5.759,27.387,2026-07-12 12:02:36,2026-07-15 07:06:34.401908,False,
CERT001011,PTY00108,16.28565,93.18937,solar,9.885,61.356,2026-08-08 15:46:58,2026-08-09 03:48:10.637224,False,
CERT001012,PTY00135,11.73751,71.71333,wind,7.009,30.014,2026-07-24 11:42:35,2026-07-25 13:36:56.032619,False,
CERT001013,PTY00041,8.48105,82.8507,solar,24.136,129.708,2026-09-10 09:52:43,2026-09-10 20:11:30.032043,True,circular_trading
CERT001014,PTY00081,9.31382,78.86377,solar,19.052,113.801,2026-07-12 12:06:15,2026-07-13 10:13:18.264644,False,
CERT001015,PTY00094,17.28144,93.97017,wind,10.71,40.825,2026-08-08 09:18:04,2026-08-09 10:41:29.386725,False,
CERT001016,PTY00149,17.49742,71.4731,solar,1.748,14.168,2026-08-10 07:14:54,2026-08-12 11:11:43.186336,False,
CERT001017,PTY00054,15.69087,75.0757,solar,7.506,70.276,2026-09-06 12:30:05,2026-09-08 07:26:00.375334,True,circular_trading
CERT001018,PTY00145,29.67666,69.06381,wind,4.674,20.061,2026-08-10 21:37:06,2026-08-12 00:26:36.698798,False,
CERT001019,PTY00061,24.14724,95.14849,wind,3.112,15.787,2026-07-08 17:50:43,2026-07-08 17:55:56.454208,False,
CERT001020,PTY00048,33.72551,90.61639,wind,21.135,85.848,2026-09-07 23:39:42,2026-09-08 10:48:09.999823,True,circular_trading
CERT001021,PTY00053,24.48095,70.71657,wind,10.827,46.506,2026-08-20 13:15:48,2026-08-21 20:09:01.033156,False,
CERT001022,PTY00060,16.53902,79.16783,wind,19.766,59.876,2026-07-21 23:29:01,2026-07-22 00:15:25.722876,False,
CERT001023,PTY00057,8.70516,86.7187,solar,2.194,15.327,2026-07-10 12:23:13,2026-07-12 16:50:56.557029,False,
CERT001024,PTY00123,11.74562,95.66748,wind,6.547,25.78,2026-07-05 02:04:37,2026-07-05 23:13:54.164275,False,
CERT001025,PTY00147,20.97496,83.4459,solar,3.189,15.214,2026-06-17 10:39:32,2026-06-17 10:42:06.311436,False,
CERT001026,PTY00124,14.63064,87.47932,wind,3.32,9.214,2026-08-31 00:05:40,2026-08-31 04:08:05.667755,False,
CERT001027,PTY00132,33.00855,95.5361,wind,1.188,5.832,2026-06-30 11:01:16,2026-07-02 01:39:13.590314,False,
CERT001028,PTY00112,9.31795,76.14793,wind,55.803,146.639,2026-08-31 20:20:59,2026-09-01 13:11:15.471247,False,
CERT001029,PTY00074,31.0604,75.85414,solar,6.995,64.265,2026-08-13 08:55:31,2026-08-13 15:41:06.093144,False,
CERT001030,PTY00023,11.12885,68.91145,solar,4.561,24.073,2026-07-22 12:12:44,2026-07-22 13:42:56.868437,False,
CERT001031,PTY00023,11.12885,68.91145,solar,6.316,24.073,2026-08-05 09:26:05,2026-08-05 13:35:07.173444,False,
CERT001032,PTY00038,14.89149,89.11827,wind,11.409,32.921,2026-08-11 10:38:49,2026-08-11 20:05:29.394037,False,
CERT001033,PTY00157,36.48898,71.24913,solar,0.538,4.472,2026-06-22 09:38:25,2026-06-22 21:48:51.912194,True,circular_trading
CERT001034,PTY00098,10.64498,82.33819,wind,5.373,12.714,2026-08-29 06:26:24,2026-08-30 05:02:49.687519,False,
CERT001035,PTY00169,12.74602,72.76371,solar,3.364,20.581,2026-08-27 11:12:36,2026-08-28 02:06:33.689405,False,
CERT001036,PTY00071,14.25881,86.06382,solar,13.702,115.388,2026-09-07 17:45:55,2026-09-08 16:43:11.839862,False,
CERT001037,PTY00019,9.84319,77.01849,wind,3.247,9.909,2026-07-30 19:56:18,2026-07-31 23:29:03.348437,False,
CERT001038,PTY00120,32.31153,81.5921,wind,3.233,13.765,2026-09-11 09:11:41,2026-09-12 00:26:57.025849,False,
CERT001039,PTY00098,10.64498,82.33819,wind,4.249,12.714,2026-07-20 07:22:58,2026-07-21 14:34:11.530722,True,circular_trading
CERT001040,PTY00073,36.29971,82.97271,solar,11.732,98.568,2026-08-04 10:40:45,2026-08-05 01:03:51.008809,False,
CERT001041,PTY00063,29.48229,88.21346,wind,20.018,77.164,2026-07-11 14:38:32,2026-07-12 04:16:17.634142,False,
CERT001042,PTY00040,17.30262,73.40904,wind,30.19,100.873,2026-07-20 05:03:10,2026-07-20 07:45:32.916666,False,
CERT001043,PTY00030,31.72243,92.96119,solar,13.585,56.741,2026-09-09 14:14:17,2026-09-09 15:21:04.145657,False,
CERT001044,PTY00119,19.04583,96.12752,solar,7.169,41.946,2026-07-30 10:37:11,2026-07-31 05:34:47.889351,False,
CERT001045,PTY00149,17.49742,71.4731,solar,2.134,14.168,2026-06-26 10:45:51,2026-06-26 23:23:09.068354,False,
CERT001046,PTY00174,34.28769,86.1029,solar,5.227,33.543,2026-06-26 13:27:30,2026-06-29 12:28:25.416173,False,
CERT001047,PTY00137,21.74489,87.35917,solar,8.227,60.213,2026-07-25 08:31:01,2026-07-25 16:55:52.240436,False,
CERT001048,PTY00043,11.98811,77.89092,wind,12.63,54.404,2026-06-16 13:43:47,2026-06-16 20:29:56.032200,False,
CERT001049,PTY00052,17.43659,89.64825,solar,15.06,95.592,2026-07-26 11:41:43,2026-07-26 13:15:17.950358,False,
CERT001050,PTY00179,31.81646,71.20832,wind,9.122,25.078,2026-07-20 08:05:12,2026-07-21 08:10:43.238325,False,
CERT001051,PTY00173,34.08766,79.13285,wind,2.423,9.354,2026-08-24 08:00:12,2026-08-24 15:52:14.663957,False,
CERT001052,PTY00014,9.31159,77.43458,solar,10.135,67.048,2026-06-25 16:26:08,2026-06-26 00:59:53.503639,False,
CERT001053,PTY00064,18.42524,76.51416,wind,8.957,34.504,2026-06-20 02:03:13,2026-06-20 08:55:27.776075,False,
CERT001054,PTY00064,18.42524,76.51416,wind,13.584,34.504,2026-07-30 23:45:46,2026-08-01 02:53:39.095677,False,
CERT001055,PTY00105,34.28428,71.22473,wind,1.871,6.49,2026-06-20 08:35:46,2026-06-20 12:16:20.067618,False,
CERT001056,PTY00086,13.67794,70.01148,wind,40.605,35.05,2026-09-05 08:11:18,2026-09-05 20:28:04.504739,True,over_capacity
CERT001057,PTY00007,12.9452,69.8865,solar,4.03,36.517,2026-07-29 09:46:51,2026-07-29 13:46:11.369928,False,
CERT001058,PTY00122,36.90247,84.10752,wind,13.692,31.678,2026-09-07 20:13:01,2026-09-08 21:07:15.745651,False,
CERT001059,PTY00086,13.67794,70.01148,wind,7.874,35.05,2026-09-03 15:08:26,2026-09-04 17:09:29.780156,False,
CERT001060,PTY00040,17.30262,73.40904,wind,22.359,100.873,2026-08-17 08:58:12,2026-08-17 14:39:11.288832,False,
CERT001061,PTY00113,25.98385,76.04405,wind,8.966,30.303,2026-06-27 23:59:53,2026-06-28 00:47:08.503712,False,
CERT001062,PTY00056,24.73021,82.28301,solar,4.046,27.339,2026-06-16 16:24:03,2026-06-16 20:28:36.045453,False,
CERT001063,PTY00162,11.33027,85.70798,solar,3.25,14.855,2026-07-08 10:15:39,2026-07-09 07:48:01.103793,False,
CERT001064,PTY00056,24.73021,82.28301,solar,3.726,27.339,2026-09-08 10:46:14,2026-09-08 16:19:14.123046,False,
CERT001065,PTY00019,9.84319,77.01849,wind,5.189,9.909,2026-07-04 14:43:34,2026-06-28 03:06:40.931049,True,timestamp_collision
CERT001066,PTY00089,33.44669,89.31706,solar,10.269,70.924,2026-06-26 13:12:23,2026-06-27 02:31:58.633486,False,
CERT001067,PTY00106,8.32926,81.59116,solar,19.92,116.283,2026-07-06 13:05:43,2026-07-08 00:45:28.016869,True,circular_trading
CERT001068,PTY00157,36.48898,71.24913,solar,0.911,4.472,2026-08-17 04:16:29,2026-08-17 12:53:47.021030,True,impossible_timing
CERT001069,PTY00105,34.28428,71.22473,wind,1.545,6.49,2026-07-10 12:48:18,2026-07-10 18:50:27.930333,False,
CERT001070,PTY00118,9.31134,68.76464,wind,35.274,107.913,2026-07-04 11:34:29,2026-07-04 17:52:08.375306,False,
CERT001071,PTY00046,10.69998,94.01926,solar,8.95,50.459,2026-06-17 14:10:10,2026-06-18 15:48:12.000943,False,
CERT001072,PTY00061,24.14724,95.14849,wind,7.084,15.787,2026-08-09 07:10:00,2026-08-09 10:58:28.937027,False,
CERT001073,PTY00113,25.98385,76.04405,wind,8.179,30.303,2026-07-15 20:05:31,2026-07-15 21:28:28.547696,False,
CERT001074,PTY00052,17.43659,89.64825,solar,15.174,95.592,2026-07-16 08:57:24,2026-07-16 11:28:02.837743,False,
CERT001075,PTY00117,20.12905,95.04913,wind,15.121,59.954,2026-08-24 19:41:33,2026-08-24 22:35:11.590037,False,
CERT001076,PTY00025,29.91098,74.63515,wind,6.123,21.595,2026-09-09 12:40:37,2026-09-10 03:32:04.319461,False,
CERT001077,PTY00174,34.28769,86.1029,solar,4.195,33.543,2026-07-02 12:05:20,2026-07-03 17:39:14.264420,False,
CERT001078,PTY00148,15.80805,78.94124,solar,7.008,35.29,2026-08-31 11:06:49,2026-09-01 09:35:42.296330,True,timestamp_collision
CERT001079,PTY00157,36.48898,71.24913,solar,0.847,4.472,2026-07-23 10:14:18,2026-07-24 04:52:19.145803,False,
CERT001080,PTY00146,28.68714,93.961,solar,1.011,5.733,2026-07-06 11:13:55,2026-07-06 20:25:44.085696,False,
CERT001081,PTY00010,8.99727,94.37029,solar,2.444,19.917,2026-07-07 14:34:05,2026-07-10 07:58:05.638311,False,
CERT001082,PTY00148,15.80805,78.94124,solar,7.112,35.29,2026-07-27 07:43:50,2026-07-27 08:52:19.946528,False,
CERT001083,PTY00158,36.11464,93.09971,solar,10.669,57.266,2026-07-11 12:43:32,2026-07-11 19:56:15.759299,False,
CERT001084,PTY00180,11.69717,79.52133,wind,23.505,64.284,2026-07-14 05:03:04,2026-07-14 08:32:49.528322,False,
CERT001085,PTY00025,29.91098,74.63515,wind,4.728,21.595,2026-06-23 17:50:43,2026-06-24 09:11:09.941899,False,
CERT001086,PTY00002,25.43234,88.5341,wind,12.067,42.739,2026-07-20 17:30:43,2026-07-21 06:37:46.905836,False,
CERT001087,PTY00055,26.30302,91.04953,wind,19.349,66.883,2026-08-16 07:58:31,2026-08-19 05:36:58.094737,False,
CERT001088,PTY00045,24.10082,83.35987,solar,10.641,76.332,2026-07-17 13:45:08,2026-07-17 21:12:13.366854,False,
CERT001089,PTY00163,21.95306,83.44509,solar,2.76,13.312,2026-06-22 13:19:27,2026-06-22 13:59:15.114471,False,
CERT001090,PTY00133,15.48909,81.31494,solar,5.528,32.728,2026-07-30 14:31:31,2026-07-30 17:45:50.753826,False,
CERT001091,PTY00022,30.35805,82.32007,solar,4.226,31.167,2026-08-05 13:16:23,2026-08-07 16:28:10.124326,False,
CERT001092,PTY00137,21.74489,87.35917,solar,7.684,60.213,2026-07-23 10:30:39,2026-07-25 09:49:14.836761,False,
CERT001093,PTY00115,31.60006,87.8572,solar,0.959,7.169,2026-07-18 13:08:14,2026-07-19 02:13:33.674081,False,
CERT001094,PTY00083,24.98749,95.26668,wind,5.963,28.164,2026-06-23 18:56:27,2026-06-24 10:45:25.286288,False,
CERT001095,PTY00087,17.25029,92.50138,solar,4.32,22.44,2026-06-25 04:19:57,2026-06-26 07:51:25.593452,True,impossible_timing
CERT001096,PTY00029,11.19151,74.61012,wind,300.0,25.857,2026-06-20 09:12:46,2026-06-22 06:21:51.475298,True,over_capacity
CERT001097,PTY00053,24.48095,70.71657,wind,17.608,46.506,2026-07-23 00:14:56,2026-07-23 02:12:40.165457,False,
CERT001098,PTY00026,16.40279,72.67542,solar,1.135,10.014,2026-07-08 12:21:12,2026-07-10 22:25:51.234845,False,
CERT001099,PTY00170,27.29072,83.1689,wind,20.979,53.02,2026-07-11 23:40:33,2026-07-12 12:02:30.800262,False,
CERT001100,PTY00097,29.81886,90.95579,solar,10.74,86.829,2026-09-09 13:17:47,2026-09-13 06:05:43.528530,False,
CERT001101,PTY00024,17.11632,82.74855,wind,9.775,31.542,2026-09-02 06:16:27,2026-09-03 21:46:32.550858,False,
CERT001102,PTY00007,12.9452,69.8865,solar,6.796,36.517,2026-09-04 14:14:17,2026-08-20 21:57:27.803756,True,timestamp_collision
CERT001103,PTY00163,21.95306,83.44509,solar,1.596,13.312,2026-08-13 13:45:55,2026-08-14 09:00:50.169328,False,
CERT001104,PTY00156,13.02783,94.0062,solar,3.292,20.07,2026-07-04 15:11:13,2026-07-04 23:15:56.042896,False,
CERT001105,PTY00179,31.81646,71.20832,wind,4.945,25.078,2026-06-14 13:15:19,2026-06-14 14:11:53.004128,False,
CERT001106,PTY00114,21.44725,78.24721,solar,11.827,72.316,2026-07-14 09:15:58,2026-07-14 13:58:03.197962,False,
CERT001107,PTY00172,21.41771,76.73996,solar,8.139,70.675,2026-08-06 16:50:20,2026-08-08 12:46:57.179237,False,
CERT001108,PTY00065,34.48398,82.82893,wind,15.118,42.248,2026-07-04 23:10:02,2026-07-07 10:40:34.587381,False,
CERT001109,PTY00090,16.179,73.14575,wind,22.173,105.852,2026-07-12 09:22:57,2026-07-12 11:58:27.995100,True,timestamp_collision
CERT001110,PTY00022,30.35805,82.32007,solar,3.893,31.167,2026-07-03 13:40:20,2026-07-03 17:12:27.002866,True,timestamp_collision
CERT001111,PTY00139,10.57237,71.49844,solar,2.14,17.246,2026-07-05 12:45:43,2026-07-05 13:00:05.264401,False,
CERT001112,PTY00051,14.50381,88.6532,solar,11.972,76.668,2026-07-30 07:57:14,2026-07-31 03:26:12.541013,False,
CERT001113,PTY00095,35.5518,95.56761,solar,4.851,26.66,2026-08-17 10:13:18,2026-08-17 14:40:13.983636,False,
CERT001114,PTY00111,26.19918,84.94512,wind,8.981,23.44,2026-07-25 21:54:08,2026-07-27 01:11:10.336985,False,
CERT001115,PTY00047,18.12708,89.05271,wind,2.565,10.464,2026-06-28 10:04:49,2026-06-28 17:15:59.011554,False,
CERT001116,PTY00082,22.59095,92.83821,wind,35.367,95.451,2026-06-22 05:26:55,2026-06-22 10:37:57.354325,False,
CERT001117,PTY00162,11.33027,85.70798,solar,3.612,14.855,2026-08-18 11:22:44,2026-08-18 17:05:56.563748,False,
CERT001118,PTY00017,29.14121,90.36684,solar,7.706,52.757,2026-08-04 12:27:07,2026-08-04 18:46:39.723400,False,
CERT001119,PTY00029,11.19151,74.61012,wind,7.788,25.857,2026-07-17 02:50:46,2026-07-17 15:13:18.470289,False,
CERT001120,PTY00062,24.53177,70.81812,wind,7.214,21.969,2026-06-25 18:27:26,2026-06-25 23:38:14.069048,False,
CERT001121,PTY00166,21.67571,79.94339,solar,8.379,60.837,2026-07-24 13:46:40,2026-07-26 11:14:44.821951,False,
CERT001122,PTY00160,24.57677,76.11939,solar,3.131,21.627,2026-06-29 11:07:48,2026-06-30 02:55:01.087644,False,
CERT001123,PTY00077,25.7399,80.1684,wind,8.919,44.783,2026-08-24 21:47:29,2026-08-25 13:00:54.766835,False,
CERT001124,PTY00155,12.65976,73.41044,solar,3.739,22.954,2026-08-15 15:54:34,2026-08-16 10:26:54.117384,False,
CERT001125,PTY00020,29.15858,86.48917,solar,17.124,79.815,2026-06-23 23:57:38,2026-06-24 05:03:26.536491,True,impossible_timing
CERT001126,PTY00066,31.15056,86.84895,solar,6.562,40.681,2026-07-24 13:42:17,2026-07-24 14:34:11.517862,False,
CERT001127,PTY00065,34.48398,82.82893,wind,15.066,42.248,2026-08-11 13:31:35,2026-08-12 05:25:45.335734,False,
CERT001128,PTY00101,31.83394,88.48102,wind,30.102,23.415,2026-08-01 09:26:39,2026-08-02 21:53:01.281423,True,over_capacity
CERT001129,PTY00104,18.91153,70.42152,wind,6.53,22.603,2026-07-19 17:30:36,2026-07-19 17:53:44.330738,False,
CERT001130,PTY00046,10.69998,94.01926,solar,6.821,50.459,2026-06-29 14:03:32,2026-06-29 17:39:26.869055,False,
CERT001131,PTY00155,12.65976,73.41044,solar,3.992,22.954,2026-06-21 11:09:39,2026-06-22 01:25:43.039617,False,
CERT001132,PTY00012,36.11795,90.47885,solar,10.501,79.328,2026-08-29 13:00:41,2026-08-29 13:05:56.617481,False,
CERT001133,PTY00079,10.83719,82.25686,solar,4.379,27.387,2026-07-03 13:38:46,2026-07-03 21:21:39.559981,True,timestamp_collision
CERT001134,PTY00131,30.72594,79.49974,wind,10.789,38.866,2026-08-21 14:37:32,2026-08-22 06:56:59.907663,False,
CERT001135,PTY00138,13.57638,69.18519,solar,4.355,26.244,2026-07-02 14:48:13,2026-07-03 18:04:44.075297,False,
CERT001136,PTY00017,29.14121,90.36684,solar,6.843,52.757,2026-08-08 10:21:18,2026-08-09 12:09:11.476513,False,
CERT001137,PTY00031,14.44113,71.4761,solar,0.968,3.958,2026-08-06 15:21:22,2026-08-06 21:12:48.943090,False,
CERT001138,PTY00121,33.07695,91.57413,solar,3.776,30.359,2026-06-16 15:07:17,2026-06-18 03:08:01.248887,False,
CERT001139,PTY00010,8.99727,94.37029,solar,3.098,19.917,2026-09-01 10:40:00,2026-09-01 21:25:15.219598,False,
CERT001140,PTY00085,19.19698,95.87453,solar,13.482,57.368,2026-08-19 14:20:09,2026-08-19 20:16:19.192617,False,
CERT001141,PTY00068,24.77012,69.04233,solar,4.9,38.128,2026-08-09 07:40:22,2026-08-09 10:28:19.432257,True,circular_trading
CERT001142,PTY00176,25.98211,83.47037,wind,18.31,52.203,2026-06-23 04:26:21,2026-06-23 20:11:19.297654,False,
CERT001143,PTY00109,36.79598,70.1401,solar,4.558,35.013,2026-08-05 06:55:02,2026-08-05 16:54:33.676836,False,
CERT001144,PTY00142,33.33378,94.7053,solar,4.539,34.251,2026-09-02 08:33:12,2026-09-04 01:15:23.345431,False,
CERT001145,PTY00095,35.5518,95.56761,solar,4.832,26.66,2026-09-09 10:22:12,2026-09-10 09:33:39.488470,False,
CERT001146,PTY00169,12.74602,72.76371,solar,3.483,20.581,2026-08-04 10:44:16,2026-08-05 12:38:17.033803,False,
CERT001147,PTY00117,20.12905,95.04913,wind,21.76,59.954,2026-07-22 03:34:33,2026-07-22 11:59:25.333954,False,
CERT001148,PTY00151,23.57609,85.01839,wind,6.334,16.458,2026-06-16 20:47:42,2026-06-17 12:35:21.282196,False,
CERT001149,PTY00064,18.42524,76.51416,wind,7.794,34.504,2026-07-11 16:42:51,2026-07-12 15:16:07.806814,False,
CERT001150,PTY00161,20.33766,82.7207,wind,7.728,21.081,2026-07-30 06:22:42,2026-07-30 06:26:57.088249,False,
CERT001151,PTY00067,17.80186,78.89191,wind,8.195,39.878,2026-08-09 03:28:54,2026-08-11 10:23:44.606083,False,
CERT001152,PTY00050,8.14679,72.66343,wind,24.677,65.23,2026-07-22 07:42:55,2026-07-23 00:54:00.211692,False,
CERT001153,PTY00179,31.81646,71.20832,wind,7.539,25.078,2026-06-27 03:43:49,2026-06-27 19:33:29.320535,False,
CERT001154,PTY00012,36.11795,90.47885,solar,11.749,79.328,2026-08-02 07:49:24,2026-08-02 22:03:29.436330,False,
CERT001155,PTY00167,13.25576,69.92839,solar,7.569,37.932,2026-06-28 16:08:14,2026-06-28 21:10:37.398648,False,
CERT001156,PTY00105,34.28428,71.22473,wind,2.285,6.49,2026-08-20 21:05:03,2026-08-20 23:26:10.836803,False,
CERT001157,PTY00174,34.28769,86.1029,solar,7.012,33.543,2026-08-18 13:06:16,2026-08-18 14:55:32.043706,False,
CERT001158,PTY00178,8.97244,84.5268,wind,15.25,45.744,2026-07-22 21:13:34,2026-07-22 23:32:01.288764,True,timestamp_collision
CERT001159,PTY00127,19.701,71.88644,solar,339.834,75.284,2026-08-05 11:44:21,2026-08-05 19:56:00.380477,True,over_capacity
CERT001160,PTY00030,31.72243,92.96119,solar,7.239,56.741,2026-08-23 13:54:52,2026-08-23 23:38:18.404811,False,
CERT001161,PTY00086,13.67794,70.01148,wind,10.492,35.05,2026-08-31 20:34:05,2026-09-02 11:15:32.824117,False,
CERT001162,PTY00167,13.25576,69.92839,solar,5.35,37.932,2026-08-14 12:24:35,2026-08-15 19:44:08.269940,False,
CERT001163,PTY00097,29.81886,90.95579,solar,13.593,86.829,2026-08-12 18:15:15,2026-08-14 23:08:26.434560,False,
CERT001164,PTY00125,27.47562,83.08892,wind,5.252,17.076,2026-06-26 05:27:44,2026-06-27 17:37:05.170380,False,
CERT001165,PTY00074,31.0604,75.85414,solar,7.502,64.265,2026-09-02 09:59:49,2026-09-03 19:43:20.855439,False,
CERT001166,PTY00050,8.14679,72.66343,wind,16.854,65.23,2026-09-07 16:09:26,2026-09-08 01:27:25.452154,False,
CERT001167,PTY00026,16.40279,72.67542,solar,1.587,10.014,2026-08-15 13:35:51,2026-08-18 01:57:43.374409,False,
CERT001168,PTY00014,9.31159,77.43458,solar,8.18,67.048,2026-08-27 12:39:24,2026-08-27 14:19:52.245595,False,
CERT001169,PTY00025,29.91098,74.63515,wind,5.077,21.595,2026-09-01 11:24:08,2026-09-01 19:22:38.403171,False,
CERT001170,PTY00026,16.40279,72.67542,solar,1.563,10.014,2026-06-24 08:22:38,2026-06-24 12:03:28.283891,False,
CERT001171,PTY00163,21.95306,83.44509,solar,1.635,13.312,2026-07-29 11:14:29,2026-07-30 07:27:20.284393,False,
CERT001172,PTY00014,9.31159,77.43458,solar,8.434,67.048,2026-07-23 13:10:56,2026-07-23 19:26:29.773034,False,
CERT001173,PTY00026,16.40279,72.67542,solar,2.092,10.014,2026-07-06 13:26:41,2026-07-06 19:35:17.015684,False,
CERT001174,PTY00018,18.39551,71.3602,solar,12.373,67.37,2026-08-02 12:03:12,2026-08-03 07:35:11.238382,False,
CERT001175,PTY00049,8.26671,70.94267,wind,15.703,39.687,2026-08-15 18:51:00,2026-08-15 19:37:52.355388,False,
CERT001176,PTY00080,13.02285,80.5817,solar,19.713,148.058,2026-07-01 17:53:42,2026-07-02 10:33:23.309595,True,timestamp_collision
CERT001177,PTY00155,12.65976,73.41044,solar,3.556,22.954,2026-09-11 10:16:42,2026-09-11 10:26:45.705012,False,
CERT001178,PTY00138,13.57638,69.18519,solar,3.878,26.244,2026-08-25 09:12:08,2026-08-28 11:12:59.208672,False,
CERT001179,PTY00148,15.80805,78.94124,solar,5.485,35.29,2026-07-21 13:29:43,2026-07-22 00:29:41.251587,False,
CERT001180,PTY00097,29.81886,90.95579,solar,9.615,86.829,2026-06-25 12:25:03,2026-06-26 18:43:03.037445,False,
CERT001181,PTY00166,21.67571,79.94339,solar,70.924,60.837,2026-09-01 09:18:26,2026-09-01 10:22:11.527861,True,over_capacity
CERT001182,PTY00168,24.65972,92.41303,wind,16.372,35.57,2026-08-12 19:47:35,2026-08-12 21:43:57.327901,False,
CERT001183,PTY00013,34.73435,70.56628,wind,12.565,39.445,2026-08-16 07:06:45,2026-08-16 10:42:45.969733,False,
CERT001184,PTY00074,31.0604,75.85414,solar,8.339,64.265,2026-07-26 12:00:45,2026-07-26 13:58:19.175425,False,
CERT001185,PTY00079,10.83719,82.25686,solar,3.497,27.387,2026-07-26 12:39:50,2026-07-28 11:19:29.995112,False,
CERT001186,PTY00112,9.31795,76.14793,wind,51.568,146.639,2026-07-26 12:57:51,2026-07-27 05:32:31.746932,False,
CERT001187,PTY00120,32.31153,81.5921,wind,4.206,13.765,2026-07-17 00:24:01,2026-07-18 09:31:14.612744,False,
CERT001188,PTY00067,17.80186,78.89191,wind,10.909,39.878,2026-07-31 07:43:24,2026-07-31 13:14:24.449725,False,
CERT001189,PTY00004,20.52641,76.44565,solar,3.236,21.755,2026-08-27 11:03:00,2026-08-28 03:29:12.785527,False,
CERT001190,PTY00055,26.30302,91.04953,wind,22.674,66.883,2026-07-02 20:59:12,2026-07-02 22:22:27.372529,False,
CERT001191,PTY00010,8.99727,94.37029,solar,3.369,19.917,2026-07-26 13:43:41,2026-07-27 13:55:23.694924,False,
CERT001192,PTY00158,36.11464,93.09971,solar,12.916,57.266,2026-08-05 13:36:47,2026-08-06 08:44:37.187517,False,
CERT001193,PTY00102,10.46029,96.61255,solar,4.928,38.98,2026-08-22 13:24:03,2026-08-22 15:33:41.241642,False,
CERT001194,PTY00055,26.30302,91.04953,wind,14.167,66.883,2026-08-21 02:24:16,2026-08-22 12:12:56.070998,False,
CERT001195,PTY00090,16.179,73.14575,wind,31.455,105.852,2026-08-05 09:45:25,2026-08-05 11:39:41.717105,False,
CERT001196,PTY00103,35.47021,96.59403,solar,11.074,83.386,2026-08-27 11:39:52,2026-08-27 15:03:55.279692,False,
CERT001197,PTY00138,13.57638,69.18519,solar,3.533,26.244,2026-06-18 13:31:30,2026-06-20 14:33:00.488915,False,
CERT001198,PTY00095,35.5518,95.56761,solar,5.434,26.66,2026-08-05 10:48:48,2026-08-06 09:33:06.921900,False,
CERT001199,PTY00006,13.79054,82.9128,wind,0.835,18.285,2026-07-15 18:50:57,2026-07-12 09:07:19.493308,True,timestamp_collision
CERT001200,PTY00003,13.31873,76.82303,solar,3.87,20.807,2026-08-27 11:29:21,2026-08-27 19:06:45.982906,False,
CERT000070,PTY00038,14.89149,89.11827,wind,7.823,32.921,2026-08-30 12:51:15,2026-09-01 21:03:44.646020,True,duplicate_serial
CERT000975,PTY00140,13.98368,78.56383,solar,3.546,21.174,2026-09-04 13:15:51,2026-09-04 15:22:36.269339,True,duplicate_serial
CERT000721,PTY00156,13.02783,94.0062,solar,3.552,20.07,2026-09-04 10:33:32,2026-09-05 20:06:28.332376,True,duplicate_serial
CERT000609,PTY00171,31.68138,80.73491,solar,4.758,26.678,2026-08-30 14:33:37,2026-08-31 08:14:03.255315,True,duplicate_serial
CERT000703,PTY00076,23.92757,88.72328,solar,13.025,125.091,2026-09-05 11:49:02,2026-09-06 12:50:44.034182,True,duplicate_serial
CERT000672,PTY00111,26.19918,84.94512,wind,4.111,23.44,2026-08-21 10:48:04,2026-08-22 15:54:56.066115,True,duplicate_serial
CERT000737,PTY00077,25.7399,80.1684,wind,13.3,44.783,2026-08-13 01:54:36,2026-08-13 05:30:34.962022,True,duplicate_serial
CERT000602,PTY00172,21.41771,76.73996,solar,7.562,70.675,2026-08-21 10:12:30,2026-08-21 22:21:53.335918,True,duplicate_serial
CERT000199,PTY00138,13.57638,69.18519,solar,3.656,26.244,2026-08-30 13:36:32,2026-08-30 20:08:08.402531,True,duplicate_serial
CERT000510,PTY00113,25.98385,76.04405,wind,7.159,30.303,2026-06-28 04:48:51,2026-06-28 10:59:13.346719,True,duplicate_serial
CERT000081,PTY00090,16.179,73.14575,wind,26.146,105.852,2026-09-01 10:06:30,2026-09-03 01:20:50.301623,True,duplicate_serial
CERT000031,PTY00016,12.0868,91.26371,solar,2.749,21.531,2026-06-25 16:46:56,2026-06-26 22:01:34.191944,True,duplicate_serial
CERT000101,PTY00149,17.49742,71.4731,solar,2.267,14.168,2026-09-01 08:45:50,2026-09-01 12:40:42.612172,True,duplicate_serial
CERT000991,PTY00125,27.47562,83.08892,wind,7.084,17.076,2026-09-11 18:03:56,2026-09-13 03:16:15.731585,True,duplicate_serial
CERT000308,PTY00084,19.25693,86.65536,solar,8.02,34.769,2026-08-20 13:19:51,2026-08-21 17:04:40.774727,True,duplicate_serial
CERT000532,PTY00056,24.73021,82.28301,solar,5.408,27.339,2026-09-05 11:54:24,2026-09-06 02:22:11.635959,True,duplicate_serial
CERT001154,PTY00012,36.11795,90.47885,solar,11.749,79.328,2026-08-02 07:49:24,2026-08-02 22:03:29.436330,True,duplicate_serial
CERT000717,PTY00161,20.33766,82.7207,wind,8.306,21.081,2026-08-12 02:22:20,2026-08-13 06:57:54.582374,True,duplicate_serial
CERT001185,PTY00079,10.83719,82.25686,solar,3.497,27.387,2026-07-26 12:39:50,2026-07-28 11:19:29.995112,True,duplicate_serial
CERT000977,PTY00116,34.41689,91.85358,solar,10.369,44.256,2026-08-27 10:33:13,2026-08-27 13:10:03.409989,True,duplicate_serial
CERT000842,PTY00098,10.64498,82.33819,wind,3.616,12.714,2026-08-15 15:06:00,2026-08-16 16:27:35.382782,True,duplicate_serial
CERT000769,PTY00105,34.28428,71.22473,wind,1.704,6.49,2026-08-24 16:48:55,2026-08-24 19:51:07.005140,True,duplicate_serial
CERT000844,PTY00008,36.00333,91.44352,wind,8.019,21.926,2026-06-17 02:37:28,2026-06-17 06:31:55.699226,True,duplicate_serial
CERT000186,PTY00072,9.49877,83.40928,solar,5.178,36.702,2026-06-27 15:31:07,2026-06-27 16:48:30.516786,True,duplicate_serial
CERT001005,PTY00094,17.28144,93.97017,wind,7.958,40.825,2026-08-26 20:14:49,2026-08-27 19:38:49.622456,True,duplicate_serial
CERT000131,PTY00106,8.32926,81.59116,solar,21.475,116.283,2026-06-27 10:35:55,2026-06-27 11:33:03.385767,True,duplicate_serial
CERT000061,PTY00152,20.51813,71.69983,wind,7.667,33.028,2026-07-25 18:31:40,2026-07-26 06:04:29.133834,True,duplicate_serial
CERT000754,PTY00004,20.52641,76.44565,solar,2.656,21.755,2026-07-19 18:26:51,2026-07-19 22:59:45.162995,True,duplicate_serial
CERT000144,PTY00109,36.79598,70.1401,solar,6.326,35.013,2026-06-15 15:03:27,2026-06-17 09:47:12.020934,True,duplicate_serial
CERT000796,PTY00011,23.08197,83.8546,solar,2.02,12.036,2026-07-12 14:58:34,2026-07-14 20:25:10.505991,True,duplicate_serial
CERT000136,PTY00074,31.0604,75.85414,solar,8.585,64.265,2026-08-01 10:47:50,2026-08-02 07:50:57.728071,True,duplicate_serial
CERT000554,PTY00051,14.50381,88.6532,solar,18.827,76.668,2026-06-20 10:34:37,2026-06-20 20:12:14.488998,True,duplicate_serial
CERT000934,PTY00168,24.65972,92.41303,wind,11.648,35.57,2026-07-27 17:53:47,2026-07-31 00:33:20.022527,True,duplicate_serial
CERT000900,PTY00069,25.13416,68.88451,solar,0.925,7.919,2026-08-15 18:09:27,2026-08-16 07:16:25.560118,True,duplicate_serial
CERT000153,PTY00154,25.56747,74.87958,wind,3.404,11.615,2026-06-17 21:47:56,2026-06-18 04:42:40.601690,True,duplicate_serial
CERT000337,PTY00171,31.68138,80.73491,solar,4.634,26.678,2026-06-23 17:22:04,2026-06-23 17:31:46.606249,True,duplicate_serial
CERT000757,PTY00167,13.25576,69.92839,solar,4.284,37.932,2026-07-09 14:53:52,2026-07-11 05:28:56.869408,True,duplicate_serial
CERT000628,PTY00067,17.80186,78.89191,wind,8.677,39.878,2026-08-08 16:29:34,2026-08-08 22:51:01.904503,True,duplicate_serial
CERT000905,PTY00107,24.91769,95.903,solar,15.528,91.552,2026-08-29 14:19:10,2026-08-29 22:35:19.257131,True,duplicate_serial
CERT000548,PTY00083,24.98749,95.26668,wind,9.619,28.164,2026-07-27 09:28:38,2026-07-28 12:55:07.418254,True,duplicate_serial
CERT000540,PTY00008,36.00333,91.44352,wind,5.392,21.926,2026-07-28 11:04:53,2026-08-01 04:22:22.842787,True,duplicate_serial
CERT001081,PTY00010,8.99727,94.37029,solar,2.444,19.917,2026-07-07 14:34:05,2026-07-10 07:58:05.638311,True,duplicate_serial
