certificate_id,capacity_utilization_ratio,time_of_day_plausibility,issuance_velocity,buyer_concentration,serial_duplicate_flag,per_plant_utilization_zscore,generator_benford_deviation,capacity_utilization_ratio_scaled,time_of_day_plausibility_scaled,issuance_velocity_scaled,buyer_concentration_scaled,serial_duplicate_flag_scaled,per_plant_utilization_zscore_scaled,generator_benford_deviation_scaled
CERT000001,0.17405842478037512,0,21.013260180277776,0.0378625134264232,0,0.3398862710120912,0.0,-0.19865443473164732,-0.18700753900774347,0.05321190465736265,-1.7405738952664918,-0.26922194417304923,0.3672424541945929,-0.1177555835995132
CERT000002,0.2569189151695915,0,21.500324106944444,0.04484425349087003,0,0.001602617439495414,0.0,-0.10247993001883372,-0.18700753900774347,0.07796571785187437,-1.659438285939094,-0.26922194417304923,0.0017316061630344782,-0.1177555835995132
CERT000003,0.14827101490019678,0,4.983620182222222,0.020676691729323307,0,-0.7789101908833677,0.0,-0.22858536274574498,-0.18700753900774347,-0.7614546973279144,-1.9402923182262408,-0.26922194417304923,-0.8416017782813322,-0.1177555835995132
CERT000004,0.2631239669421488,0,8.490970653888889,0.24597207303974222,0,-0.13005880303360784,0.0,-0.09527785122181118,-0.18700753900774347,-0.583202329148046,0.6778913827617145,-0.26922194417304923,-0.14052675288545027,-0.1177555835995132
CERT000005,0.32353262869017907,0,46.19256959250001,0.24597207303974222,0,1.0539034995458612,0.0,-0.025162732463875417,-0.18700753900774347,1.3328877078369255,0.6778913827617145,-0.26922194417304923,1.1387282766820654,-0.1177555835995132
CERT000006,0.20003811157162593,0,26.4186003025,0.24597207303974222,0,-1.071314028369977,0.0,-0.16850033477392193,-0.18700753900774347,0.3279248782787057,0.6778913827617145,-0.26922194417304923,-1.1575401142863166,-0.1177555835995132
CERT000007,0.2875775069488989,0,38.535795355000005,0.24597207303974222,0,-0.47187201088457703,0.0,-0.06689511914314329,-0.18700753900774347,0.9437511925446799,0.6778913827617145,-0.26922194417304923,-0.5098512359059805,-0.1177555835995132
CERT000008,0.2229320576480562,0,7.483633257777778,0.12191192266380237,0,-0.48484207405966206,0.0,-0.1419277920037781,-0.18700753900774347,-0.6343977479872764,-0.7638259829789712,-0.26922194417304923,-0.5238652112786654,-0.1177555835995132
CERT000009,0.1902494148034547,0,1.526754451111111,0.24597207303974222,0,1.4761096392562914,0.0,-0.17986187824344146,-0.18700753900774347,-0.9371413040779881,0.6778913827617145,-0.26922194417304923,1.594916219965505,-0.1177555835995132
CERT000010,0.14662648831397915,0,3.6693054025,0.07357679914070892,0,-0.8054499942416306,0.0,-0.23049413167981248,-0.18700753900774347,-0.8282514785198322,-1.3255340475532642,-0.26922194417304923,-0.8702776718092107,-0.1177555835995132
CERT000011,0.3641849179490454,0,4.6094370074999995,0.24597207303974222,0,-0.24764326093911104,0.0,0.022021562084088283,-0.18700753900774347,-0.7804716269350668,0.6778913827617145,-0.26922194417304923,-0.2675751469490682,-0.1177555835995132
CERT000012,0.29003756189175345,0,12.036864966111112,0.24597207303974222,0,0.40213231356152745,0.0,-0.0640397828473526,-0.18700753900774347,-0.40299106609488883,0.6778913827617145,-0.26922194417304923,0.43449844944761334,-0.1177555835995132
CERT000013,0.19126686016732114,0,0.35065183527777777,0.24597207303974222,0,-1.0977615832491978,0.0,-0.17868094987236177,-0.18700753900774347,-0.9969137956463054,0.6778913827617145,-0.26922194417304923,-1.1861163345978036,-0.1177555835995132
CERT000014,0.12246012672055932,0,3.008349084166667,0.24597207303974222,0,-0.8760319163945975,0.0,-0.2585435415498316,-0.18700753900774347,-0.8618429402109639,0.6778913827617145,-0.26922194417304923,-0.9465404706449576,-0.1177555835995132
CERT000015,0.1385830540928674,0,5.895651757222222,0.24597207303974222,0,-0.311794076899759,0.0,-0.239829984011507,-0.18700753900774347,-0.7151029599090666,0.6778913827617145,-0.26922194417304923,-0.33688922374841007,-0.1177555835995132
CERT000016,0.16907801418439716,0,29.26518114,0.24597207303974222,0,0.15911612977709957,0.0,-0.20443509714487584,-0.18700753900774347,0.47259527252610195,0.6778913827617145,-0.26922194417304923,0.17192279590254067,-0.1177555835995132
CERT000017,0.11737456775624715,0,3.470109345277778,0.12191192266380237,0,-0.9004837522168558,0.0,-0.2644462475594522,-0.18700753900774347,-0.8383751229114578,-0.7638259829789712,-0.26922194417304923,-0.9729603438872338,-0.1177555835995132
CERT000018,0.13547538519353625,0,26.822535716944444,0.24597207303974222,0,-0.7727813471678088,0.0,-0.24343699280183254,-0.18700753900774347,0.34845389150338746,0.6778913827617145,-0.26922194417304923,-0.8349796467054531,-0.1177555835995132
CERT000019,0.13042386973300285,0,7.044249015555556,0.12191192266380237,0,-0.5148443147620171,0.0,-0.24930018520129663,-0.18700753900774347,-0.656728359755256,-0.7638259829789712,-0.26922194417304923,-0.556282220868552,-0.1177555835995132
CERT000020,0.1601249981915771,0,11.909291711388889,0.24597207303974222,0,0.18174117873543774,0.0,-0.214826682745574,-0.18700753900774347,-0.4094746596092387,0.6778913827617145,-0.26922194417304923,0.196368850993237,-0.1177555835995132
CERT000021,1.828287260494369,0,15.633608772222223,0.24597207303974222,0,2.0379119009109123,0.0,1.7213757051956025,-0.18700753900774347,-0.22019550393057533,0.6778913827617145,-0.26922194417304923,2.2019358584103195,-0.1177555835995132
CERT000022,0.23782939487076132,0,25.325694876666667,0.24597207303974222,0,-0.6466643434259938,0.0,-0.12463675230315033,-0.18700753900774347,0.27238067705753566,0.6778913827617145,-0.26922194417304923,-0.6987119538919203,-0.1177555835995132
CERT000023,0.36040711442535395,0,2.1388092277777777,0.24597207303974222,0,-0.20321319993715123,0.0,0.017636741512948733,-0.18700753900774347,-0.9060351416690772,0.6778913827617145,-0.26922194417304923,-0.2195690754069942,-0.1177555835995132
CERT000024,0.2829551143000167,0,25.291150040555557,0.0024167561761546724,0,-0.7986078916612301,0.0,-0.07226023732559919,-0.18700753900774347,0.27062502164330365,-2.1524931426209735,-0.26922194417304923,-0.8628848738124124,-0.1177555835995132
CERT000025,0.13320275938572468,1,3.9946537444444443,0.24597207303974222,0,-0.6157832826398542,0.0,-0.24607478387013498,5.343072543078385,-0.8117164578814662,0.6778913827617145,-0.26922194417304923,-0.6653453912547643,-0.1177555835995132
CERT000026,0.16563778872164805,0,43.11893060305555,0.24597207303974222,0,-0.3119040049136719,0.0,-0.20842809765001605,-0.18700753900774347,1.1766776475009533,0.6778913827617145,-0.26922194417304923,-0.33700799945974985,-0.1177555835995132
CERT000027,0.14585626005248456,0,16.267331241111112,0.24597207303974222,0,-0.3980116006032029,0.0,-0.23138812013217497,-0.18700753900774347,-0.18798813493201658,0.6778913827617145,-0.26922194417304923,-0.4300460756128587,-0.1177555835995132
CERT000028,0.12595886276299711,1,10.69816074388889,0.24597207303974222,0,-0.887333419790614,0.0,-0.25448262899160573,5.343072543078385,-0.47102738006784234,0.6778913827617145,-0.26922194417304923,-0.9587515900611165,-0.1177555835995132
CERT000029,0.11365917689753686,0,18.68369946638889,0.24597207303974222,0,-0.4511156067191197,0.0,-0.2687586270055854,-0.18700753900774347,-0.06518222715922617,0.6778913827617145,-0.26922194417304923,-0.48742422588501305,-0.1177555835995132
CERT000030,0.264749393455234,0,22.530437977777776,0.07357679914070892,0,-0.7983950937235915,0.0,-0.09339125135848969,-0.18700753900774347,0.13031869439479668,-1.3255340475532642,-0.26922194417304923,-0.8626549485593763,-0.1177555835995132
CERT000031,0.1488920971690415,0,6.408531848888889,0.24597207303974222,1,-0.3361862342641322,0.0,-0.22786448504744178,-0.18700753900774347,-0.6890371043093985,0.6778913827617145,3.7114168018141793,-0.36324461523544793,-0.1177555835995132
CERT000032,0.2315598548972189,0,1.4001369275,0.24597207303974222,0,-0.4590505307154614,0.0,-0.131913681258076,-0.18700753900774347,-0.9435763249346366,0.6778913827617145,-0.26922194417304923,-0.49599780243338865,-0.1177555835995132
CERT000033,0.2562413543244846,0,4.222443539444445,0.010472610096670247,0,-0.40255913270444543,0.0,-0.1032663612647129,-0.18700753900774347,-0.8001396078535128,-2.058875131858591,-0.26922194417304923,-0.43495962167759394,-0.1177555835995132
CERT000034,0.3346813888519356,0,65.22822320277777,0.24597207303974222,0,0.2515588692228909,0.0,-0.012222590766881265,-0.18700753900774347,2.300327478482735,0.6778913827617145,-0.26922194417304923,0.2718059079960445,-0.1177555835995132
CERT000035,0.27881528775383524,0,7.157888268055556,0.24597207303974222,0,-1.0304830774080653,0.0,-0.07706525073797182,-0.18700753900774347,-0.6509529272628511,0.6778913827617145,-0.26922194417304923,-1.1134228317797277,-0.1177555835995132
CERT000036,0.1729945071527736,0,19.541296972500003,0.24597207303974222,0,-0.13714906158983192,0.0,-0.19988930252459877,-0.18700753900774347,-0.02159696596438107,0.6778913827617145,-0.26922194417304923,-0.1481876800105983,-0.1177555835995132
CERT000037,4.813804173354735,0,7.223080801111111,0.24597207303974222,0,2.267662808020664,0.0,5.186605141533113,-0.18700753900774347,-0.6476396788439457,0.6778913827617145,-0.26922194417304923,2.450178562445333,-0.1177555835995132
CERT000038,0.13150875565348485,0,3.5291169475,0.24597207303974222,0,-0.506577013213444,0.0,-0.248040979932511,-0.18700753900774347,-0.8353762082259434,0.6778913827617145,-0.26922194417304923,-0.5473495149336401,-0.1177555835995132
CERT000039,0.31968462674479536,0,19.77454333972222,0.24597207303974222,0,0.38933962788727017,0.0,-0.02962903093124949,-0.18700753900774347,-0.009742799218690935,0.6778913827617145,-0.26922194417304923,0.4206761280317915,-0.1177555835995132
CERT000040,0.19845354290784636,0,10.316099294722221,0.24597207303974222,0,0.767246430161276,0.0,-0.17033951175328335,-0.18700753900774347,-0.49044470338763846,0.6778913827617145,-0.26922194417304923,0.8289992447928082,-0.1177555835995132
CERT000041,0.2648406779661017,0,28.947214686666666,0.24597207303974222,0,1.4375266006407543,0.0,-0.09328529926263056,-0.18700753900774347,0.4564354180244538,0.6778913827617145,-0.26922194417304923,1.5532277759184356,-0.1177555835995132
CERT000042,0.27858925535194046,0,2.904360646666667,0.12191192266380237,0,-0.10453497641177341,0.0,-0.07732760200090988,-0.18700753900774347,-0.8671278940236608,-0.7638259829789712,-0.26922194417304923,-0.11294860828688155,-0.1177555835995132
CERT000043,0.16301641343564208,0,6.507751447777778,0.24597207303974222,0,-0.3652414020705366,0.0,-0.21147067522364388,-0.18700753900774347,-0.6839945148634122,0.6778913827617145,-0.26922194417304923,-0.394638325550626,-0.1177555835995132
CERT000044,0.2770049299555816,0,13.256301199444444,0.24597207303974222,0,-0.25107808825854633,0.0,-0.07916649662466863,-0.18700753900774347,-0.3410162511478347,0.6778913827617145,-0.26922194417304923,-0.2712864307581137,-0.1177555835995132
CERT000045,0.13271889400921658,0,23.56358939861111,0.24597207303974222,0,-1.1332915779384776,0.0,-0.24663639668119558,-0.18700753900774347,0.18282604686488654,0.6778913827617145,-0.26922194417304923,-1.2245060065558915,-0.1177555835995132
CERT000046,0.3152816153028693,0,37.67958543638889,0.12191192266380237,0,0.469664684689625,0.0,-0.03473951775896443,-0.18700753900774347,0.9002364520348731,-0.7638259829789712,-0.26922194417304923,0.5074662502264226,-0.1177555835995132
CERT000047,0.1736595259221701,0,3.8932392302777776,0.03571428571428571,0,0.2784989600873858,0.0,-0.19911742861375167,-0.18700753900774347,-0.8168705984397175,-1.7655386981364607,-0.26922194417304923,0.300914306684353,-0.1177555835995132
CERT000048,0.09347407173056459,0,10.81957566611111,0.07357679914070892,0,-1.874485921656378,0.0,-0.29218707261206056,-0.18700753900774347,-0.4648567684927177,-1.3255340475532642,-0.26922194417304923,-2.025356329258185,-0.1177555835995132
CERT000049,0.2808262763718244,0,13.3980347125,0.04484425349087003,0,-0.4549527208365918,0.0,-0.07473113669387509,-0.18700753900774347,-0.33381299770718276,-1.659438285939094,-0.26922194417304923,-0.49157017506186296,-0.1177555835995132
CERT000050,0.27283700478510153,0,44.52817032638889,0.24597207303974222,0,-0.5830121444142046,0.0,-0.08400412354514795,-0.18700753900774347,1.248298752961207,0.6778913827617145,-0.26922194417304923,-0.6299366258671514,-0.1177555835995132
CERT000051,0.20393273108679838,0,53.27651885027778,0.12191192266380237,0,-0.3021908585113509,0.0,-0.163979928230862,-0.18700753900774347,1.6929118176216738,-0.7638259829789712,-0.26922194417304923,-0.32651307799052454,-0.1177555835995132
CERT000052,0.20979000119317504,0,14.613160839722223,0.01154672395273899,0,0.7444909235879927,0.0,-0.15718151261922503,-0.18700753900774347,-0.2720572331879709,-2.0463927304236074,-0.26922194417304923,0.8044122320384258,-0.1177555835995132
CERT000053,0.15105437957664758,0,21.51954026,0.24597207303974222,0,-0.8240733700872145,0.0,-0.22535476734454235,-0.18700753900774347,0.07894233105809097,0.6778913827617145,-0.26922194417304923,-0.8903999739856268,-0.1177555835995132
CERT000054,0.1155464340687532,0,35.502113108888885,0.07357679914070892,0,-0.2382921577061242,0.0,-0.2665681255632833,-0.18700753900774347,0.7895718343530922,-1.3255340475532642,-0.26922194417304923,-0.25747140815878644,-0.1177555835995132
CERT000055,0.14255155000701364,0,74.58640509166668,0.24597207303974222,0,-0.589558878407663,0.0,-0.235223830617953,-0.18700753900774347,2.775933807826755,0.6778913827617145,-0.26922194417304923,-0.6370102821568204,-0.1177555835995132
CERT000056,0.24105522165301924,0,2.6759673180555557,0.24597207303974222,0,-0.5998724253170837,0.0,-0.1208926000344913,-0.18700753900774347,-0.8787354171469681,0.6778913827617145,-0.26922194417304923,-0.6481539281393085,-0.1177555835995132
CERT000057,0.330608217633378,0,8.257877846388888,0.24597207303974222,0,1.2401065463284053,0.0,-0.01695023868104623,-0.18700753900774347,-0.5950486916026158,0.6778913827617145,-0.26922194417304923,1.33991811490445,-0.1177555835995132
CERT000058,0.2068363489452573,0,0.25592832,0.24597207303974222,0,1.4146061733966742,0.0,-0.1606097573798226,-0.18700753900774347,-1.001727882820366,0.6778913827617145,-0.26922194417304923,1.5284625686411897,-0.1177555835995132
CERT000059,0.33981230050974226,0,4.996511723333333,0.12191192266380237,0,0.6350597830808546,0.0,-0.006267244798050541,-0.18700753900774347,-0.7607995168003032,-0.7638259829789712,-0.26922194417304923,0.6861733855987441,-0.1177555835995132
CERT000060,0.406457167455876,0,26.035180566944444,0.12191192266380237,0,-0.25081843804202475,0.0,0.07108611191138459,-0.18700753900774347,0.30843852342999867,-0.7638259829789712,-0.26922194417304923,-0.2710058822603365,-0.1177555835995132
CERT000061,0.13047865041569134,0,15.628082899166667,0.24597207303974222,1,-0.5393652000847358,0.0,-0.24923660236464373,-0.18700753900774347,-0.2204763426908792,0.6778913827617145,3.7114168018141793,-0.5827767011490427,-0.1177555835995132
CERT000062,0.34825615869764437,0,7.987886626666667,0.07357679914070892,0,0.7257752012170579,0.0,0.003533371578610527,-0.18700753900774347,-0.6087703241260937,-1.3255340475532642,-0.26922194417304923,0.7841901507079261,-0.1177555835995132
CERT000063,0.2426904866500708,0,10.266385134444445,0.12191192266380237,0,-0.7095401559098665,0.0,-0.11899458084070068,-0.18700753900774347,-0.4929713019905366,-0.7638259829789712,-0.26922194417304923,-0.766648406921631,-0.1177555835995132
CERT000064,0.2536426810132257,0,16.15888670388889,0.24597207303974222,0,-0.5087928165119474,0.0,-0.10628258911283167,-0.18700753900774347,-0.19349955893488943,0.6778913827617145,-0.26922194417304923,-0.5497436600073197,-0.1177555835995132
CERT000065,0.27159037281736664,0,25.607787425,0.24597207303974222,0,-0.9609446656106551,0.0,-0.08545106419795957,-0.18700753900774347,0.28671732952284135,0.6778913827617145,-0.26922194417304923,-1.0382875315711273,-0.1177555835995132
CERT000066,0.2810201912858661,0,4.001222246388889,0.12191192266380237,0,0.040907480181936885,0.0,-0.07450606355314437,-0.18700753900774347,-0.81138263009994,-0.7638259829789712,-0.26922194417304923,0.04419997127920691,-0.1177555835995132
CERT000067,0.32547952196657165,0,24.27665447777778,0.24597207303974222,0,0.7704583371922116,0.0,-0.022903012593690687,-0.18700753900774347,0.21906580677899182,0.6778913827617145,-0.26922194417304923,0.832469666287543,-0.1177555835995132
CERT000068,0.1595411813732069,0,27.402532036388887,0.24597207303974222,0,-0.38106090318324326,0.0,-0.21550430718499047,-0.18700753900774347,0.37793076252376523,0.6778913827617145,-0.26922194417304923,-0.4117310795340836,-0.1177555835995132
CERT000069,0.15623916210029826,0,11.383908344444444,0.24597207303974222,0,-0.3441837521240474,0.0,-0.21933689454517197,-0.18700753900774347,-0.4361759630907975,0.6778913827617145,-0.26922194417304923,-0.37188582359492256,-0.1177555835995132
CERT000070,0.1945334187486654,0,30.803052695,0.24597207303974222,1,0.4784222639379373,0.0,-0.17488952102369712,-0.18700753900774347,0.5507537710422035,0.6778913827617145,3.7114168018141793,0.5169286944916086,-0.1177555835995132
CERT000071,0.15166410650281617,0,16.673486699166666,0.24597207303974222,0,-0.5878728944873373,0.0,-0.22464706956410582,-0.18700753900774347,-0.16734629350999905,0.6778913827617145,-0.26922194417304923,-0.635188599654643,-0.1177555835995132
CERT000072,0.3496814378090529,0,11.230340328333334,0.24597207303974222,0,0.45064760619772276,0.0,0.005187664378150556,-0.18700753900774347,-0.4439806757277647,0.6778913827617145,-0.26922194417304923,0.48691855774039994,-0.1177555835995132
CERT000073,0.3270951606614745,0,48.02385631638889,0.24597207303974222,0,0.6359738217694232,0.0,-0.021027773254081873,-0.18700753900774347,1.425958302859164,0.6778913827617145,-0.26922194417304923,0.6871609918654495,-0.1177555835995132
CERT000074,0.3255653099228518,0,6.068254627222222,0.24597207303974222,0,0.14345820811844764,0.0,-0.022803440238195145,-0.18700753900774347,-0.706330848145305,0.6778913827617145,-0.26922194417304923,0.15500462630308237,-0.1177555835995132
CERT000075,0.16910933993654725,0,13.371869841944445,0.24597207303974222,0,-1.3179036774537494,0.0,-0.20439873797437566,-0.18700753900774347,-0.3351427622052915,0.6778913827617145,-0.26922194417304923,-1.4239768480762687,-0.1177555835995132
CERT000076,0.15795090715048027,0,1.0734567658333334,0.24597207303974222,0,-0.4223339700213257,0.0,-0.21735010649187209,-0.18700753900774347,-0.9601790319993783,0.6778913827617145,-0.26922194417304923,-0.456326062181134,-0.1177555835995132
CERT000077,0.1317729739905249,0,4.243842292777778,0.07357679914070892,0,-0.5113535696445831,0.0,-0.24773430702264157,-0.18700753900774347,-0.7990520694142901,-1.3255340475532642,-0.26922194417304923,-0.5525105186456969,-0.1177555835995132
CERT000078,4.062011285771866,0,1.8607406991666666,0.24597207303974222,0,2.0394801546903802,0.0,4.314014256899535,-0.18700753900774347,-0.9201672833360228,0.6778913827617145,-0.26922194417304923,2.203630335110001,-0.1177555835995132
CERT000079,0.17038675000821007,0,1.7051749094444444,0.24597207303974222,0,0.07296506289977864,0.0,-0.20291607379534107,-0.18700753900774347,-0.9280735278501562,0.6778913827617145,-0.26922194417304923,0.07883774972724421,-0.1177555835995132
CERT000080,0.22145753506193966,0,39.60813463388889,0.24597207303974222,0,-0.2674169422617525,0.0,-0.14363924071403184,-0.18700753900774347,0.9982501704764188,0.6778913827617145,-0.26922194417304923,-0.2889403384166879,-0.1177555835995132
CERT000081,0.1379414125200642,0,5.9848618149999995,0.24597207303974222,1,-0.38012145794520114,0.0,-0.24057472448042813,-0.18700753900774347,-0.7105690805055649,0.6778913827617145,3.7114168018141793,-0.4107160218391297,-0.1177555835995132
CERT000082,0.2415235297873699,0,40.89360360194445,0.00644468313641246,0,-0.34000225454477073,0.0,-0.12034904420151715,-0.18700753900774347,1.0635809350032812,-2.1056841372397823,-0.26922194417304923,-0.367367772810907,-0.1177555835995132
CERT000083,0.2140875553369405,0,6.6377205508333335,0.07357679914070892,0,1.1729907624007412,0.0,-0.15219342795653842,-0.18700753900774347,-0.6773891583137838,-1.3255340475532642,-0.26922194417304923,1.2674004308821005,-0.1177555835995132
CERT000084,3.2603815345699836,0,31.486668864444443,0.24597207303974222,0,3.1733542439778564,0.0,3.3835787269774182,-0.18700753900774347,0.5854968633319274,0.6778913827617145,-0.26922194417304923,3.428765737189182,-0.1177555835995132
CERT000085,0.2907686439061606,0,23.80791569,0.24597207303974222,0,-0.28124707044791925,0.0,-0.06319123065667906,-0.18700753900774347,0.19524332321080556,0.6778913827617145,-0.26922194417304923,-0.3038836022378177,-0.1177555835995132
CERT000086,0.2600079270709473,0,4.513326326388889,0.04484425349087003,0,-0.7071067811865476,0.0,-0.09889457603083049,-0.18700753900774347,-0.7853562133640056,-1.659438285939094,-0.26922194417304923,-0.7640191789074906,-0.1177555835995132
CERT000087,0.3145200984413454,0,42.812108806944444,0.03571428571428571,0,-0.31687000895959533,0.0,-0.03562339506458379,-0.18700753900774347,1.161084192496151,-1.7655386981364607,-0.26922194417304923,-0.34237369872125467,-0.1177555835995132
CERT000088,0.3372191521116534,0,116.71081450722222,0.24597207303974222,0,-0.35695491627947185,0.0,-0.009277059990569377,-0.18700753900774347,4.916802191855968,0.6778913827617145,-0.26922194417304923,-0.3856848913048191,-0.1177555835995132
CERT000089,0.30123631090929903,0,1.6547360036111112,0.12191192266380237,0,0.1627508627074382,0.0,-0.05104162009081499,-0.18700753900774347,-0.9306369598441423,-0.7638259829789712,-0.26922194417304923,0.17585007498240668,-0.1177555835995132
CERT000090,0.15315431899061793,0,88.5665499711111,0.24597207303974222,0,-0.39004055434735635,0.0,-0.2229174099005198,-0.18700753900774347,3.4864399156108603,0.6778913827617145,-0.26922194417304923,-0.42143346945851484,-0.1177555835995132
CERT000091,0.29776395619490975,0,34.971495465833335,0.24597207303974222,0,0.1312479039063175,0.0,-0.055071912372153614,-0.18700753900774347,0.7626045118009989,0.6778913827617145,-0.26922194417304923,0.14181156006956647,-0.1177555835995132
CERT000092,0.37027800868199867,0,19.400612306944446,0.12191192266380237,0,0.7778496553975133,0.0,0.029093689954191728,-0.18700753900774347,-0.028746914338361018,-0.7638259829789712,-0.26922194417304923,0.8404558842344033,-0.1177555835995132
CERT000093,0.15817964796664596,0,0.07648875944444444,0.0378625134264232,0,-0.25779865093292004,0.0,-0.21708461162696113,-0.18700753900774347,-1.010847452385076,-1.7405738952664918,-0.26922194417304923,-0.27854790655340345,-0.1177555835995132
CERT000094,0.15940576805785484,0,40.25608163472222,0.07357679914070892,0,-0.48006582544965026,0.0,-0.21566147869670046,-0.18700753900774347,1.0311804659477752,-1.3255340475532642,-0.26922194417304923,-0.518704540163115,-0.1177555835995132
CERT000095,0.28554066482722373,0,29.054220495,0.24597207303974222,0,-0.4990068761382011,0.0,-0.06925924082900528,-0.18700753900774347,0.4618737222083394,0.6778913827617145,-0.26922194417304923,-0.5391700856503586,-0.1177555835995132
CERT000096,0.11070304302203568,0,9.612781791388889,0.24597207303974222,0,-1.2062002245797412,0.0,-0.27218975214140884,-0.18700753900774347,-0.5261890669932364,0.6778913827617145,-0.26922194417304923,-1.3032827992895748,-0.1177555835995132
CERT000097,0.2544147582697201,0,67.77159284805556,0.24597207303974222,0,-0.46808513060841617,0.0,-0.10538645456915967,-0.18700753900774347,2.4295879176917436,0.6778913827617145,-0.26922194417304923,-0.5057595637056963,-0.1177555835995132
CERT000098,0.21935908996323786,0,19.790034230833335,0.24597207303974222,0,-0.12739725794366574,0.0,-0.14607486373637568,-0.18700753900774347,-0.008955513189513382,0.6778913827617145,-0.26922194417304923,-0.137650989919593,-0.1177555835995132
CERT000099,0.1622262519179802,0,1.542824003888889,0.24597207303974222,0,-0.4112452608451936,0.0,-0.2123877998055441,-0.18700753900774347,-0.9363246090081997,0.6778913827617145,-0.26922194417304923,-0.4443448640010286,-0.1177555835995132
CERT000100,0.1993049755399117,0,44.56857780888889,0.24597207303974222,0,0.41364092983630396,0.0,-0.16935127102117362,-0.18700753900774347,1.2503523628031654,0.6778913827617145,-0.26922194417304923,0.44693335148866226,-0.1177555835995132
CERT000101,0.18307681155918526,0,4.975004978888889,0.24597207303974222,1,1.1466347470989302,0.0,-0.18818697457438122,-0.18700753900774347,-0.7618925436192739,0.6778913827617145,3.7114168018141793,1.2389231178285145,-0.1177555835995132
CERT000102,0.43500284037114184,0,0.5092683363888889,0.24597207303974222,0,1.437829707533772,0.0,0.10421850035639621,-0.18700753900774347,-0.9888525063101345,0.6778913827617145,-0.26922194417304923,1.5535552787591467,-0.1177555835995132
CERT000103,0.24156177343061008,0,11.784614182777778,0.24597207303974222,0,-0.5086800108623096,0.0,-0.12030465557396063,-0.18700753900774347,-0.4158110850429887,0.6778913827617145,-0.26922194417304923,-0.5496217750500466,-0.1177555835995132
CERT000104,0.3393491933278644,0,6.094547571666666,0.07357679914070892,0,-0.3094786384139137,0.0,-0.0068047639900905505,-0.18700753900774347,-0.704994574610195,-1.3255340475532642,-0.26922194417304923,-0.3343874242213318,-0.1177555835995132
CERT000105,0.13783839353025837,0,8.983735214166666,0.24597207303974222,0,0.17995941661906525,0.0,-0.24069429654998806,-0.18700753900774347,-0.5581587954224626,0.6778913827617145,-0.26922194417304923,0.1944436814638555,-0.1177555835995132
CERT000106,0.20719487755999805,0,12.860050888888889,0.12191192266380237,0,1.7342284842744333,0.0,-0.1601936204273849,-0.18700753900774347,-0.361154688073122,-0.7638259829789712,-0.26922194417304923,1.8738100918364404,-0.1177555835995132
CERT000107,0.14551354049669288,0,8.275812868055556,0.24597207303974222,0,1.0650148702290685,0.0,-0.23178590782784073,-0.18700753900774347,-0.5941371887142484,0.6778913827617145,-0.26922194417304923,1.1507339603097568,-0.1177555835995132
CERT000108,0.19809454829094353,0,15.168630084444445,0.24597207303974222,0,0.8653980070387444,0.0,-0.17075618958505842,-0.18700753900774347,-0.24382688976415898,0.6778913827617145,-0.26922194417304923,0.9350506774329587,-0.1177555835995132
CERT000109,0.28516992913189537,0,9.881741724722223,0.020676691729323307,0,0.6186016000631731,0.0,-0.06968954629437343,-0.18700753900774347,-0.5125198470366165,-1.9402923182262408,-0.26922194417304923,0.6683905445766596,-0.1177555835995132
CERT000110,0.17518631258528394,0,34.42955621722222,0.24597207303974222,0,-0.32810826283786765,0.0,-0.1973453180404571,-0.18700753900774347,0.7350617967929246,0.6778913827617145,-0.26922194417304923,-0.3545164779009757,-0.1177555835995132
CERT000111,0.509871931696905,0,3.263107657777778,0.24597207303974222,0,-0.20821011382414265,0.0,0.19111754889848365,-0.18700753900774347,-0.8488954690565552,0.6778913827617145,-0.26922194417304923,-0.22496817232783597,-0.1177555835995132
CERT000112,2.9902964878967753,0,18.260541384444444,0.24597207303974222,0,2.473220045614572,0.0,3.070096445227449,-0.18700753900774347,-0.0866881846705681,0.6778913827617145,-0.26922194417304923,2.6722803383913303,-0.1177555835995132
CERT000113,0.2653150510584562,0,94.80428697944444,0.24597207303974222,0,-0.4466843935364302,0.0,-0.0927347039548792,-0.18700753900774347,3.803457391566225,0.6778913827617145,-0.26922194417304923,-0.4826363608164283,-0.1177555835995132
CERT000114,0.10645060981930002,1,27.449855427777777,0.24597207303974222,0,-0.6318563535106307,0.0,-0.27712546583531006,5.343072543078385,0.3803358562415208,0.6778913827617145,-0.26922194417304923,-0.6827121238840373,-0.1177555835995132
CERT000115,0.23596895491018163,0,15.64107039138889,0.24597207303974222,0,1.48672215162091,0.0,-0.12679612754841155,-0.18700753900774347,-0.21981628568658765,0.6778913827617145,-0.26922194417304923,1.6063828940219405,-0.1177555835995132
CERT000116,0.3341606874687135,0,44.082331396111115,0.24597207303974222,0,-0.040052057051443386,0.0,-0.012826958390092647,-0.18700753900774347,1.2256400977196544,0.6778913827617145,-0.26922194417304923,-0.04327569831907294,-0.1177555835995132
CERT000117,3.7386423866131593,0,11.260960271944445,0.24597207303974222,0,2.8394062418064223,0.0,3.938686479209195,-0.18700753900774347,-0.44242449321726096,0.6778913827617145,-0.26922194417304923,3.0679395010319235,-0.1177555835995132
CERT000118,0.15500226955600763,0,22.609530463055552,0.24597207303974222,0,-0.3468359415348579,0.0,-0.22077253084507015,-0.18700753900774347,0.13433837332904802,0.6778913827617145,-0.26922194417304923,-0.3747514778777939,-0.1177555835995132
CERT000119,0.12310469314079424,0,71.52906387222222,0.12191192266380237,0,-0.67955669276944,0.0,-0.25779540626932074,-0.18700753900774347,2.620552041133525,-0.7638259829789712,-0.26922194417304923,-0.7342516862298687,-0.1177555835995132
CERT000120,0.2157921474707889,0,46.06834538638889,0.24597207303974222,0,1.0376389750575632,0.0,-0.1502149421493682,-0.18700753900774347,1.3265743213922432,0.6778913827617145,-0.26922194417304923,1.1211546810448998,-0.1177555835995132
CERT000121,0.22627636913351198,0,18.672672157222223,0.24597207303974222,0,-1.254794863949435,0.0,-0.1380461169230699,-0.18700753900774347,-0.06574266273288472,0.6778913827617145,-0.26922194417304923,-1.3557886406396442,-0.1177555835995132
CERT000122,0.1408564010677588,0,7.200274496666666,0.07357679914070892,0,-0.42243486989770934,0.0,-0.23719135589907905,-0.18700753900774347,-0.6487987525691106,-1.3255340475532642,-0.26922194417304923,-0.45643508311369685,-0.1177555835995132
CERT000123,0.1963701546045261,0,163.17668423916666,0.24597207303974222,0,-0.41548841720344676,0.0,-0.17275765865604864,-0.18700753900774347,7.278314503261936,0.6778913827617145,-0.26922194417304923,-0.44892953625006116,-0.1177555835995132
CERT000124,0.11774169957583737,0,16.8504624075,0.24597207303974222,0,-0.4539682117796809,0.0,-0.26402012504017247,-0.18700753900774347,-0.15835194310915762,0.6778913827617145,-0.26922194417304923,-0.49050642652868404,-0.1177555835995132
CERT000125,0.20382978723404258,0,12.267004199444445,0.24597207303974222,0,1.1099320272256223,0.0,-0.16409941309035914,-0.18700753900774347,-0.3912948117045279,0.6778913827617145,-0.26922194417304923,1.1992663323933337,-0.1177555835995132
CERT000126,0.37019805361106367,0,59.56261902916666,0.07357679914070892,0,1.6194187172825913,0.0,0.029000887711405916,-0.18700753900774347,2.012387231485968,-1.3255340475532642,-0.26922194417304923,1.749759713249382,-0.1177555835995132
CERT000127,0.23219593654327858,0,18.61567008888889,0.24597207303974222,0,-1.1089125004198734,0.0,-0.1311753940843054,-0.18700753900774347,-0.06863965114440748,0.6778913827617145,-0.26922194417304923,-1.1981647476628134,-0.1177555835995132
CERT000128,1.1143914912308222,0,17.044215916944445,0.24597207303974222,0,2.0311265776325556,0.0,0.8927712436121839,-0.18700753900774347,-0.14850490267774585,0.6778913827617145,-0.26922194417304923,2.1946044096706356,-0.1177555835995132
CERT000129,0.02133884297520661,0,5.6497553541666665,0.24597207303974222,0,-2.411654948797722,0.0,-0.37591298185185107,-0.18700753900774347,-0.7276000332770257,0.6778913827617145,-0.26922194417304923,-2.605760095663011,-0.1177555835995132
CERT000130,11.203226529240421,0,6.535662983611111,0.07357679914070892,0,2.647665823627516,0.0,12.60267916658205,-0.18700753900774347,-0.6825759804449044,-1.3255340475532642,-0.26922194417304923,2.8607666089623462,-0.1177555835995132
CERT000131,0.15983754512635379,0,55.3213298725,0.24597207303974222,1,-0.6584658050751079,0.0,-0.21516032373715122,-0.18700753900774347,1.7968342542689029,0.6778913827617145,3.7114168018141793,-0.711463271343486,-0.1177555835995132
CERT000132,0.22643548538671177,0,48.56113882166667,0.12191192266380237,0,-0.09342268335017101,0.0,-0.13786143388811117,-0.18700753900774347,1.453264350464343,-0.7638259829789712,-0.26922194417304923,-0.10094192804198505,-0.1177555835995132
CERT000133,0.15982388243872342,0,5.547539531666667,0.04484425349087003,0,-0.28278037511470644,0.0,-0.21517618174390116,-0.18700753900774347,-0.7327948983392046,-1.659438285939094,-0.26922194417304923,-0.30554031690058475,-0.1177555835995132
CERT000134,0.219900826446281,0,51.30130028527778,0.24597207303974222,0,-0.537932327860868,0.0,-0.14544608109585783,-0.18700753900774347,1.5925262446005717,0.6778913827617145,-0.26922194417304923,-0.5812285023633914,-0.1177555835995132
CERT000135,0.28649463509798706,0,10.76124485111111,0.12191192266380237,0,-0.837646743328786,0.0,-0.06815198672188558,-0.18700753900774347,-0.46782128715020754,-0.7638259829789712,-0.26922194417304923,-0.9050658176105862,-0.1177555835995132
CERT000136,0.1182205971968312,0,1.489639745,0.24597207303974222,1,-0.8680423489415822,0.0,-0.2634642782030263,-0.18700753900774347,-0.9390275667460759,0.6778913827617145,3.7114168018141793,-0.9379078525910962,-0.1177555835995132
CERT000137,0.1526463239191338,0,25.50616444027778,0.24597207303974222,0,-0.3581481719309385,0.0,-0.22350702956324506,-0.18700753900774347,0.28155259396687765,0.6778913827617145,-0.26922194417304923,-0.3869741876703984,-0.1177555835995132
CERT000138,0.35563724448599715,0,0.9596998472222222,0.24597207303974222,0,1.3243929829434473,0.0,0.012100449405487596,-0.18700753900774347,-0.9659604445793535,0.6778913827617145,-0.26922194417304923,1.4309884536552724,-0.1177555835995132
CERT000139,0.2963119709794438,0,53.44035632305555,0.12191192266380237,0,-0.4168139557592146,0.0,-0.05675720240956258,-0.18700753900774347,1.7012384498630662,-0.7638259829789712,-0.26922194417304923,-0.4503617624794413,-0.1177555835995132
CERT000140,0.23872198080470192,0,48.14628146333333,0.12191192266380237,0,-0.9185394999789226,0.0,-0.1236007457612251,-0.18700753900774347,1.4321802565942994,-0.7638259829789712,-0.26922194417304923,-0.9924693317045854,-0.1177555835995132
CERT000141,0.39125854032309565,0,24.968670625277777,0.24597207303974222,0,-0.22725793387570664,0.0,0.05344537107164521,-0.18700753900774347,0.254235807070399,0.6778913827617145,-0.26922194417304923,-0.24554908064744413,-0.1177555835995132
CERT000142,0.1781313018149227,0,150.71159300694447,0.24597207303974222,0,-0.4205642006395882,0.0,-0.19392712827094616,-0.18700753900774347,6.644807230558198,0.6778913827617145,-0.26922194417304923,-0.4544138506370419,-0.1177555835995132
CERT000143,0.1138291648383794,0,1.0755068147222222,0.24597207303974222,0,-0.4596678948078531,0.0,-0.26856132542143,-0.18700753900774347,-0.9600748433611797,0.6778913827617145,-0.26922194417304923,-0.496664855867899,-0.1177555835995132
CERT000144,0.18431341677818888,0,26.223467715833333,0.24597207303974222,1,0.76228921094832,0.0,-0.186751671767165,-0.18700753900774347,0.3180077496759664,0.6778913827617145,3.7114168018141793,0.8236430374228383,-0.1177555835995132
CERT000145,0.2095238095238095,0,20.70332125361111,0.24597207303974222,0,1.0778652468634415,0.0,-0.1574904759362372,-0.18700753900774347,0.03746002924150029,0.6778913827617145,-0.26922194417304923,1.1646186160167362,-0.1177555835995132
CERT000146,0.19588500563697858,0,14.507701759722222,0.12191192266380237,0,1.1961078305593866,0.0,-0.1733207613054132,-0.18700753900774347,-0.2774169287496002,-0.7638259829789712,-0.26922194417304923,1.29237810597055,-0.1177555835995132
CERT000147,0.16471031322578622,0,26.651313000000002,0.0378625134264232,0,0.35752046816830424,0.0,-0.20950459980476785,-0.18700753900774347,0.33975192258750814,-1.7405738952664918,-0.26922194417304923,0.3862959623640023,-0.1177555835995132
CERT000148,0.3412627966151843,0,12.13641337611111,0.04484425349087003,0,1.1636668105099728,0.0,-0.004583683140697488,-0.18700753900774347,-0.39793176564163024,-1.659438285939094,-0.26922194417304923,1.2573260287446977,-0.1177555835995132
CERT000149,0.21147784164657893,0,2.5613777375,0.24597207303974222,0,1.0033124934424866,0.0,-0.15522247015063864,-0.18700753900774347,-0.884559147700208,0.6778913827617145,-0.26922194417304923,1.0840653884569746,-0.1177555835995132
CERT000150,0.1597905117419283,0,42.281506926388886,0.24597207303974222,0,-0.29701383895110367,0.0,-0.21521491444052313,-0.18700753900774347,1.134117671033933,0.6778913827617145,-0.26922194417304923,-0.32091937935992887,-0.1177555835995132
CERT000151,0.1453369639210347,1,1.3499510675,0.24597207303974222,0,-0.7500309862158496,0.0,-0.23199085670791664,5.343072543078385,-0.946126896503235,0.6778913827617145,-0.26922194417304923,-0.810398193724338,-0.1177555835995132
CERT000152,0.287027703961636,0,30.759984714444442,0.24597207303974222,0,-0.47967632591911485,0.0,-0.06753326441287626,-0.18700753900774347,0.5485649480007738,0.6778913827617145,-0.26922194417304923,-0.5182836912624649,-0.1177555835995132
CERT000153,0.24027286508337542,0,45.28173739138889,0.24597207303974222,1,-0.6260858115130233,0.0,-0.12180066557019928,-0.18700753900774347,1.2865969256142444,0.6778913827617145,3.7114168018141793,-0.676477132400198,-0.1177555835995132
CERT000154,0.12324969457757731,0,58.89897702555555,0.0008055853920515575,0,-0.5661328507164737,0.0,-0.2576271060179011,-0.18700753900774347,1.9786592765174134,-2.17121674477345,-0.26922194417304923,-0.6116987805309227,-0.1177555835995132
CERT000155,0.11541684122329285,0,0.15744995444444446,0.24597207303974222,0,-1.3656534641749694,0.0,-0.2667185413726507,-0.18700753900774347,-1.0067328009249485,0.6778913827617145,-0.26922194417304923,-1.4755698377270492,-0.1177555835995132
CERT000156,0.2184487783008294,0,19.399558324444445,0.24597207303974222,0,-0.978125790615212,0.0,-0.14713144417483548,-0.18700753900774347,-0.028800480378642104,0.6778913827617145,-0.26922194417304923,-1.056851501494682,-0.1177555835995132
CERT000157,0.2132031415835279,0,64.69348709722223,0.24597207303974222,0,1.1263140622150085,0.0,-0.15321994921288287,-0.18700753900774347,2.2731508453128937,0.6778913827617145,-0.26922194417304923,1.2169668965152363,-0.1177555835995132
CERT000158,0.08221085969397489,0,19.96030481388889,0.04484425349087003,0,-1.8243588462863312,0.0,-0.3052600562983288,-0.18700753900774347,-0.00030193411145880195,-1.659438285939094,-0.26922194417304923,-1.9711947118275166,-0.1177555835995132
CERT000159,0.1493110064538636,1,2.514791980277778,0.24597207303974222,0,-0.42190639262879553,0.0,-0.22737826546561068,5.343072543078385,-0.8869267529952578,0.6778913827617145,-0.26922194417304923,-0.455864070672847,-0.1177555835995132
CERT000160,0.31998006975585447,0,36.08569133694444,0.24597207303974222,0,0.26681795561257743,0.0,-0.029286116170233672,-0.18700753900774347,0.81923074697373,0.6778913827617145,-0.26922194417304923,0.2882931415575214,-0.1177555835995132
CERT000161,0.16950985845849562,0,26.102506112500002,0.12191192266380237,0,-0.5780458701774023,0.0,-0.2039338641811389,-0.18700753900774347,0.31186017690638396,-0.7638259829789712,-0.26922194417304923,-0.6245706346681077,-0.1177555835995132
CERT000162,0.13455968291071702,0,20.18148264472222,0.24597207303974222,0,-0.9438416429743582,0.0,-0.24449983002498749,-0.18700753900774347,0.010938879275574258,0.6778913827617145,-0.26922194417304923,-1.0198079501852824,-0.1177555835995132
CERT000163,0.11663314143025595,0,8.8813682375,0.24597207303974222,0,-0.4802113215493198,0.0,-0.26530680618453756,-0.18700753900774347,-0.5633613425193814,0.6778913827617145,-0.26922194417304923,-0.5188617467032887,-0.1177555835995132
CERT000164,0.21596381535186912,0,5.193412555833333,0.24597207303974222,0,-2.056595920973568,0.0,-0.15001569069236576,-0.18700753900774347,-0.7507925214990796,0.6778913827617145,-0.26922194417304923,-2.222123685831529,-0.1177555835995132
CERT000165,0.33679408526034293,0,36.60913142222223,0.24597207303974222,0,0.6943761194100894,0.0,-0.009770426535983126,-0.18700753900774347,0.8458332879957282,0.6778913827617145,-0.26922194417304923,0.7502638734625657,-0.1177555835995132
CERT000166,0.22532595371642955,0,4.580217334444445,0.24597207303974222,0,1.0274694119484784,0.0,-0.13914924498301703,-0.18700753900774347,-0.7819566441757644,0.6778913827617145,-0.26922194417304923,1.1101666075838972,-0.1177555835995132
CERT000167,0.2618680126814617,0,42.32154135527778,0.12191192266380237,0,-1.1109907628589875,0.0,-0.09673561207256337,-0.18700753900774347,1.1361523213535467,-0.7638259829789712,-0.26922194417304923,-1.2004102817243334,-0.1177555835995132
CERT000168,0.14173537495092264,0,6.6388780388888895,0.24597207303974222,0,-0.31493480816628394,0.0,-0.2361711485907262,-0.18700753900774347,-0.6773303318609643,0.6778913827617145,-0.26922194417304923,-0.3402827408058945,-0.1177555835995132
CERT000169,0.13948323724108477,0,4.476882209722222,0.24597207303974222,0,-0.7363242197442721,0.0,-0.23878515953576515,-0.18700753900774347,-0.7872083949907166,0.6778913827617145,-0.26922194417304923,-0.7955882205438819,-0.1177555835995132
CERT000170,0.2936719758932415,0,21.756247869166668,0.04484425349087003,0,-0.31165489136950464,0.0,-0.05982139161079869,-0.18700753900774347,0.09097240682069452,-1.659438285939094,-0.26922194417304923,-0.33673883569193813,-0.1177555835995132
CERT000171,0.1906818821071242,0,4.008422632777778,0.020676691729323307,0,-0.38662199609992,0.0,-0.17935992214181173,-0.18700753900774347,-0.8110166883624382,-1.9402923182262408,-0.26922194417304923,-0.4177397641586293,-0.1177555835995132
CERT000172,0.1805904250714224,1,2.5553080186111115,0.24597207303974222,0,0.6378112087033853,0.0,-0.19107287336476958,5.343072543078385,-0.8848676260729486,0.6778913827617145,-0.26922194417304923,0.6891462632473269,-0.1177555835995132
CERT000173,0.23242694209212394,0,18.403659903333335,0.24597207303974222,0,-1.123399803578772,0.0,-0.13090727058972124,-0.18700753900774347,-0.07941454175166779,0.6778913827617145,-0.26922194417304923,-1.2138180800286438,-0.1177555835995132
CERT000174,0.12346570397111914,0,7.116728205,0.0013426423200859291,0,-0.6793494113178986,0.0,-0.2573763882591766,-0.18700753900774347,-0.6530447851405724,-2.1649755440559577,-0.26922194417304923,-0.7340277214644005,-0.1177555835995132
CERT000175,0.1747023372041746,0,3.0669971011111112,0.24597207303974222,0,-0.2982262919661564,0.0,-0.19790705853164592,-0.18700753900774347,-0.8588623005532359,0.6778913827617145,-0.26922194417304923,-0.32222941821356577,-0.1177555835995132
CERT000176,0.27070672729590756,0,15.939500603888888,0.12191192266380237,0,0.23581509605229828,0.0,-0.0864766937829262,-0.18700753900774347,-0.20464931205669898,-0.7638259829789712,-0.26922194417304923,0.25479497701541143,-0.1177555835995132
CERT000177,0.2740182467274891,0,0.22967338222222222,0.24597207303974222,0,-0.07912198493384816,0.9958215612770359,-0.0826330797796393,-0.18700753900774347,-1.00306222476113,0.6778913827617145,-0.26922194417304923,-0.08549021954117214,8.485328818200216
CERT000178,0.3864989670676875,0,1.0610277608333334,0.24597207303974222,0,-0.2710672789518175,0.0,0.047921030118157376,-0.18700753900774347,-0.9608107052790426,0.6778913827617145,-0.26922194417304923,-0.29288447714492843,-0.1177555835995132
CERT000179,0.16464107086766375,0,19.618141711944446,0.24597207303974222,0,0.12493404403168193,0.0,-0.2095849680172452,-0.18700753900774347,-0.017691523124040164,0.6778913827617145,-0.26922194417304923,0.13498952107135276,-0.1177555835995132
CERT000180,0.3855431406558832,0,19.776872723333334,0.01154672395273899,0,-0.23488479219094022,0.0,0.046811621625461944,-0.18700753900774347,-0.009624414087682678,-2.0463927304236074,-0.26922194417304923,-0.2537897964525882,-0.1177555835995132
CERT000181,2.7425311734376714,0,19.419820102777777,0.12191192266380237,0,2.264166750130072,0.0,2.782520227766154,-0.18700753900774347,-0.02777072586718729,-0.7638259829789712,-0.26922194417304923,2.4464011198439475,-0.1177555835995132
CERT000182,0.13515419113227609,0,1.496865311388889,0.04484425349087003,0,-0.5821922913081276,0.0,-0.24380979628891417,-0.18700753900774347,-0.9386603452976737,-1.659438285939094,-0.26922194417304923,-0.6290507858305466,-0.1177555835995132
CERT000183,0.2943709304767906,0,30.767366384722223,0.24597207303974222,0,-0.22518474334631014,0.0,-0.05901012908297842,-0.18700753900774347,0.548940103041243,0.6778913827617145,-0.26922194417304923,-0.24330902671481125,-0.1177555835995132
CERT000184,0.16678799803246433,0,10.336907535555556,0.24597207303974222,0,-0.11415082643045377,0.0,-0.20709307283584696,-0.18700753900774347,-0.48938717627816875,0.6778913827617145,-0.26922194417304923,-0.12333840234802994,-0.1177555835995132
CERT000185,0.261458078709362,0,6.032726666944444,0.24597207303974222,0,-0.26647295855099373,0.0,-0.09721141418942819,-0.18700753900774347,-0.7081364684011857,0.6778913827617145,-0.26922194417304923,-0.2879203769642101,-0.1177555835995132
CERT000186,0.12314972094151905,0,1.932316206388889,0.0378625134264232,1,-1.0912283091722226,0.0,-0.25774314340661414,-0.18700753900774347,-0.9165296361236603,-1.7405738952664918,3.7114168018141793,-1.1790572215632882,-0.1177555835995132
CERT000187,0.13431302192066805,0,18.83255116388889,0.24597207303974222,0,-0.3368610136997988,0.0,-0.244786124475316,-0.18700753900774347,-0.0576172096905385,0.6778913827617145,-0.26922194417304923,-0.3639737051608996,-0.1177555835995132
CERT000188,3.570306859205776,0,55.956357051944444,0.24597207303974222,0,1.2997220676359953,0.0,3.743302818094847,-0.18700753900774347,1.829107931937837,0.6778913827617145,-0.26922194417304923,1.4043318680339798,-0.1177555835995132
CERT000189,0.1800746570918764,0,55.0610996925,0.07357679914070892,0,0.2818074971375024,0.0,-0.19167151488555426,-0.18700753900774347,1.7836087023226124,-1.3255340475532642,-0.26922194417304923,0.30448913558950563,-0.1177555835995132
CERT000190,0.30173433188805676,0,2.1493235283333334,0.24597207303974222,0,-0.23834742505096526,0.0,-0.050463577156919334,-0.18700753900774347,-0.9055007784826996,0.6778913827617145,-0.26922194417304923,-0.2575311237668803,-0.1177555835995132
CERT000191,0.16193001148029768,0,11.538773633333333,0.24597207303974222,0,-0.3532325123984674,0.0,-0.21273164012360396,-0.18700753900774347,-0.42830531979001946,0.6778913827617145,-0.26922194417304923,-0.38166288496518996,-0.1177555835995132
CERT000192,0.15842769330313816,0,4.444637751666667,0.07357679914070892,0,-0.24872430509381874,0.0,-0.2167967103935578,-0.18700753900774347,-0.7888471394091915,-1.3255340475532642,-0.26922194417304923,-0.268743200331411,-0.1177555835995132
CERT000193,0.2292386512569999,0,8.765784383611111,0.24597207303974222,0,-0.5725771602909548,0.0,-0.1346078556394612,-0.18700753900774347,-0.5692356045429482,0.6778913827617145,-0.26922194417304923,-0.618661768640666,-0.1177555835995132
CERT000194,0.16299291549550438,0,53.975023863888886,0.12191192266380237,0,-0.8548642839004614,0.0,-0.21149794881017348,-0.18700753900774347,1.7284115984013586,-0.7638259829789712,-0.26922194417304923,-0.9236691340549628,-0.1177555835995132
CERT000195,0.20238171253432094,0,9.276071815,0.24597207303974222,0,-0.3694744373038907,0.0,-0.16578016427079154,-0.18700753900774347,-0.5433015144563456,0.6778913827617145,-0.26922194417304923,-0.39921206206301907,-0.1177555835995132
CERT000196,0.12746439557311906,0,0.712707591111111,0.24597207303974222,0,-0.852313111841592,0.0,-0.25273518733802347,-0.18700753900774347,-0.9785132119544863,0.6778913827617145,-0.26922194417304923,-0.920912627635383,-0.1177555835995132
CERT000197,0.17138684051155997,0,34.830063304166664,0.24597207303974222,0,-0.3615235961028009,0.0,-0.20175528886182367,-0.18700753900774347,0.7554165737955043,0.6778913827617145,-0.26922194417304923,-0.390621287193222,-0.1177555835995132
CERT000198,0.26475530350766646,0,4.71518971,0.24597207303974222,0,-0.806883347532504,0.0,-0.09338439167949374,-0.18700753900774347,-0.775097008739843,0.6778913827617145,-0.26922194417304923,-0.8718263903811636,-0.1177555835995132
CERT000199,0.2954153414910248,0,27.46966664083333,0.24597207303974222,1,0.179466401021584,0.0,-0.05779790222384734,-0.18700753900774347,0.3813427118928724,0.6778913827617145,3.7114168018141793,0.19391098487262193,-0.1177555835995132
CERT000200,0.1051539811712143,0,14.472361152222222,0.03571428571428571,0,-1.2141049082238748,0.0,-0.2786304366294766,-0.18700753900774347,-0.2792130272663238,-1.7655386981364607,-0.26922194417304923,-1.3118237015521443,-0.1177555835995132
CERT000201,0.2871767560210663,0,61.07359187694444,0.24597207303974222,0,-0.223281820943607,0.0,-0.06736026268521575,-0.18700753900774347,2.0891786700797517,0.6778913827617145,-0.26922194417304923,-0.24125294515779622,-0.1177555835995132
CERT000202,0.2068745783042207,0,31.644786764722223,0.24597207303974222,0,0.8523592569324225,0.0,-0.16056538533173884,-0.18700753900774347,0.5935328125203041,0.6778913827617145,-0.26922194417304923,0.9209624867731326,-0.1177555835995132
CERT000203,0.19981499376429876,0,22.395416245,0.24597207303974222,0,1.1466772625349047,0.0,-0.16875930312556342,-0.18700753900774347,0.12345655050076175,0.6778913827617145,-0.26922194417304923,1.238969055173974,-0.1177555835995132
CERT000204,0.22411347517730498,1,20.044172967777776,0.12191192266380237,0,1.6648980408384333,0.0,-0.140556544438131,5.343072543078385,0.00396045630727333,-0.7638259829789712,-0.26922194417304923,1.7988994985900002,-0.1177555835995132
CERT000205,0.24260891645808394,0,14.647100020277778,0.24597207303974222,0,-1.2124918895557666,0.0,-0.11908925772200825,-0.18700753900774347,-0.2703323587116438,0.6778913827617145,-0.26922194417304923,-1.3100808570042495,-0.1177555835995132
CERT000206,0.30037126647755713,0,28.03750826138889,0.07357679914070892,0,-0.5406062126798977,0.0,-0.05204565976505015,-0.18700753900774347,0.41020185055973735,-1.3255340475532642,-0.26922194417304923,-0.5841175982372852,-0.1177555835995132
CERT000207,0.37802544337232497,0,17.13259677,0.24597207303974222,0,1.033552844581455,0.0,0.038085981583616736,-0.18700753900774347,-0.14401316554278448,0.6778913827617145,-0.26922194417304923,1.1167396731078716,-0.1177555835995132
CERT000208,0.17631468824103783,0,14.36047124777778,0.24597207303974222,0,-0.3734281700906886,0.0,-0.19603563511060265,-0.18700753900774347,-0.28489955349281854,0.6778913827617145,-0.26922194417304923,-0.40348401611261836,-0.1177555835995132
CERT000209,0.4637194473963869,0,1.4309062305555555,0.24597207303974222,0,2.32725793300333,0.0,0.13754928858505086,-0.18700753900774347,-0.942012551601688,0.6778913827617145,-0.26922194417304923,2.5145702776255243,-0.1177555835995132
CERT000210,0.2039037564448809,0,12.511836105277778,0.24597207303974222,0,-0.7071067811865471,0.0,-0.1640135585150005,-0.18700753900774347,-0.37885183876146644,0.6778913827617145,-0.26922194417304923,-0.76401917890749,-0.1177555835995132
CERT000211,0.2258368821087812,0,13.246324583611111,0.12191192266380237,0,-0.5398889510338184,0.0,-0.13855622067375556,-0.18700753900774347,-0.3415232878449308,-0.7638259829789712,-0.26922194417304923,-0.5833426068661377,-0.1177555835995132
CERT000212,0.2570448566958376,0,9.866425748888888,0.24597207303974222,0,-0.4888878635042366,0.0,-0.10233375222224331,-0.18700753900774347,-0.5132982434316538,0.6778913827617145,-0.26922194417304923,-0.5282366312844098,-0.1177555835995132
CERT000213,0.13257317903335603,0,16.37689691111111,0.12191192266380237,0,-1.2584445017269152,0.0,-0.2468055251230718,-0.18700753900774347,-0.18241973214293544,-0.7638259829789712,-0.26922194417304923,-1.3597320242024227,-0.1177555835995132
CERT000214,0.8734657039711192,0,7.808928615277778,0.24597207303974222,0,-0.24872219574075055,0.0,0.613133527815342,-0.18700753900774347,-0.6178654201515761,0.6778913827617145,-0.26922194417304923,-0.2687409212043512,-0.1177555835995132
CERT000215,0.13282130056323604,0,29.639334579722224,0.24597207303974222,0,-1.1303433688387414,0.0,-0.2465175354535356,-0.18700753900774347,0.4916106909258029,0.6778913827617145,-0.26922194417304923,-1.2213205070591278,-0.1177555835995132
CERT000216,0.13247880419496122,0,0.29472613694444444,0.24597207303974222,0,-0.5145831434438555,0.0,-0.24691506409993927,-0.18700753900774347,-0.9997560802285167,0.6778913827617145,-0.26922194417304923,-0.556000028841315,-0.1177555835995132
CERT000217,0.1501358639543431,0,47.76906727888889,0.12191192266380237,0,-0.8201763010631408,0.0,-0.22642086995425623,-0.18700753900774347,1.4130092834533383,-0.7638259829789712,-0.26922194417304923,-0.8861892443544919,-0.1177555835995132
CERT000218,0.30425253073029646,0,6.320058938611111,0.04484425349087003,0,0.2682072338735842,0.0,-0.04754075440649663,-0.18700753900774347,-0.693533520023818,-1.659438285939094,-0.26922194417304923,0.2897942376642046,-0.1177555835995132
CERT000219,0.24113615069776614,0,17.573545913611113,0.03571428571428571,0,1.3416090606004405,0.0,-0.12079866731989047,-0.18700753900774347,-0.12160302155217963,-1.7655386981364607,-0.26922194417304923,1.449590189440399,-0.1177555835995132
CERT000220,0.18698473282442749,0,20.25392466388889,0.24597207303974222,0,-1.6802453542334608,0.0,-0.18365112895753877,-0.18700753900774347,0.014620564803297976,0.6778913827617145,-0.26922194417304923,-1.8154820602206905,-0.1177555835995132
CERT000221,0.22117733268197362,1,2.411792722777778,0.24597207303974222,0,-0.31309509971634725,0.0,-0.143964465981056,5.343072543078385,-0.8921614341936321,0.6778913827617145,-0.26922194417304923,-0.3382949610578468,-0.1177555835995132
CERT000222,0.3331498230436492,0,24.009500473055557,0.0002685284640171858,0,0.693004954892381,0.0,-0.014000248397859922,-0.18700753900774347,0.20548836865435446,-2.1774579454909424,-0.26922194417304923,0.7487823490070815,-0.1177555835995132
CERT000223,0.296360748961097,0,19.887201176666668,0.12191192266380237,0,0.21763714258958272,0.0,-0.056700586787275624,-0.18700753900774347,-0.004017244732022689,-0.7638259829789712,-0.26922194417304923,0.23515394761459374,-0.1177555835995132
CERT000224,0.4014338849657701,0,9.105165003055555,0.24597207303974222,0,1.27556722508121,0.0,0.06525568895287699,-0.18700753900774347,-0.5519874282859641,0.6778913827617145,-0.26922194417304923,1.3782328919438636,-0.1177555835995132
CERT000225,0.19079733652040293,0,12.540663768333333,0.12191192266380237,0,-1.1048915888087993,0.0,-0.1792259165263268,-0.18700753900774347,-0.3773867444544518,-0.7638259829789712,-0.26922194417304923,-1.1938202078149598,-0.1177555835995132
CERT000226,0.16650382673831624,0,5.279784367777777,0.24597207303974222,0,-0.36499422572462353,0.0,-0.20742290474173983,-0.18700753900774347,-0.74640288888396,0.6778913827617145,-0.26922194417304923,-0.39437125489895863,-0.1177555835995132
CERT000227,0.18347563144788334,0,16.57454372138889,0.24597207303974222,0,-0.4068036322076811,0.0,-0.18772407235059532,-0.18700753900774347,-0.17237482437571436,0.6778913827617145,-0.26922194417304923,-0.43954574517635847,-0.1177555835995132
CERT000228,0.18956618775282466,0,5.198107824166667,0.0378625134264232,0,-0.3378576391829861,0.0,-0.18065488614011319,-0.18700753900774347,-0.7505538961588356,-1.7405738952664918,-0.26922194417304923,-0.36505054532649006,-0.1177555835995132
CERT000229,0.1997728419989904,0,32.635108074166666,0.24597207303974222,0,-0.7355929626174529,0.0,-0.1688082278318047,-0.18700753900774347,0.6438634310579993,0.6778913827617145,-0.26922194417304923,-0.7947981072477469,-0.1177555835995132
CERT000230,0.2371281237604125,0,56.840314899166664,0.020676691729323307,0,-0.6456611977074613,0.9958215612770359,-0.1254507035770373,-0.18700753900774347,1.874032891935822,-1.9402923182262408,-0.26922194417304923,-0.6976280687014663,8.485328818200216
CERT000231,0.10894911589838623,0,10.682822099166666,0.24597207303974222,0,-0.4518038574084162,0.0,-0.2742255000790207,-0.18700753900774347,-0.47180692855280076,0.6778913827617145,-0.26922194417304923,-0.48816787131524986,-0.1177555835995132
CERT000232,0.2135878356518926,0,32.47184577555556,0.12191192266380237,0,1.229461001515268,0.0,-0.15277344254466085,-0.18700753900774347,0.6355660306137004,-0.7638259829789712,-0.26922194417304923,1.328415749740439,-0.1177555835995132
CERT000233,0.18298081652729956,0,50.84415163805556,0.12191192266380237,0,0.32649706358954356,0.0,-0.1882983940772484,-0.18700753900774347,1.569292801112142,-0.7638259829789712,-0.26922194417304923,0.35277559921120366,-0.1177555835995132
CERT000234,0.15250268464383723,0,5.654846364722222,0.24597207303974222,0,-1.0631830821022437,0.0,-0.22367374878122293,-0.18700753900774347,-0.7273412953221827,0.6778913827617145,-0.26922194417304923,-1.148754738362202,-0.1177555835995132
CERT000235,0.40711424756818615,0,117.83527968194444,0.24597207303974222,0,1.506918308306944,0.0,0.07184877158261303,-0.18700753900774347,4.973950338854457,0.6778913827617145,-0.26922194417304923,1.6282045643253398,-0.1177555835995132
CERT000236,0.16777532514019808,0,2.7378704683333335,0.022556390977443608,0,-0.5812621808195555,0.0,-0.2059471021189251,-0.18700753900774347,-0.8755893434300849,-1.9184481157150182,-0.26922194417304923,-0.6280458142043666,-0.1177555835995132
CERT000237,0.1655188246097337,0,6.029757298055556,0.004027926960257788,0,-0.1642738189459526,0.0,-0.20856617690212065,-0.18700753900774347,-0.7082873791928843,-2.133769540468497,-0.26922194417304923,-0.17749560831035663,-0.1177555835995132
CERT000238,0.37088110318287504,0,28.483456086111108,0.24597207303974222,0,1.0208081153417183,0.0,0.029793689611982248,-0.18700753900774347,0.432866040090709,0.6778913827617145,-0.26922194417304923,1.1029691679618137,-0.1177555835995132
CERT000239,0.2882362286032011,0,5.926736634999999,0.04484425349087003,0,0.7031084364277747,0.0,-0.0661305541671392,-0.18700753900774347,-0.7135231482754041,-1.659438285939094,-0.26922194417304923,0.7596990222340378,-0.1177555835995132
CERT000240,0.408437365475678,0,3.3666053269444447,0.020676691729323307,0,-0.24975031710574078,0.0,0.07338448792742293,-0.18700753900774347,-0.8436354573243121,-1.9402923182262408,-0.26922194417304923,-0.269851792238255,-0.1177555835995132
CERT000241,0.19381501265111048,0,14.084516874444445,0.24597207303974222,0,0.6075034905822418,0.0,-0.17572336053261706,-0.18700753900774347,-0.29892424847372356,0.6778913827617145,-0.26922194417304923,0.6563991894961465,-0.1177555835995132
CERT000242,0.17517730496453904,0,6.623459253611111,0.24597207303974222,0,0.3259940219823512,0.0,-0.19735577300469534,-0.18700753900774347,-0.6781139532904232,0.6778913827617145,-0.26922194417304923,0.3522320696539868,-0.1177555835995132
CERT000243,0.18741761960742404,0,0.9200712802777777,0.24597207303974222,0,-0.3209721562175629,0.0,-0.18314868597469064,-0.18700753900774347,-0.9679744679746445,0.6778913827617145,-0.26922194417304923,-0.34680601257140736,-0.1177555835995132
CERT000244,0.23333228751607943,0,21.463720939166667,0.24597207303974222,0,-0.24857352440890831,0.0,-0.1298564543643533,-0.18700753900774347,0.07610545284785458,0.6778913827617145,-0.26922194417304923,-0.268580283869364,-0.1177555835995132
CERT000245,0.24346262394165685,0,60.50109024888889,0.24597207303974222,0,-0.9644504500373569,0.0,-0.11809837661550526,-0.18700753900774347,2.0600826981168363,0.6778913827617145,-0.26922194417304923,-1.0420754835613781,-0.1177555835995132
CERT000246,0.12129600337445955,1,37.49987365,0.04484425349087003,0,-0.8976885589148532,0.0,-0.25989471610491655,5.343072543078385,0.8911030472689581,-1.659438285939094,-0.26922194417304923,-0.9699401758612674,-0.1177555835995132
CERT000247,0.13855267488207115,0,6.729256627777778,0.12191192266380237,0,-0.42481379695204324,0.0,-0.23986524455049454,-0.18700753900774347,-0.6727370647687984,-0.7638259829789712,-0.26922194417304923,-0.4590054811682638,-0.1177555835995132
CERT000248,0.14702834164743597,0,8.234100489444444,0.24597207303974222,0,-0.5340708732370992,0.0,-0.23002770859770347,-0.18700753900774347,-0.596257116656982,0.6778913827617145,-0.26922194417304923,-0.5770562536033247,-0.1177555835995132
CERT000249,0.15708185700009084,1,4.0604206275,0.24597207303974222,0,-0.5451764927529246,0.0,-0.21835879552317883,5.343072543078385,-0.8083740195516889,0.6778913827617145,-0.26922194417304923,-0.5890557231735386,-0.1177555835995132
CERT000250,0.175445364006172,0,8.653213169722223,0.24597207303974222,0,1.1265194084701915,0.0,-0.19704464226624877,-0.18700753900774347,-0.5749567566281693,0.6778913827617145,-0.26922194417304923,1.217188770327581,-0.1177555835995132
CERT000251,0.18391286133221618,0,28.57771771361111,0.24597207303974222,0,0.5763716838364029,0.0,-0.18721658841737418,-0.18700753900774347,0.4376566529667527,0.6778913827617145,-0.26922194417304923,0.6227616992885854,-0.1177555835995132
CERT000252,0.16984729687525682,0,28.784903562777778,0.24597207303974222,0,-0.662199289231367,0.0,-0.2035422061973321,-0.18700753900774347,0.44818635867071843,0.6778913827617145,-0.26922194417304923,-0.7154972497685588,-0.1177555835995132
CERT000253,0.23020218131654954,0,6.527646636944444,0.12191192266380237,0,-1.1055305049267996,0.0,-0.13348950567776277,-0.18700753900774347,-0.6829833913349844,-0.7638259829789712,-0.26922194417304923,-1.1945105479175484,-0.1177555835995132
CERT000254,0.12092849120179708,0,9.954686365,0.12191192266380237,0,-0.3223997990700785,0.0,-0.2603212800923576,-0.18700753900774347,-0.5088126170404753,-0.7638259829789712,-0.26922194417304923,-0.34834856109303486,-0.1177555835995132
CERT000255,0.2190354727725709,0,9.110524593055555,0.0021482277121374865,0,1.0384085240187657,0.0,-0.14645047970102604,-0.18700753900774347,-0.5517150404485665,-2.1556137429797197,-0.26922194417304923,1.1219861681429029,-0.1177555835995132
CERT000256,0.14367041198501873,0,22.04445035611111,0.12191192266380237,0,-0.4279590792313294,0.0,-0.2339251900225234,-0.18700753900774347,0.10561958172613316,-0.7638259829789712,-0.26922194417304923,-0.46240391553261834,-0.1177555835995132
CERT000257,0.12111525872732647,0,43.231281948611105,0.24597207303974222,0,-0.9891815998165969,0.0,-0.26010450278172553,-0.18700753900774347,1.182387625324742,0.6778913827617145,-0.26922194417304923,-1.0687971517033052,-0.1177555835995132
CERT000258,0.2701034233945322,0,19.49373863222222,0.24597207303974222,0,-0.1711116457484631,0.0,-0.08717693648766446,-0.18700753900774347,-0.02401400037531354,0.6778913827617145,-0.26922194417304923,-0.18488378638778827,-0.1177555835995132
CERT000259,0.17351663838476805,0,1.9381607324999999,0.24597207303974222,0,0.706971061421411,0.0,-0.19928327530467427,-0.18700753900774347,-0.916232602614004,0.6778913827617145,-0.26922194417304923,0.7638725355626945,-0.1177555835995132
CERT000260,0.1142966360856269,0,0.10078456444444445,0.24597207303974222,0,-0.7796331323720826,0.0,-0.26801874094648515,-0.18700753900774347,-1.0096126784971877,0.6778913827617145,-0.26922194417304923,-0.8423829066445468,-0.1177555835995132
CERT000261,0.22556758872651358,0,43.184746223333335,0.24597207303974222,0,1.1249311566598503,0.0,-0.13886878408655182,-0.18700753900774347,1.1800225627788856,0.6778913827617145,-0.26922194417304923,1.215472686029819,-0.1177555835995132
CERT000262,0.18613371629168662,0,56.34195195638889,0.12191192266380237,0,0.9716838597808459,0.0,-0.18463888673153114,-0.18700753900774347,1.8487048343376848,-0.7638259829789712,-0.26922194417304923,1.049891083581008,-0.1177555835995132
CERT000263,0.28319808434215776,0,2.9488850538888887,0.24597207303974222,0,-0.7494002341007641,0.0,-0.07197822688427538,-0.18700753900774347,-0.8648650517176867,0.6778913827617145,-0.26922194417304923,-0.8097166747149273,-0.1177555835995132
CERT000264,0.23812512481100048,0,0.30586459722222226,0.12191192266380237,0,-0.5750280255098432,0.0,-0.12429350450920591,-0.18700753900774347,-0.9991899956759662,-0.7638259829789712,-0.26922194417304923,-0.6213098948953822,-0.1177555835995132
CERT000265,0.2846166421448422,0,35.03744197361111,0.24597207303974222,0,-0.38045164827340844,0.0,-0.07033173537259312,-0.18700753900774347,0.765956079110722,0.6778913827617145,-0.26922194417304923,-0.41107278796010627,-0.1177555835995132
CERT000266,0.3482774893817838,0,1.3920221305555556,0.24597207303974222,0,0.985904267314827,0.0,0.0035581296746905904,-0.18700753900774347,-0.9439887393153297,0.6778913827617145,-0.26922194417304923,1.0652560388846621,-0.1177555835995132
CERT000267,0.2738503257881059,0,7.0297005125,0.24597207303974222,0,1.224188635182005,0.0,-0.0828279822367721,-0.18700753900774347,-0.6574677512543589,0.6778913827617145,-0.26922194417304923,1.322719030229307,-0.1177555835995132
CERT000268,0.20331916940591677,0,5.137151360833333,0.04484425349087003,0,-0.960983691085075,0.0,-0.16469207693396973,-0.18700753900774347,-0.7536518568653038,-1.659438285939094,-0.26922194417304923,-1.0383296980609928,-0.1177555835995132
CERT000269,0.18164794007490637,0,16.297736555,0.24597207303974222,0,-0.35061859290624764,0.0,-0.1898454369688624,-0.18700753900774347,-0.18644286044355887,0.6778913827617145,-0.26922194417304923,-0.3788385808044734,-0.1177555835995132
CERT000270,0.1295328076929543,0,33.04750732722222,0.12191192266380237,0,-1.0605475566773752,0.0,-0.25033442299022973,-0.18700753900774347,0.664822597838338,-0.7638259829789712,-0.26922194417304923,-1.14590708928759,-0.1177555835995132
CERT000271,0.19116386194374865,0,18.410100190555557,0.24597207303974222,0,0.6664932229348145,0.0,-0.1788004978389723,-0.18700753900774347,-0.07908723016464689,0.6778913827617145,-0.26922194417304923,0.7201367862426485,-0.1177555835995132
CERT000272,0.20896469654898847,0,5.071605332222222,0.24597207303974222,0,-1.0781803816529076,0.9958215612770359,-0.15813942712128737,-0.18700753900774347,-0.7569830708170033,0.6778913827617145,-0.26922194417304923,-1.164959114834594,8.485328818200216
CERT000273,0.2067817695812249,0,15.999659208333334,0.24597207303974222,0,1.1041421275337573,0.0,-0.16067310654996025,-0.18700753900774347,-0.20159190054472004,0.6778913827617145,-0.26922194417304923,1.1930104251863451,-0.1177555835995132
CERT000274,0.19829787234042554,0,15.171258741111112,0.24597207303974222,0,0.9585776598766734,0.0,-0.17052019545005773,-0.18700753900774347,-0.24369329482411792,0.6778913827617145,-0.26922194417304923,1.0357300143396968,-0.1177555835995132
CERT000275,0.2768786442155741,0,4.971501081111111,0.04484425349087003,0,-0.5254180187246343,0.0,-0.07931307394324907,-0.18700753900774347,-0.7620706205128707,-1.659438285939094,-0.26922194417304923,-0.5677069629788931,-0.1177555835995132
CERT000276,0.43368771098906633,0,36.21866114,0.24597207303974222,0,0.06189504697594171,0.0,0.10269205613237263,-0.18700753900774347,0.8259886066408881,0.6778913827617145,-0.26922194417304923,0.0668767493498607,-0.1177555835995132
CERT000277,0.22795274150480999,0,22.62920267972222,0.24597207303974222,0,0.9167863297449319,0.0,-0.13610038522673887,-0.18700753900774347,0.13533816483449015,0.6778913827617145,-0.26922194417304923,0.9905750553119719,-0.1177555835995132
CERT000278,0.1996482403800319,0,49.31637556138889,0.24597207303974222,0,0.1754545125313885,0.0,-0.16895285042495445,-0.18700753900774347,1.4916473801841978,0.6778913827617145,-0.26922194417304923,0.1895761943831231,-0.1177555835995132
CERT000279,0.16934833368711524,0,35.26205649305555,0.24597207303974222,0,-0.09083901896613059,0.0,-0.20412134273470994,-0.18700753900774347,0.7773715536525432,0.6778913827617145,-0.26922194417304923,-0.09815031411069916,-0.1177555835995132
CERT000280,0.2088332528509342,0,9.633501591388889,0.24597207303974222,0,0.5968923294519005,0.0,-0.15829199117803636,-0.18700753900774347,-0.5251360346692502,0.6778913827617145,-0.26922194417304923,0.6449339754298149,-0.1177555835995132
CERT000281,0.44203126639387263,0,4.415315527222222,0.24597207303974222,0,0.97547967659942,0.0,0.112376253085974,-0.18700753900774347,-0.7903373685692788,0.6778913827617145,-0.26922194417304923,1.0539924115928023,-0.1177555835995132
CERT000282,3.775677988170083,0,8.326825863611111,0.12191192266380237,0,2.844743613269047,0.0,3.981672957079978,-0.18700753900774347,-0.5915445800373613,-0.7638259829789712,-0.26922194417304923,3.0737064576937674,-0.1177555835995132
CERT000283,0.18232688733341243,0,2.9111433924999996,0.01154672395273899,0,-0.9565608704353629,0.0,-0.18905739654083423,-0.18700753900774347,-0.8667831778291085,-2.0463927304236074,-0.26922194417304923,-1.0335509010091843,-0.1177555835995132
CERT000284,0.31840363558727547,0,9.9810740075,0.24597207303974222,0,-0.27126359491623725,0.0,-0.03111585160461595,-0.18700753900774347,-0.5074715307121184,0.6778913827617145,-0.26922194417304923,-0.29309659385195636,-0.1177555835995132
CERT000285,0.279825128536683,0,10.139474850277777,0.006176154672395274,0,-0.761828497913869,0.0,-0.0758931488511379,-0.18700753900774347,-0.499421201674596,-2.1088047375985286,-0.26922194417304923,-0.8231452433079203,-0.1177555835995132
CERT000286,0.32408738143144583,0,4.3245416175,0.24597207303974222,0,-0.36146441623693465,0.0,-0.024518842114219102,-0.18700753900774347,-0.794950726860001,0.6778913827617145,-0.26922194417304923,-0.39055734415982174,-0.1177555835995132
CERT000287,0.20567013600664072,0,2.0043844572222222,0.24597207303974222,0,-0.3669983893233121,0.0,-0.1619633572829161,-0.18700753900774347,-0.9128669464422616,0.6778913827617145,-0.26922194417304923,-0.396536726179685,-0.1177555835995132
CERT000288,0.21002184791035308,0,13.566565723888889,0.24597207303974222,0,-0.6806740518320371,0.0,-0.15691241279747462,-0.18700753900774347,-0.3252478280343777,0.6778913827617145,-0.26922194417304923,-0.7354589773721171,-0.1177555835995132
CERT000289,0.1419548704821791,0,15.85558671,0.24597207303974222,0,-1.1050242433493447,0.0,-0.23591638454206912,-0.18700753900774347,-0.208914027097218,0.6778913827617145,-0.26922194417304923,-1.1939635392266255,-0.1177555835995132
CERT000290,0.24228480761602536,0,8.235674548611112,0.020676691729323307,0,-0.5664675443089993,0.9958215612770359,-0.11946544433654081,-0.18700753900774347,-0.596177119013068,-1.9402923182262408,-0.26922194417304923,-0.6120604123672316,8.485328818200216
CERT000291,0.2231958419404278,0,41.60772688666667,0.24597207303974222,0,-0.6370032605766132,0.0,-0.1416216228808259,-0.18700753900774347,1.0998744755839673,0.6778913827617145,-0.26922194417304923,-0.6882732863775811,-0.1177555835995132
CERT000292,0.2101332552350271,0,22.25042088388889,0.24597207303974222,0,-1.1445247919318167,0.0,-0.15678310455633854,-0.18700753900774347,0.11608752174189098,0.6778913827617145,-0.26922194417304923,-1.2366433402090655,-0.1177555835995132
CERT000293,0.3883217887957225,0,11.827772066666668,0.07357679914070892,0,-0.2660382014202439,0.0,0.050036742637478114,-0.18700753900774347,-0.41361769288814915,-1.3255340475532642,-0.26922194417304923,-0.2874506278472489,-0.1177555835995132
CERT000294,0.20150473357970525,0,34.66300626833333,0.24597207303974222,0,1.6684059922040706,0.0,-0.1667980561057004,-0.18700753900774347,0.746926315265894,0.6778913827617145,-0.26922194417304923,1.8026897919280507,-0.1177555835995132
CERT000295,0.15071707265633236,0,30.366307625277777,0.24597207303974222,0,-0.4180043684676538,0.0,-0.22574627270306896,-0.18700753900774347,0.5285572886553509,0.6778913827617145,-0.26922194417304923,-0.4516479870840712,-0.1177555835995132
CERT000296,0.34891831507819737,0,7.840991325555555,0.24597207303974222,0,0.8241984723776327,0.0,0.004301923172295062,-0.18700753900774347,-0.6162359126120678,0.6778913827617145,-0.26922194417304923,0.8905351452946111,-0.1177555835995132
CERT000297,0.16313629653696474,0,3.0955761747222224,0.12191192266380237,0,-0.3746734962241353,0.0,-0.2113315293190157,-0.18700753900774347,-0.8574098401867227,-0.7638259829789712,-0.26922194417304923,-0.404829573919816,-0.1177555835995132
CERT000298,0.11802518573159809,0,2.602342581944445,0.022556390977443608,0,0.0,0.0,-0.2636910883606264,-0.18700753900774347,-0.8824772113230679,-1.9184481157150182,-0.26922194417304923,-1.8544243495148533e-17,-0.1177555835995132
CERT000299,0.19497567801692545,0,32.87619464388889,0.12191192266380237,0,-1.014357968723481,0.0,-0.17437619958570214,-0.18700753900774347,0.6561160566044066,-0.7638259829789712,-0.26922194417304923,-1.0959998730063483,-0.1177555835995132
CERT000300,0.28246897868278714,0,67.22188171805556,0.24597207303974222,0,0.10814650856632815,0.0,-0.07282448515940629,-0.18700753900774347,2.401650216133573,0.6778913827617145,-0.26922194417304923,0.1168508192467181,-0.1177555835995132
CERT000301,0.17299604544598582,0,36.62918589777778,0.12191192266380237,0,0.7208906456329132,0.0,-0.19988751705860536,-0.18700753900774347,0.846852506858873,-0.7638259829789712,-0.26922194417304923,0.7789124553922852,-0.1177555835995132
CERT000302,0.19294019321058972,0,103.75437508611111,0.24597207303974222,0,-0.8471617279238649,0.0,-0.17673874586294783,-0.18700753900774347,4.258323368981278,0.6778913827617145,-0.26922194417304923,-0.9153466279649304,-0.1177555835995132
CERT000303,0.13362760834670948,0,18.001527100277777,0.24597207303974222,0,-0.38256422057552003,0.0,-0.24558167022564004,-0.18700753900774347,-0.09985194173393971,0.6778913827617145,-0.26922194417304923,-0.4133553933580259,-0.1177555835995132
CERT000304,0.3479007233462627,0,1.983568786111111,0.24597207303974222,0,0.474411892272064,0.0,0.0031208249147423044,-0.18700753900774347,-0.9139248511771272,0.6778913827617145,-0.26922194417304923,0.5125955429099862,-0.1177555835995132
CERT000305,0.3973393641080218,0,0.0006143863888888888,0.04484425349087003,0,1.4697804135780366,0.0,0.0605032609418852,-0.18700753900774347,-1.014703578766107,-1.659438285939094,-0.26922194417304923,1.5880775784272267,-0.1177555835995132
CERT000306,0.13003164425774177,0,16.682464921944444,0.24597207303974222,0,-0.9031198474402625,0.0,-0.24975543342203238,-0.18700753900774347,-0.16688999765786974,0.6778913827617145,-0.26922194417304923,-0.9758086086213517,-0.1177555835995132
CERT000307,0.1260664493306513,0,2.9703594972222223,0.12191192266380237,0,-0.4478124608806034,0.0,-0.25435775542629985,-0.18700753900774347,-0.863773666522385,-0.7638259829789712,-0.26922194417304923,-0.4838552221100526,-0.1177555835995132
CERT000308,0.24355472084684993,0,7.298288982500001,0.24597207303974222,1,-0.3037382368390254,0.0,-0.11799148158989146,-0.18700753900774347,-0.6438174099981693,0.6778913827617145,3.7114168018141793,-0.3281849990508562,-0.1177555835995132
CERT000309,0.32293627319171825,0,2.546715310277778,0.00966702470461869,0,0.33379826737131735,0.0,-0.025854910297096363,-0.18700753900774347,-0.8853043291118574,-2.0682369329348296,-0.26922194417304923,0.3606644497593862,-0.1177555835995132
CERT000310,0.2572827689824991,0,4.13162778,0.12191192266380237,0,0.8426690898964534,0.0,-0.1020576122159836,-0.18700753900774347,-0.8047550930523253,-0.7638259829789712,-0.26922194417304923,0.9104923941940821,-0.1177555835995132
CERT000311,0.13406795224977042,0,29.525437155555554,0.12191192266380237,0,-0.5063771682818231,0.0,-0.24507057191351003,-0.18700753900774347,0.4858221375002742,-0.7638259829789712,-0.26922194417304923,-0.5471335852259522,-0.1177555835995132
CERT000312,0.1181129476584022,0,13.788280889722222,0.24597207303974222,0,-0.679925947689436,0.0,-0.26358922485724406,-0.18700753900774347,-0.31397970593182556,0.6778913827617145,-0.26922194417304923,-0.7346506611064914,-0.1177555835995132
CERT000313,4.512635379061372,0,1.5514146505555555,0.12191192266380237,0,1.8407784765217958,0.0,4.837044579073674,-0.18700753900774347,-0.9358880107483735,-0.7638259829789712,-0.26922194417304923,1.9889358970971778,-0.1177555835995132
CERT000314,0.16340762041696621,0,1.1712646616666667,0.24597207303974222,0,-0.20618856618451256,0.0,-0.2110166091483369,-0.18700753900774347,-0.9552081888515886,0.6778913827617145,-0.26922194417304923,-0.22278391782929924,-0.1177555835995132
CERT000315,0.17812826162588427,0,15.991132794444445,0.24597207303974222,0,1.8682796551457894,0.0,-0.1939306569572191,-0.18700753900774347,-0.2020252343333032,0.6778913827617145,-0.26922194417304923,2.0186505434141515,-0.1177555835995132
CERT000316,0.22888928338954967,0,3.63169708,0.24597207303974222,0,-1.7179693504641478,0.0,-0.13501335989675886,-0.18700753900774347,-0.8301628280137172,0.6778913827617145,-0.26922194417304923,-1.8562423207529324,-0.1177555835995132
CERT000317,0.11515714355540349,0,85.09776184722222,0.12191192266380237,0,-0.7060895398048475,0.0,-0.2670199672327562,-0.18700753900774347,3.31014738288784,-0.7638259829789712,-0.26922194417304923,-0.7629200635463098,-0.1177555835995132
CERT000318,0.1333248827481303,0,40.52473439805556,0.24597207303974222,0,-0.5165902269142082,0.0,-0.2459330377395237,-0.18700753900774347,1.0448340747527936,0.6778913827617145,-0.26922194417304923,-0.5581686550033277,-0.1177555835995132
CERT000319,0.3316959351590323,0,18.088712281944446,0.24597207303974222,0,1.3168567666712605,0.0,-0.015687746825086103,-0.18700753900774347,-0.09542097162478753,0.6778913827617145,-0.26922194417304923,1.4228456753344598,-0.1177555835995132
CERT000320,0.15286315108379164,0,17.967589059999998,0.001611170784103115,0,-0.3978432920362025,0.0,-0.2232553626340331,-0.18700753900774347,-0.1015767582584837,-2.161854943697212,-0.26922194417304923,-0.42986422051461315,-0.1177555835995132
CERT000321,0.1843152606511385,0,1.6716925216666667,0.24597207303974222,0,0.8791734597868477,0.0,-0.18674953162091618,-0.18700753900774347,-0.9297751869691746,0.6778913827617145,-0.26922194417304923,0.9499348651931496,-0.1177555835995132
CERT000322,0.2574599441422902,0,7.8811524933333335,0.24597207303974222,0,1.1968886000814483,0.0,-0.10185196857134328,-0.18700753900774347,-0.6141948211035092,0.6778913827617145,-0.26922194417304923,1.293221716730668,-0.1177555835995132
CERT000323,0.3410551368504562,0,45.088338416111114,0.04484425349087003,0,0.9503955092461581,0.9958215612770359,-0.0048247096531848855,-0.18700753900774347,1.2767679035004547,-1.659438285939094,-0.26922194417304923,1.026889312803878,8.485328818200216
CERT000324,0.11752971828692395,0,18.851538906388885,0.004564983888292159,0,-0.41148316733888735,0.0,-0.26426616745886766,-0.18700753900774347,-0.05665220488296211,-2.127528339751005,-0.26922194417304923,-0.44460191870451155,-0.1177555835995132
CERT000325,1.3120604597459853,0,11.637503326111112,0.24597207303974222,0,2.467773603551035,0.0,1.1222016398690788,-0.18700753900774347,-0.42328762860418623,0.6778913827617145,-0.26922194417304923,2.666395532441134,-0.1177555835995132
CERT000326,0.3290570878768441,0,18.254093051944444,0.24597207303974222,0,0.11692020116558127,0.0,-0.018750603793287555,-0.18700753900774347,-0.08701590513883085,0.6778913827617145,-0.26922194417304923,0.12633067376659668,-0.1177555835995132
CERT000327,0.2992739983866631,0,34.252632553333335,0.005907626208378088,0,-0.20517875150347076,0.0,-0.05331923677000406,-0.18700753900774347,0.7260700914215859,-2.1119253379572744,-0.26922194417304923,-0.22169282691632047,-0.1177555835995132
CERT000328,0.14153984816445384,0,18.226517410833335,0.07357679914070892,0,-0.22149180373973468,0.0,-0.23639809259936523,-0.18700753900774347,-0.08841736854314175,-1.3255340475532642,-0.26922194417304923,-0.23931885611959194,-0.1177555835995132
CERT000329,0.3521751177611527,0,16.116941926666666,0.24597207303974222,0,0.4697044021139559,0.0,0.008082028545909316,-0.18700753900774347,-0.19563129795927198,0.6778913827617145,-0.26922194417304923,0.5075091643586767,-0.1177555835995132
CERT000330,0.2455695428990467,0,14.884598856944445,0.12191192266380237,0,-0.4863490906463864,0.0,-0.1156529181558076,-0.18700753900774347,-0.25826207077840513,-0.7638259829789712,-0.26922194417304923,-0.5254935220314727,-0.1177555835995132
CERT000331,0.228587786259542,0,31.8402513225,0.12191192266380237,0,-0.9323653672044238,0.0,-0.13536330155187845,-0.18700753900774347,0.6034668127294599,-0.7638259829789712,-0.26922194417304923,-1.0074079916161562,-0.1177555835995132
CERT000332,0.28385257585013235,0,15.674022714444444,0.24597207303974222,0,-0.4665944748407035,0.0,-0.07121857175403747,-0.18700753900774347,-0.21814156578929456,0.6778913827617145,-0.26922194417304923,-0.5041489305934379,-0.1177555835995132
CERT000333,6.731740154830024,0,13.452938130833333,0.001611170784103115,0,0.8692235351080986,0.0,7.412714861893583,-0.18700753900774347,-0.3310226679645049,-2.161854943697212,-0.26922194417304923,0.9391841080437231,-0.1177555835995132
CERT000334,0.15622446558949893,0,13.482917845277779,0.12191192266380237,0,0.06796894717512614,0.0,-0.219353952489682,-0.18700753900774347,-0.3294990235097381,-0.7638259829789712,-0.26922194417304923,0.07343951520986262,-0.1177555835995132
CERT000335,0.18013955071477195,0,11.49134336138889,0.022556390977443608,0,0.6362431994109912,0.0,-0.1915961941625935,-0.18700753900774347,-0.43071584544629776,-1.9184481157150182,-0.26922194417304923,0.6874520507125751,-0.1177555835995132
CERT000336,0.16734227937750443,0,10.541568738333334,0.24597207303974222,0,0.740243410812726,0.0,-0.20644972962631028,-0.18700753900774347,-0.4789857794504535,0.6778913827617145,-0.26922194417304923,0.7998228527405596,-0.1177555835995132
CERT000337,0.11989229215752271,0,14.758051689166667,0.24597207303974222,1,-0.6363671063971641,0.0,-0.2615239754831146,-0.18700753900774347,-0.26469351597473445,0.6778913827617145,3.7114168018141793,-0.6875859305117165,-0.1177555835995132
CERT000338,0.17685363101229146,0,102.59396740194444,0.24597207303974222,0,-0.6609059174189474,0.0,-0.195410095075172,-0.18700753900774347,4.1993485332961145,0.6778913827617145,-0.26922194417304923,-0.7140997792641907,-0.1177555835995132
CERT000339,0.44257788637751994,0,10.839087133333333,0.24597207303974222,0,-0.2170382356750203,0.0,0.11301070390742662,-0.18700753900774347,-0.46386514667815393,0.6778913827617145,-0.26922194417304923,-0.23450683690758267,-0.1177555835995132
CERT000340,0.14289985052316892,0,35.14701495333333,0.04484425349087003,0,-0.6609326614086809,0.0,-0.23481956521383693,-0.18700753900774347,0.7715248533982627,-1.659438285939094,-0.26922194417304923,-0.7141286757782964,-0.1177555835995132
CERT000341,0.3009344907736825,0,5.544049048611111,0.12191192266380237,0,-0.7475207581660405,0.0,-0.05139193665204851,-0.18700753900774347,-0.7329722934628944,-0.7638259829789712,-0.26922194417304923,-0.8076859267449893,-0.1177555835995132
CERT000342,0.24270415925067862,0,7.685183269444444,0.24597207303974222,0,-1.029491715290338,0.0,-0.11897871132815718,-0.18700753900774347,-0.6241544697131236,0.6778913827617145,-0.26922194417304923,-1.1123516786083283,-0.1177555835995132
CERT000343,0.13029108199002667,0,3.8331221802777775,0.24597207303974222,0,-0.5686068515661098,0.0,-0.24945430926395518,-0.18700753900774347,-0.8199258980503652,0.6778913827617145,-0.26922194417304923,-0.6143719045173504,-0.1177555835995132
CERT000344,0.14086176246508084,0,13.644980638888889,0.12191192266380237,0,-0.414302564830718,0.0,-0.23718513303303523,-0.18700753900774347,-0.3212625849250026,-0.7638259829789712,-0.26922194417304923,-0.4476482390256201,-0.1177555835995132
CERT000345,0.11837113568488175,0,48.846478097500004,0.0378625134264232,0,-0.9476315416122902,0.0,-0.26328955120756115,-0.18700753900774347,1.4677660097832224,-1.7405738952664918,-0.26922194417304923,-1.0239028836840625,-0.1177555835995132
CERT000346,0.24760015866719554,0,11.11993803361111,0.12191192266380237,0,-0.48483716311366143,0.9958215612770359,-0.11329602327325981,-0.18700753900774347,-0.4495915978884396,-0.7638259829789712,-0.26922194417304923,-0.5238599050688666,8.485328818200216
CERT000347,0.14162917443944548,1,31.181404890277776,0.12191192266380237,0,-1.0663628345062501,0.0,-0.2362944133885036,5.343072543078385,0.5699825807545864,-0.7638259829789712,-0.26922194417304923,-1.1521904172235495,-0.1177555835995132
CERT000348,0.18168936471699598,0,24.55269740416667,0.24597207303974222,0,0.664106674762292,0.0,-0.18979735621991728,-0.18700753900774347,0.23309500224879573,0.6778913827617145,-0.26922194417304923,0.7175581536744046,-0.1177555835995132
CERT000349,0.26272901285206457,0,42.36404695388889,0.12191192266380237,0,-0.33228769157360527,0.0,-0.09573626649089452,-0.18700753900774347,1.1383125627307742,-0.7638259829789712,-0.26922194417304923,-0.3590322933279221,-0.1177555835995132
CERT000350,0.12129681386249302,0,0.8224604994444444,0.12191192266380237,0,-1.213510683824175,0.0,-0.25989377538775654,-0.18700753900774347,-0.9729352932426022,-0.7638259829789712,-0.26922194417304923,-1.31118165023822,-0.1177555835995132
CERT000351,0.1660666392828666,0,7.230463370277778,0.24597207303974222,0,0.20393842343006774,0.0,-0.20793033942860956,-0.18700753900774347,-0.6472644781196836,0.6778913827617145,-0.26922194417304923,0.22035266944445017,-0.1177555835995132
CERT000352,0.13295720947007753,0,9.14447780611111,0.12191192266380237,0,-1.1774176529874028,0.0,-0.24635978871875114,-0.18700753900774347,-0.5499894528053126,-0.7638259829789712,-0.26922194417304923,-1.2721836254449628,-0.1177555835995132
CERT000353,0.1630681030098479,0,33.434524518055554,0.12191192266380237,0,0.326014144651519,0.0,-0.2114106801744388,-0.18700753900774347,0.684491784407988,-0.7638259829789712,-0.26922194417304923,0.3522538119220346,-0.1177555835995132
CERT000354,0.2994045745462176,0,0.5180477627777778,0.022556390977443608,0,-0.06957415878809801,0.0,-0.05316767964774386,-0.18700753900774347,-0.9884063137902475,-1.9184481157150182,-0.26922194417304923,-0.07517392434175867,-0.1177555835995132
CERT000355,1.232513518227804,0,38.930538015833335,0.24597207303974222,0,1.7876050749246033,0.0,1.02987310468911,-0.18700753900774347,0.9638130069209682,0.6778913827617145,-0.26922194417304923,1.9314827659592833,-0.1177555835995132
CERT000356,0.2622041475412287,0,20.753639072777776,0.24597207303974222,0,-0.4036426105246308,0.0,-0.0963454671011427,-0.18700753900774347,0.040017307306683854,0.6778913827617145,-0.26922194417304923,-0.436130304602107,-0.1177555835995132
CERT000357,0.1185936536220958,0,1.7603549897222224,0.24597207303974222,0,-0.9737530077332979,0.0,-0.2630312791130955,-0.18700753900774347,-0.9252691374519547,0.6778913827617145,-0.26922194417304923,-1.0521267695646972,-0.1177555835995132
CERT000358,0.19277556638517915,0,5.815463195833334,0.24597207303974222,0,-0.2925315609941736,0.0,-0.17692982490824352,-0.18700753900774347,-0.7191783441867358,0.6778913827617145,-0.26922194417304923,-0.3160763395031446,-0.1177555835995132
CERT000359,0.46565258560127065,0,20.214629623611113,0.12191192266380237,0,2.0558589141908463,0.0,0.13979304322037595,-0.18700753900774347,0.012623492071667526,-0.7638259829789712,-0.26922194417304923,2.22132736011105,-0.1177555835995132
CERT000360,0.28509441159641424,0,2.2276025533333335,0.24597207303974222,0,-0.36845677539539023,0.0,-0.06977719797900521,-0.18700753900774347,-0.9015224416447415,0.6778913827617145,-0.26922194417304923,-0.3981124923283981,-0.1177555835995132
CERT000361,0.30773117736230415,0,10.477475449722222,0.24597207303974222,0,0.41044971746879616,0.0,-0.04350315922292073,-0.18700753900774347,-0.48224316150327623,0.6778913827617145,-0.26922194417304923,0.4434852902939281,-0.1177555835995132
CERT000362,0.35292097531193956,0,29.878063309722222,0.24597207303974222,0,0.6316602879395046,0.0,0.00894773040449469,-0.18700753900774347,0.5037434851300988,0.6778913827617145,-0.26922194417304923,0.682500277723529,-0.1177555835995132
CERT000363,0.14120655692382125,0,11.620129849444444,0.24597207303974222,0,-1.0520308656466724,0.0,-0.23678493703924713,-0.18700753900774347,-0.4241705923639726,0.6778913827617145,-0.26922194417304923,-1.1367049214376825,-0.1177555835995132
CERT000364,0.11131910645201547,0,15.103109523888888,0.12191192266380237,0,-0.8646887814864965,0.0,-0.2714746997084378,-0.18700753900774347,-0.2471568093652505,-0.7638259829789712,-0.26922194417304923,-0.934284368950979,-0.1177555835995132
CERT000365,0.26780185758513936,0,6.483324488611111,0.24597207303974222,0,-0.1630705639260377,0.0,-0.08984831763376384,-0.18700753900774347,-0.685235954335762,0.6778913827617145,-0.26922194417304923,-0.17619550776431311,-0.1177555835995132
CERT000366,0.14437508767007998,0,50.688174342222226,0.24597207303974222,0,-0.4944244744442856,0.0,-0.2331072871272402,-0.18700753900774347,1.5613656428229474,0.6778913827617145,-0.26922194417304923,-0.5342188634689863,-0.1177555835995132
CERT000367,0.17782587309394982,0,1.3999693130555557,0.24597207303974222,0,0.18621790540577748,0.0,-0.1942816332446273,-0.18700753900774347,-0.9435848435220731,0.6778913827617145,-0.26922194417304923,0.20120589276099782,-0.1177555835995132
CERT000368,0.3235985780694558,0,24.826638388333333,0.12191192266380237,0,-0.31416743735038133,0.0,-0.025086186345716282,-0.18700753900774347,0.2470173717307448,-0.7638259829789712,-0.26922194417304923,-0.3394536071640141,-0.1177555835995132
CERT000369,2.1033148241628807,0,0.7947401322222222,0.24597207303974222,0,3.172001585981992,0.0,2.0405946670186097,-0.18700753900774347,-0.9743441119917102,0.6778913827617145,-0.26922194417304923,3.4273042087767283,-0.1177555835995132
CERT000370,0.8719700203975145,0,11.332908032777777,0.24597207303974222,0,1.4734096760420916,0.0,0.6113975179724984,-0.18700753900774347,-0.4387679271405649,0.6778913827617145,-0.26922194417304923,1.5919989467433024,-0.1177555835995132
CERT000371,0.11733003648934127,0,2.048782270833333,0.03571428571428571,0,-1.163448030892695,0.0,-0.2644979341053414,-0.18700753900774347,-0.9106105379418508,-1.7655386981364607,-0.26922194417304923,-1.257089640368852,-0.1177555835995132
CERT000372,0.3577574616832482,0,1.4223740066666668,0.03571428571428571,0,1.1269519485563722,0.0,0.014561342864739254,-0.18700753900774347,-0.9424461806690771,-1.7655386981364607,-0.26922194417304923,1.2176561239582926,-0.1177555835995132
CERT000373,0.15486541273193438,0,26.74322373,0.24597207303974222,0,-0.3893682969100202,0.0,-0.22093137780832112,-0.18700753900774347,0.34442305694262576,0.6778913827617145,-0.26922194417304923,-0.42070710451766935,-0.1177555835995132
CERT000374,0.39652483041317516,0,37.19839342638889,0.12191192266380237,0,0.85596743660591,0.0,0.05955784806409745,-0.18700753900774347,0.8757810644069091,-0.7638259829789712,-0.26922194417304923,0.9248610754231563,-0.1177555835995132
CERT000375,0.3588335542510888,0,15.732938332777778,0.0024167561761546724,0,0.3398754720713571,0.0,0.015810341865965076,-0.18700753900774347,-0.21514732595625397,-2.1524931426209735,-0.26922194417304923,0.3672307860872402,-0.1177555835995132
CERT000376,0.14555947419044565,0,36.209175081944444,0.24597207303974222,0,-0.426856471473462,0.0,-0.23173259351331577,-0.18700753900774347,0.8255065013232831,0.6778913827617145,-0.26922194417304923,-0.4612125629728122,-0.1177555835995132
CERT000377,0.2236005866536299,0,9.995098296111111,0.24597207303974222,0,-0.7903701271398246,0.0,-0.14115184383239768,-0.18700753900774347,-0.506758781108917,0.6778913827617145,-0.26922194417304923,-0.8539840822302467,-0.1177555835995132
CERT000378,0.16574959790061794,0,21.774973925555557,0.12191192266380237,0,-0.33312386173089725,0.0,-0.2082983229846808,-0.18700753900774347,0.09192411208224571,-0.7638259829789712,-0.26922194417304923,-0.3599357637145717,-0.1177555835995132
CERT000379,0.14570057725466676,0,62.31261116527778,0.24597207303974222,0,-0.39708712688229086,0.0,-0.23156881802452514,-0.18700753900774347,2.152148745112203,0.6778913827617145,-0.26922194417304923,-0.4290471944368253,-0.1177555835995132
CERT000380,0.14604438012542212,0,9.612929247777778,0.24597207303974222,0,0.12817607714706455,0.0,-0.23116977294696858,-0.18700753900774347,-0.526181572888859,0.6778913827617145,-0.26922194417304923,0.13849249338714512,-0.1177555835995132
CERT000381,0.15847776095125918,0,27.386201578055555,0.12191192266380237,0,-0.2851732631557541,0.0,-0.2167385978813393,-0.18700753900774347,0.377100807577747,-0.7638259829789712,-0.26922194417304923,-0.3081257996098171,-0.1177555835995132
CERT000382,0.23085507044218162,0,2.3881635252777778,0.24597207303974222,0,-0.22702735340740735,0.0,-0.13273171040048284,-0.18700753900774347,-0.8933623294125702,0.6778913827617145,-0.26922194417304923,-0.24529994161392146,-0.1177555835995132
CERT000383,0.20943816057852774,0,17.66252511888889,0.24597207303974222,0,0.9264570795993987,0.0,-0.15758988694446266,-0.18700753900774347,-0.11708087465307333,0.6778913827617145,-0.26922194417304923,1.0010241678927212,-0.1177555835995132
CERT000384,0.15418502202643172,0,10.633036061666667,0.24597207303974222,0,-0.2534251329287163,0.0,-0.2217210936162478,-0.18700753900774347,-0.4743371801368261,0.6778913827617145,-0.26922194417304923,-0.2738223803338673,-0.1177555835995132
CERT000385,0.3891855807743658,0,15.77072225111111,0.022556390977443608,0,1.2313649548594734,0.0,0.051039328614590984,-0.18700753900774347,-0.21322705224068464,-1.9184481157150182,-0.26922194417304923,1.3304729452156074,-0.1177555835995132
CERT000386,0.18512791678380658,0,8.39652367388889,0.24597207303974222,0,0.34305791800639435,0.0,-0.18580629799178774,-0.18700753900774347,-0.5880023621041015,0.6778913827617145,-0.26922194417304923,0.37066937527192395,-0.1177555835995132
CERT000387,0.19842211412979002,0,4.349642160555556,0.24597207303974222,0,-0.08184765358340443,0.0,-0.1703759905038809,-0.18700753900774347,-0.7936750541610798,0.6778913827617145,-0.26922194417304923,-0.08843526713372023,-0.1177555835995132
CERT000388,0.17707865168539325,0,13.943433268333333,0.24597207303974222,0,-0.40072892738923327,0.0,-0.1951489181054962,-0.18700753900774347,-0.3060944720096427,0.6778913827617145,-0.26922194417304923,-0.432982109936278,-0.1177555835995132
CERT000389,0.399686169020399,0,1.8227821847222223,0.24597207303974222,0,1.4387895569165705,0.0,0.0632271502049742,-0.18700753900774347,-0.9220964304648801,0.6778913827617145,-0.26922194417304923,1.5545923828526613,-0.1177555835995132
CERT000390,0.2168123020567024,0,7.111568172777778,0.07357679914070892,0,-0.603186459792338,0.0,-0.14903086923874606,-0.18700753900774347,-0.6533070309500306,-1.3255340475532642,-0.26922194417304923,-0.6517346969369237,-0.1177555835995132
CERT000391,0.1848496823418549,0,37.2917198825,0.24597207303974222,0,0.6939864212961478,0.0,-0.1861292391127376,-0.18700753900774347,0.88052414952202,0.6778913827617145,-0.26922194417304923,0.7498428099952691,-0.1177555835995132
CERT000392,0.3309659856611504,0,4.1262155358333334,0.24597207303974222,0,0.5470161625404976,0.0,-0.016534984526605862,-0.18700753900774347,-0.8050301569068415,0.6778913827617145,-0.26922194417304923,0.5910434611474326,-0.1177555835995132
CERT000393,0.1857003075202684,0,68.38999121055556,0.24597207303974222,0,1.472784252944588,0.0,-0.18514193557584213,-0.18700753900774347,2.4610164770799927,0.6778913827617145,-0.26922194417304923,1.5913231856643,-0.1177555835995132
CERT000394,0.2016159338594513,0,11.199067087222224,0.24597207303974222,0,1.3828920293795397,0.0,-0.1666689881774481,-0.18700753900774347,-0.44557006045955805,0.6778913827617145,-0.26922194417304923,1.4941958709989103,-0.1177555835995132
CERT000395,0.1524758030579324,0,3.3245040222222224,0.12191192266380237,0,-0.07180817991466511,0.0,-0.2237049496973429,-0.18700753900774347,-0.8457751514697428,-0.7638259829789712,-0.26922194417304923,-0.07758775352879835,-0.1177555835995132
CERT000396,0.3104542470378592,0,20.908894779166666,0.24597207303974222,0,-0.05351058678018961,0.0,-0.04034254701661077,-0.18700753900774347,0.0479077926062915,0.6778913827617145,-0.26922194417304923,-0.05781745510353519,-0.1177555835995132
CERT000397,1.1587582029278143,0,4.638479766666667,0.01933404940923738,0,1.9787665014146087,0.0,0.9442667935799851,-0.18700753900774347,-0.7789956009029503,-1.955895320019971,-0.26922194417304923,2.138030065450034,-0.1177555835995132
CERT000398,0.16413410516160154,0,4.758694620555556,0.24597207303974222,0,0.7717379707724882,0.0,-0.2101733929162277,-0.18700753900774347,-0.7728859798174051,0.6778913827617145,-0.26922194417304923,0.8338522928205043,-0.1177555835995132
CERT000399,0.14585626005248456,0,25.40547181,0.12191192266380237,0,-0.3980116006032029,0.0,-0.23138812013217497,-0.18700753900774347,0.2764351413626204,-0.7638259829789712,-0.26922194417304923,-0.4300460756128587,-0.1177555835995132
CERT000400,0.30852105778648387,0,13.166182687222223,0.24597207303974222,0,-0.32670574870359403,0.0,-0.04258636090057195,-0.18700753900774347,-0.3455963004899878,0.6778913827617145,-0.26922194417304923,-0.3530010806147613,-0.1177555835995132
CERT000401,0.22292089813861607,0,13.357855761666668,0.24597207303974222,0,0.2623551534528927,0.0,-0.14194074462194634,-0.18700753900774347,-0.33585499299532984,0.6778913827617145,-0.26922194417304923,0.2834711450325448,-0.1177555835995132
CERT000402,0.24551927326295112,0,32.71300932055556,0.24597207303974222,0,0.707106781186548,0.0,-0.11571126511140581,-0.18700753900774347,0.6478225682372344,0.6778913827617145,-0.26922194417304923,0.764019178907491,-0.1177555835995132
CERT000403,0.12371763556424036,0,36.20852385944444,0.24597207303974222,0,-0.40560925285395955,0.0,-0.25708397632586394,-0.18700753900774347,0.8254734045587095,0.6778913827617145,-0.26922194417304923,-0.43825523466590466,-0.1177555835995132
CERT000404,0.035909661518617055,0,15.848128806944445,0.12191192266380237,0,-1.7142344411996446,0.0,-0.35900092581536935,-0.18700753900774347,-0.209293056479097,-0.7638259829789712,-0.26922194417304923,-1.8522068025179477,-0.1177555835995132
CERT000405,0.14311713523069988,0,1.556978891388889,0.24597207303974222,0,-0.14689611854241524,0.0,-0.2345673672238142,-0.18700753900774347,-0.9356052220411495,0.6778913827617145,-0.26922194417304923,-0.15871924136428955,-0.1177555835995132
CERT000406,0.14516285047051833,0,11.066088100833333,0.24597207303974222,0,-0.5745762484545193,0.0,-0.23219294668817855,-0.18700753900774347,-0.45232838684680227,0.6778913827617145,-0.26922194417304923,-0.6208217559833517,-0.1177555835995132
CERT000407,0.2712978778165142,0,0.8148260505555556,0.24597207303974222,0,1.2842051633977298,0.0,-0.08579055726281859,-0.18700753900774347,-0.9733232951275539,0.6778913827617145,-0.26922194417304923,1.3875660658231563,-0.1177555835995132
CERT000408,0.24145490782262083,0,10.358402678055556,0.12191192266380237,0,-1.4762083575290725,0.0,-0.12042869233588327,-0.18700753900774347,-0.488294739099181,-0.7638259829789712,-0.26922194417304923,-1.5950228837052967,-0.1177555835995132
CERT000409,0.02257567983581324,0,73.5168130125,0.022556390977443608,0,-1.7409383722998144,0.0,-0.374477410182885,-0.18700753900774347,2.7215744494911474,-1.9184481157150182,-0.26922194417304923,-1.8810600338198993,-0.1177555835995132
CERT000410,0.33922142413762524,0,38.21740385111111,0.24597207303974222,0,0.4863773241485744,0.0,-0.006953063119519881,-0.18700753900774347,0.9275697359052536,0.6778913827617145,-0.26922194417304923,0.5255240279433566,-0.1177555835995132
CERT000411,0.29215334556983147,0,1.6614390766666667,0.24597207303974222,0,-0.6623459270734844,0.0,-0.06158403528463855,-0.18700753900774347,-0.930296292820448,0.6778913827617145,-0.26922194417304923,-0.7156556899457882,-0.1177555835995132
CERT000412,0.11720280716753945,0,3.5012083369444444,0.03571428571428571,0,-0.49858746291490513,0.0,-0.2646456066203333,-0.18700753900774347,-0.8367945939744807,-1.7655386981364607,-0.26922194417304923,-0.5387169154149554,-0.1177555835995132
CERT000413,0.2045355256364431,0,28.575693871388886,0.24597207303974222,0,-1.1067248823771552,0.0,-0.1632802767204335,-0.18700753900774347,0.4375537962172352,0.6778913827617145,-0.26922194417304923,-1.1958010563714412,-0.1177555835995132
CERT000414,0.14296028880866427,0,11.966808383333333,0.03571428571428571,0,-0.6681562129346659,0.0,-0.23474941571139127,-0.18700753900774347,-0.40655151774852527,-1.7655386981364607,-0.26922194417304923,-0.7219336241291213,-0.1177555835995132
CERT000415,0.20925379426644183,0,16.667317773333334,0.24597207303974222,0,-0.24198330321298908,0.0,-0.15780387721494382,-0.18700753900774347,-0.16765981382905484,0.6778913827617145,-0.26922194417304923,-0.261459640253875,-0.1177555835995132
CERT000416,0.20132437711400125,0,35.388123298055554,0.01933404940923738,0,-1.0556112018842327,0.0,-0.16700739222813168,-0.18700753900774347,0.7837785856049108,-1.955895320019971,-0.26922194417304923,-1.1405734256370672,-0.1177555835995132
CERT000417,0.1837796218667123,0,0.6597857747222221,0.24597207303974222,0,0.21466125310446937,0.0,-0.18737123678528567,-0.18700753900774347,-0.9812028317047522,0.6778913827617145,-0.26922194417304923,0.23193853984107402,-0.1177555835995132
CERT000418,0.21301694915254238,0,20.587923996666667,0.0378625134264232,0,0.5042982005192005,0.0,-0.1534360590228441,-0.18700753900774347,0.03159525054374064,-1.7405738952664918,-0.26922194417304923,0.5448872890720549,-0.1177555835995132
CERT000419,0.23451011503371677,0,17.981603239166667,0.24597207303974222,0,-0.6858672063559109,0.9958215612770359,-0.12848937365298166,-0.18700753900774347,-0.10086452244266328,0.6778913827617145,-0.26922194417304923,-0.7410701096096158,8.485328818200216
CERT000420,0.1090179661608233,1,50.73734847388889,0.24597207303974222,0,-0.5040959496344051,0.0,-0.2741455869641196,5.343072543078385,1.5638647958142384,0.6778913827617145,-0.26922194417304923,-0.5446687597649601,-0.1177555835995132
CERT000421,0.11930387667662952,0,10.871614602777779,0.24597207303974222,0,-1.1124735901709686,0.0,-0.2622069374976337,-0.18700753900774347,-0.46221201890942665,0.6778913827617145,-0.26922194417304923,-1.2020124562975434,-0.1177555835995132
CERT000422,0.1453881939994986,0,13.940911594444444,0.24597207303974222,0,-0.7340806930432856,0.0,-0.23193139498617785,-0.18700753900774347,-0.30622262981597054,0.6778913827617145,-0.26922194417304923,-0.7931641207140536,-0.1177555835995132
CERT000423,0.13337480649874858,0,9.756866227222222,0.24597207303974222,0,-1.078406719321397,0.0,-0.2458750922462426,-0.18700753900774347,-0.5188663337469785,0.6778913827617145,-0.26922194417304923,-1.1652036695811132,-0.1177555835995132
CERT000424,0.14122640514605084,0,34.59857089972222,0.24597207303974222,0,-0.5727412040957821,0.0,-0.23676189960689073,-0.18700753900774347,0.7436515478475083,0.6778913827617145,-0.26922194417304923,-0.6188390157218758,-0.1177555835995132
CERT000425,0.21614178369202644,0,7.0724321563888894,0.006713211600429645,0,-1.1536935080173092,0.0,-0.14980912641922672,-0.18700753900774347,-0.6552960216878541,-2.1025635368810365,-0.26922194417304923,-1.2465500121879698,-0.1177555835995132
CERT000426,0.1651242357956139,0,1.0781807777777779,0.07357679914070892,0,-0.2733583784530814,0.0,-0.20902416820273848,-0.18700753900774347,-0.9599389458365584,-1.3255340475532642,-0.26922194417304923,-0.29535997873298236,-0.1177555835995132
CERT000427,0.17778049177658362,0,6.6208402325,0.07357679914070892,0,-0.3542897894593275,0.0,-0.1943343064269897,-0.18700753900774347,-0.6782470585273078,-1.3255340475532642,-0.26922194417304923,-0.3828052583286027,-0.1177555835995132
CERT000428,0.2526099067457915,0,28.7004416725,0.24597207303974222,0,-0.04685437035666976,0.0,-0.10748130943398909,-0.18700753900774347,0.44389379307609506,0.6778913827617145,-0.26922194417304923,-0.0506255045497665,-0.1177555835995132
CERT000429,0.14421694915254235,0,58.14404586333334,0.24597207303974222,0,-0.7346345316149608,0.0,-0.23329083532407996,-0.18700753900774347,1.9402917770143073,0.6778913827617145,-0.26922194417304923,-0.7937625356946999,-0.1177555835995132
CERT000430,0.1741429531705131,0,6.542552803333334,0.24597207303974222,0,-0.4216741385408575,0.0,-0.19855632432924075,-0.18700753900774347,-0.6822258224861434,0.6778913827617145,-0.26922194417304923,-0.45561312331625886,-0.1177555835995132
CERT000431,0.14108377313610349,0,5.987292905833334,0.24597207303974222,0,-1.1785589287777636,0.0,-0.2369274497122358,-0.18700753900774347,-0.7104455263578391,0.6778913827617145,-0.26922194417304923,-1.2734167582835354,-0.1177555835995132
CERT000432,0.37723167401806346,0,15.423910457222222,0.24597207303974222,0,1.4023336917703826,0.0,0.03716466945833579,-0.18700753900774347,-0.23085289946433726,0.6778913827617145,-0.26922194417304923,1.515202320564453,-0.1177555835995132
CERT000433,0.24381000505305708,0,15.453338247777777,0.24597207303974222,0,-0.5717356339634148,0.0,-0.11769517834599741,-0.18700753900774347,-0.22935730516909814,0.6778913827617145,-0.26922194417304923,-0.6177525109855246,-0.1177555835995132
CERT000434,0.29956548727498444,0,6.339861230833334,0.24597207303974222,0,-0.5094241608428083,0.0,-0.05298091147972501,-0.18700753900774347,-0.6925271177516426,0.6778913827617145,-0.26922194417304923,-0.5504258188977531,-0.1177555835995132
CERT000435,0.23395654370894392,0,9.706920522777779,0.0378625134264232,0,-0.7231396999944666,0.0,-0.129131892756274,-0.18700753900774347,-0.521404700006511,-1.7405738952664918,-0.26922194417304923,-0.7813425277835426,-0.1177555835995132
CERT000436,0.1434359396802448,0,33.212386754444445,0.24597207303974222,0,-0.6709505231969386,0.0,-0.23419733731099082,-0.18700753900774347,0.673202184823991,0.6778913827617145,-0.26922194417304923,-0.7249528380427709,-0.1177555835995132
CERT000437,0.11378242174857828,0,1.6590487380555556,0.24597207303974222,0,-1.2775437199165682,0.0,-0.2686155791856698,-0.18700753900774347,-0.9304177758377924,0.6778913827617145,-0.26922194417304923,-1.3803684675052963,-0.1177555835995132
CERT000438,0.27579764300086235,0,1.9401217155555555,0.24597207303974222,0,-0.3913535889274302,0.0,-0.08056777031217602,-0.18700753900774347,-0.9161329405253597,0.6778913827617145,-0.26922194417304923,-0.4228521853136532,-0.1177555835995132
CERT000439,0.2531594514654477,0,23.431604284166667,0.022556390977443608,0,-1.25557146442422,0.0,-0.1068434639302729,-0.18700753900774347,0.1761182315483769,-1.9184481157150182,-0.26922194417304923,-1.3566277468013597,-0.1177555835995132
CERT000440,0.18539108949115896,0,5.2355885522222225,0.24597207303974222,0,-0.44063388720507957,0.0,-0.18550083872326717,-0.18700753900774347,-0.74864903133538,0.6778913827617145,-0.26922194417304923,-0.47609887170976745,-0.1177555835995132
CERT000441,0.24865353470679072,0,14.434304610833333,0.24597207303974222,0,-0.23404808315631728,0.0,-0.11207339088949593,-0.18700753900774347,-0.28114715637092996,0.6778913827617145,-0.26922194417304923,-0.25288574381637335,-0.1177555835995132
CERT000442,0.26246638963578584,0,1.8549926880555556,0.07357679914070892,0,-0.2525192809372479,0.0,-0.0960410879761772,-0.18700753900774347,-0.920459411710748,-1.3255340475532642,-0.26922194417304923,-0.2728436196810956,-0.1177555835995132
CERT000443,0.1958102348385659,0,7.411677970833333,0.0005370569280343716,0,0.7960759914960777,0.0,-0.17340754626734792,-0.18700753900774347,-0.6380546965598594,-2.174337345132196,-0.26922194417304923,0.8601491904096744,-0.1177555835995132
CERT000444,0.156312625250501,0,15.740415606944445,0.24597207303974222,0,0.385120113022956,0.0,-0.21925162734421524,-0.18700753900774347,-0.21476731208581082,0.6778913827617145,-0.26922194417304923,0.41611700009271047,-0.1177555835995132
CERT000445,0.038378655720882504,0,43.155496531388884,0.24597207303974222,0,-1.4855216868170018,0.0,-0.3561352139009659,-0.18700753900774347,1.1785360199027892,0.6778913827617145,-0.26922194417304923,-1.6050858082660238,-0.1177555835995132
CERT000446,0.19568949074957084,0,30.077060345,0.12191192266380237,0,-1.7425592693156229,0.0,-0.17354769150305138,-0.18700753900774347,0.513857014726182,-0.7638259829789712,-0.26922194417304923,-1.8828113908144306,-0.1177555835995132
CERT000447,0.14498317975720346,0,30.076122688055555,0.24597207303974222,0,-0.41428350284521115,0.0,-0.2324014868716036,-0.18700753900774347,0.5138093606430677,0.6778913827617145,-0.26922194417304923,-0.4476276428117204,-0.1177555835995132
CERT000448,0.21198200159663258,0,23.612954509722222,0.04484425349087003,0,0.9336274310183805,0.0,-0.15463730183622618,-0.18700753900774347,0.18533490591165197,-1.659438285939094,-0.26922194417304923,1.0087716342575832,-0.1177555835995132
CERT000449,0.11515106079916036,0,6.041267093055556,0.004027926960257788,0,-1.0210447266427018,0.0,-0.2670270273655918,-0.18700753900774347,-0.7077024224762436,-2.133769540468497,-0.26922194417304923,-1.103224823227337,-0.1177555835995132
CERT000450,0.3474790474923507,0,11.930145285555556,0.0378625134264232,0,0.5003760933565754,0.0,0.002631394231809515,-0.18700753900774347,-0.4084148285458045,-1.7405738952664918,-0.26922194417304923,0.5406495060756201,-0.1177555835995132
CERT000451,0.3816501352569883,0,3.571861393611111,0.24597207303974222,0,0.3921673028548898,0.0,0.04229308855470245,-0.18700753900774347,-0.8332038280183214,0.6778913827617145,-0.26922194417304923,0.4237313920519623,-0.1177555835995132
CERT000452,0.2781276492672884,0,17.22437826,0.24597207303974222,0,0.25191849916409387,0.0,-0.07786337889958983,-0.18700753900774347,-0.1393485994893661,0.6778913827617145,-0.26922194417304923,0.27219448321509043,-0.1177555835995132
CERT000453,0.12866835720649716,0,13.830428094444445,0.03571428571428571,0,-0.36977962318985874,0.0,-0.25133777328411827,-0.18700753900774347,-0.31183767903300585,-1.7655386981364607,-0.26922194417304923,-0.3995418112270989,-0.1177555835995132
CERT000454,0.18529890343119915,0,12.594472966111113,0.24597207303974222,0,-0.04047495684163974,0.0,-0.18560783722902566,-0.18700753900774347,-0.37465202575119366,0.6778913827617145,-0.26922194417304923,-0.04373263574219281,-0.1177555835995132
CERT000455,0.11254786265771138,0,2.91581533,0.24597207303974222,0,-1.9300599672338967,0.0,-0.27004850709310924,-0.18700753900774347,-0.8665457382204664,0.6778913827617145,-0.26922194417304923,-2.0854033232913274,-0.1177555835995132
CERT000456,0.17530128325689734,0,16.98067888,0.24597207303974222,0,0.8966655405859619,0.0,-0.19721187389419415,-0.18700753900774347,-0.1517340146224947,0.6778913827617145,-0.26922194417304923,0.9688348185878789,-0.1177555835995132
CERT000457,0.33684194787913224,0,1.5583669230555557,0.07357679914070892,0,-0.32493460737085766,0.0,-0.009714873356962611,-0.18700753900774347,-0.9355346787824445,-1.3255340475532642,-0.26922194417304923,-0.35108738669643164,-0.1177555835995132
CERT000458,0.20136175628380526,0,14.440277311666666,0.24597207303974222,0,-1.2432607445576167,0.0,-0.16696400697750632,-0.18700753900774347,-0.28084360869966873,0.6778913827617145,-0.26922194417304923,-1.343326182830414,-0.1177555835995132
CERT000459,0.3444653021678576,0,1.327894474722222,0.12191192266380237,0,1.137405287937132,0.0,-0.0008665993541831128,-0.18700753900774347,-0.9472478679967824,-0.7638259829789712,-0.26922194417304923,1.2289508137887701,-0.1177555835995132
CERT000460,0.34266115702479344,0,53.612298066111116,0.07357679914070892,0,0.6204908724802642,0.0,-0.002960634336949812,-0.18700753900774347,1.7099769614934892,-1.3255340475532642,-0.26922194417304923,0.6704318775114342,-0.1177555835995132
CERT000461,0.1200960768614892,0,2.16349384,0.07357679914070892,0,-1.1133468359841703,0.0,-0.2612874466757184,-0.18700753900774347,-0.9047806076207241,-1.3255340475532642,-0.26922194417304923,-1.2029559864219006,-0.1177555835995132
CERT000462,0.24853447580877355,0,12.1786917675,0.24597207303974222,0,1.548274008582326,0.0,-0.11221158015792372,-0.18700753900774347,-0.3957830715066173,0.6778913827617145,-0.26922194417304923,1.6728888312680519,-0.1177555835995132
CERT000463,0.19787316549337786,0,19.94185002,0.24597207303974222,0,0.36846084534105167,0.0,-0.17101314414576405,-0.18700753900774347,-0.0012398531308268992,0.6778913827617145,-0.26922194417304923,0.3981168898488649,-0.1177555835995132
CERT000464,0.11799208172442446,0,28.264807260555557,0.24597207303974222,0,-0.6309230791587516,0.0,-0.26372951151596835,-0.18700753900774347,0.42175375710961777,0.6778913827617145,-0.26922194417304923,-0.6817037337469471,-0.1177555835995132
CERT000465,0.3287128712871287,0,0.3530623483333334,0.01933404940923738,0,-0.29275379480134867,0.0,-0.01915012906612036,-0.18700753900774347,-0.9967912873129773,-1.955895320019971,-0.26922194417304923,-0.3163164600837993,-0.1177555835995132
CERT000466,0.35853268474711797,0,11.622781661388888,0.24597207303974222,0,1.1726954696389442,0.0,0.015461128683763684,-0.18700753900774347,-0.4240358206145043,0.6778913827617145,-0.26922194417304923,1.2670813711030007,-0.1177555835995132
CERT000467,0.14393939393939395,0,22.55232202361111,0.07357679914070892,0,-0.3990016644756737,0.0,-0.23361298807781844,-0.18700753900774347,0.13143089661885762,-1.3255340475532642,-0.26922194417304923,-0.43111582604806425,-0.1177555835995132
CERT000468,1.1835266232117159,0,30.002143110833334,0.24597207303974222,0,2.9866433061913655,0.0,0.9730150008635019,-0.18700753900774347,0.5100495325496579,0.6778913827617145,-0.26922194417304923,3.2270271297028983,-0.1177555835995132
CERT000469,0.1302700337645398,0,63.387940091944444,0.24597207303974222,0,-0.30428540183670133,0.0,-0.24947873951595798,-0.18700753900774347,2.2067996644597536,0.6778913827617145,-0.26922194417304923,-0.3287762033263261,-0.1177555835995132
CERT000470,0.14780238895975878,0,49.26328281083333,0.015843179377013964,0,0.3234412999817607,0.0,-0.229129287449853,-0.18700753900774347,1.4889490731298665,-1.99646312468367,-0.26922194417304923,0.34947388854363515,-0.1177555835995132
CERT000471,0.13545356739877717,0,8.6395995075,0.24597207303974222,0,-1.0658696128355187,0.0,-0.24346231627741208,-0.18700753900774347,-0.5756486371660041,0.6778913827617145,-0.26922194417304923,-1.1516574979729957,-0.1177555835995132
CERT000472,0.24625235022104783,0,6.9859654675,0.24597207303974222,0,1.3271643025731406,0.0,-0.1148603974297139,-0.18700753900774347,-0.6596904761878037,0.6778913827617145,-0.26922194417304923,1.4339828265057426,-0.1177555835995132
CERT000473,0.11986310051971098,0,15.778570685555556,0.24597207303974222,0,-0.7819531171077009,0.0,-0.26155785763002337,-0.18700753900774347,-0.21282817507185636,0.6778913827617145,-0.26922194417304923,-0.8448896183321516,-0.1177555835995132
CERT000474,0.2531007384964969,0,17.093670567222222,0.24597207303974222,0,-1.184226942412983,0.0,-0.10691161089250473,-0.18700753900774347,-0.14599149302543588,0.6778913827617145,-0.26922194417304923,-1.2795409692780193,-0.1177555835995132
CERT000475,0.156020030481167,0,15.748378231111111,0.24597207303974222,0,-0.5940545043837904,0.0,-0.21959123620834428,-0.18700753900774347,-0.21436263150823512,0.6778913827617145,-0.26922194417304923,-0.6418677443652756,-0.1177555835995132
CERT000476,0.35351051170170567,0,19.81673065416667,0.24597207303974222,0,1.1416786413009044,0.9958215612770359,0.009631993435398918,-0.18700753900774347,-0.007598733842955016,0.6778913827617145,-0.26922194417304923,1.2335681134881058,8.485328818200216
CERT000477,0.21658663040244783,0,12.585347521111112,0.020676691729323307,0,-0.45785712759337627,0.0,-0.14929280178915347,-0.18700753900774347,-0.3751158038067617,-1.9402923182262408,-0.26922194417304923,-0.4947083467278287,-0.1177555835995132
CERT000478,0.20798334074264724,0,19.919415251388887,0.24597207303974222,0,0.1942591913088418,0.0,-0.15927846706877716,-0.18700753900774347,-0.002380044470929263,0.6778913827617145,-0.26922194417304923,0.2098943918908043,-0.1177555835995132
CERT000479,0.265371817689391,0,41.54785677916667,0.03571428571428571,0,0.8001862085362572,0.0,-0.09266881606803803,-0.18700753900774347,1.0968317262119645,-1.7655386981364607,-0.26922194417304923,0.8645902235488279,-0.1177555835995132
CERT000480,0.3500740098380755,0,7.58779478861111,0.24597207303974222,0,-0.31098096498482214,0.0,0.0056433148368674425,-0.18700753900774347,-0.6291039971362363,0.6778913827617145,-0.26922194417304923,-0.336010667476375,-0.1177555835995132
CERT000481,0.261123595505618,0,21.12721842222222,0.12191192266380237,0,-0.3322261687192067,0.0,-0.09759964211692092,-0.18700753900774347,0.059003548995249136,-0.7638259829789712,-0.26922194417304923,-0.35896581872754735,-0.1177555835995132
CERT000482,0.21376131125149392,0,10.678679263333333,0.03571428571428571,0,-0.7561694987119238,0.0,-0.1525720929051276,-0.18700753900774347,-0.47201747788462195,-1.7655386981364607,-0.26922194417304923,-0.8170307722849538,-0.1177555835995132
CERT000483,0.14081943464210095,0,6.341327848055556,0.24597207303974222,0,-1.178753251744573,0.0,-0.23723426208587503,-0.18700753900774347,-0.6924525805774462,0.6778913827617145,-0.26922194417304923,-1.2736267215839798,-0.1177555835995132
CERT000484,0.3082067968185105,0,3.643355696388889,0.24597207303974222,0,0.32917926028028344,0.0,-0.04295111728571328,-0.18700753900774347,-0.8295703078199674,0.6778913827617145,-0.26922194417304923,0.35567367594848054,-0.1177555835995132
CERT000485,0.3768852882875119,0,5.586560283611111,0.020676691729323307,0,-0.3700497981391087,0.0,0.03676262650735998,-0.18700753900774347,-0.7308117656302139,-1.9402923182262408,-0.26922194417304923,-0.39983373155423957,-0.1177555835995132
CERT000486,0.2878716375648891,0,1.466400291388889,0.24597207303974222,0,-0.5476136613895519,0.0,-0.06655372765268919,-0.18700753900774347,-0.9402086542007946,0.6778913827617145,-0.26922194417304923,-0.5916890504589742,-0.1177555835995132
CERT000487,0.12026074602334458,0,9.895618856944445,0.24597207303974222,0,-1.4966228640126267,0.0,-0.2610963184913627,-0.18700753900774347,-0.5118145762910383,0.6778913827617145,-0.26922194417304923,-1.6170804779701886,-0.1177555835995132
CERT000488,0.20531778535029857,0,6.4909146713888894,0.022556390977443608,0,-1.3213651237544055,0.0,-0.16237232360329107,-0.18700753900774347,-0.6848502021658586,-1.9184481157150182,-0.26922194417304923,-1.4277168933294369,-0.1177555835995132
CERT000489,0.22044570215776443,0,23.41019624722222,0.24597207303974222,0,0.8281193653582096,0.0,-0.14481365481602518,-0.18700753900774347,0.1750302212926991,0.6778913827617145,-0.26922194417304923,0.8947716163839956,-0.1177555835995132
CERT000490,0.22678744742801682,0,25.32179887277778,0.24597207303974222,0,1.5831851100762693,0.0,-0.13745291862539402,-0.18700753900774347,0.27218267234564786,0.6778913827617145,-0.26922194417304923,1.7106097976168697,-0.1177555835995132
CERT000491,0.11094026651756592,0,17.265351798888886,0.24597207303974222,0,-1.5103674759908745,0.0,-0.27191441160116225,-0.18700753900774347,-0.1372662212387024,0.6778913827617145,-0.26922194417304923,-1.6319313427015405,-0.1177555835995132
CERT000492,0.3170695329667598,0,14.16074032361111,0.24597207303974222,0,0.8873138957023967,0.0,-0.03266431768490911,-0.18700753900774347,-0.29505038116717536,0.6778913827617145,-0.26922194417304923,0.9587304945515761,-0.1177555835995132
CERT000493,0.2337461300309598,0,25.409419305555556,0.03571428571428571,0,-0.8685725015809477,0.0,-0.12937611568049123,-0.18700753900774347,0.27663576301045434,-1.7655386981364607,-0.26922194417304923,-0.938480675246741,-0.1177555835995132
CERT000494,0.16458158605908116,0,15.65883156361111,0.24597207303974222,0,0.6300833983855358,0.0,-0.20965401083821444,-0.18700753900774347,-0.21891361826403127,0.6778913827617145,-0.26922194417304923,0.680796470187941,-0.1177555835995132
CERT000495,0.13429908906882593,0,52.232644489444446,0.24597207303974222,0,-0.9211180594233347,0.0,-0.24480229605623302,-0.18700753900774347,1.6398594983841361,0.6778913827617145,-0.26922194417304923,-0.9952554298186186,-0.1177555835995132
CERT000496,0.1677734499712662,0,25.09819609138889,0.12191192266380237,0,-0.3955330393519217,0.0,-0.20594927858979112,-0.18700753900774347,0.26081861687524166,-0.7638259829789712,-0.26922194417304923,-0.42736802417500064,-0.1177555835995132
CERT000497,0.28682923911905867,0,0.4995871419444445,0.12191192266380237,0,-0.3776746455418054,0.0,-0.0677636185641506,-0.18700753900774347,-0.9893445289495806,-0.7638259829789712,-0.26922194417304923,-0.40807227459596773,-0.1177555835995132
CERT000498,0.12054899948691637,0,6.60579552888889,0.24597207303974222,0,-0.1574378498016622,0.0,-0.26076174849351996,-0.18700753900774347,-0.6790116681860541,0.6778913827617145,-0.26922194417304923,-0.1701094374071535,-0.1177555835995132
CERT000499,0.1868552116684454,0,21.501294485,0.24597207303974222,0,-0.40474735054594424,0.0,-0.18380146155837054,-0.18700753900774347,0.07801503490411361,0.6778913827617145,-0.26922194417304923,-0.43732396104332205,-0.1177555835995132
CERT000500,0.18553024237571877,0,2.877982343055556,0.24597207303974222,0,0.9468222320427994,0.0,-0.1853393267687876,-0.18700753900774347,-0.8684685057262073,0.6778913827617145,-0.26922194417304923,1.0230284357941317,-0.1177555835995132
CERT000501,0.2435573521980798,0,4.856972681111111,0.24597207303974222,0,-0.5756177895026727,0.0,-0.11798842743344042,-0.18700753900774347,-0.7678912417164739,0.6778913827617145,-0.26922194417304923,-0.6219471268008587,-0.1177555835995132
CERT000502,0.11722141823444283,0,20.721206975277777,0.12191192266380237,0,-0.8972325400294464,0.0,-0.26462400512928247,-0.18700753900774347,0.038369026579931124,-0.7638259829789712,-0.26922194417304923,-0.9694474537100101,-0.1177555835995132
CERT000503,4.359758010306968,0,46.70024238222222,0.24597207303974222,0,0.7431620395979334,0.0,4.659602891814888,-0.18700753900774347,1.3586889152610193,0.6778913827617145,-0.26922194417304923,0.8029763911131772,-0.1177555835995132
CERT000504,0.3511233709122891,0,34.21106150333333,0.01933404940923738,0,1.252322273335031,0.0,0.006861287131061513,-0.18700753900774347,0.7239573461541581,-1.955895320019971,-0.26922194417304923,1.353117040393043,-0.1177555835995132
CERT000505,0.256203288490284,0,5.839128075,0.12191192266380237,0,1.8392398918953539,0.0,-0.10331054351289323,-0.18700753900774347,-0.7179756355357968,-0.7638259829789712,-0.26922194417304923,1.98727347751042,-0.1177555835995132
CERT000506,0.1511484956324814,0,6.040357691666667,0.24597207303974222,0,-0.4437927473149598,0.0,-0.2252455287313888,-0.18700753900774347,-0.7077486405409922,0.6778913827617145,-0.26922194417304923,-0.4795119767338552,-0.1177555835995132
CERT000507,0.2921788766054021,0,2.0326956113888888,0.24597207303974222,0,-0.39766569818171665,0.0,-0.06155440192512938,-0.18700753900774347,-0.911428102415444,0.6778913827617145,-0.26922194417304923,-0.4296723327905899,-0.1177555835995132
CERT000508,0.3646965489884966,0,11.156313120555556,0.01933404940923738,0,1.313467950980645,0.9958215612770359,0.0226154019417067,-0.18700753900774347,-0.4477429245257474,-1.955895320019971,-0.26922194417304923,1.4191841064592918,8.485328818200216
CERT000509,0.11119850187265917,0,8.88600092361111,0.24597207303974222,0,-0.4544260541720215,0.0,-0.2716146830181093,-0.18700753900774347,-0.5631258977649977,0.6778913827617145,-0.26922194417304923,-0.49100111895417337,-0.1177555835995132
CERT000510,0.17773831624828476,0,16.157143153333333,0.24597207303974222,1,1.0542344196778175,0.0,-0.19438325871445616,-0.18700753900774347,-0.193588170557275,0.6778913827617145,3.7114168018141793,1.1390858313459835,-0.1177555835995132
CERT000511,0.32211223005163603,0,16.30362831777778,0.24597207303974222,0,0.5681494344271467,0.0,-0.026811360596716037,-0.18700753900774347,-0.18614342624775296,0.6778913827617145,-0.26922194417304923,0.613877671572303,-0.1177555835995132
CERT000512,0.30370229007633587,0,6.8600027316666665,0.03571428571428571,0,0.4179353800186448,0.0,-0.048179407667163325,-0.18700753900774347,-0.6660922190834994,-1.7655386981364607,-0.26922194417304923,0.45157344601111254,-0.1177555835995132
CERT000513,0.3784739767559373,0,28.50237942777778,0.24597207303974222,0,1.4974532684609667,0.0,0.03860658526111673,-0.18700753900774347,0.4338277718860371,0.6778913827617145,-0.26922194417304923,1.617977718587394,-0.1177555835995132
CERT000514,0.18869287991498407,0,49.79680306333333,0.24597207303974222,0,-1.114502753305281,0.0,-0.1816685169836143,-0.18700753900774347,1.5160639135908638,0.6778913827617145,-0.26922194417304923,-1.2042049392336356,-0.1177555835995132
CERT000515,0.3957101563526475,0,6.6200701594444435,0.24597207303974222,0,1.274323344848793,0.0,0.05861227226668676,-0.18700753900774347,-0.6782861955758958,0.6778913827617145,-0.26922194417304923,1.3768888964128976,-0.1177555835995132
CERT000516,0.14795053668947336,0,15.741452121111111,0.015843179377013964,0,-0.3774782998851108,0.0,-0.22895733535950571,-0.18700753900774347,-0.21471463383014383,-1.99646312468367,-0.26922194417304923,-0.40786012580684405,-0.1177555835995132
CERT000517,0.16514905104306837,0,4.514962206944444,0.07357679914070892,0,1.1167969372495918,0.0,-0.20899536564409985,-0.18700753900774347,-0.7852730738016942,-1.3255340475532642,-0.26922194417304923,1.206683773520098,-0.1177555835995132
CERT000518,0.3980367024103542,0,6.700358580555555,0.24597207303974222,0,1.002657859646591,0.0,0.06131264748460379,-0.18700753900774347,-0.6742057361761035,0.6778913827617145,-0.26922194417304923,1.0833580656189925,-0.1177555835995132
CERT000519,0.18239431177061596,0,37.871117534444444,0.24597207303974222,0,0.9744532766152888,0.0,-0.18897913835260566,-0.18700753900774347,0.9099705947550438,0.6778913827617145,-0.26922194417304923,1.0528834004873076,-0.1177555835995132
CERT000520,0.28952714278721425,0,13.36420641138889,0.0378625134264232,0,-0.33478435779495114,0.0,-0.06463221603649293,-0.18700753900774347,-0.3355322370114008,-1.7405738952664918,-0.26922194417304923,-0.3617299069376203,-0.1177555835995132
CERT000521,0.16774393026988033,0,0.6601928880555556,0.020676691729323307,0,0.5262679154736459,0.0,-0.2059835415134924,-0.18700753900774347,-0.9811821411817007,-1.9402923182262408,-0.26922194417304923,0.5686252647596317,-0.1177555835995132
CERT000522,0.17554035725622602,0,3.2554355930555556,0.12191192266380237,0,0.4883454375969253,0.0,-0.19693438551140588,-0.18700753900774347,-0.8492853826727201,-0.7638259829789712,-0.26922194417304923,0.5276505475310809,-0.1177555835995132
CERT000523,0.17957173098843834,0,3.4761173291666667,0.12191192266380237,0,-0.35258944579263785,0.0,-0.19225525109901498,-0.18700753900774347,-0.8380697820666143,-0.7638259829789712,-0.26922194417304923,-0.380968060317427,-0.1177555835995132
CERT000524,0.3491186458951,0,9.87006472611111,0.24597207303974222,0,0.7346922538088735,0.0,0.004534443122440457,-0.18700753900774347,-0.5131133014611111,0.6778913827617145,-0.26922194417304923,0.7938249037335466,-0.1177555835995132
CERT000525,0.27204520784113406,0,0.043730631388888885,0.24597207303974222,0,-0.31702068299687625,0.0,-0.08492314633346953,-0.18700753900774347,-1.012512302804278,0.6778913827617145,-0.26922194417304923,-0.34253649995200075,-0.1177555835995132
CERT000526,0.33327125182918715,0,31.112742063611112,0.24597207303974222,0,0.2241424183308216,0.0,-0.013859308448649696,-0.18700753900774347,0.5664929632903127,0.6778913827617145,-0.26922194417304923,0.24218280883135096,-0.1177555835995132
CERT000527,0.39204989526995343,0,14.687493800833332,0.24597207303974222,0,0.9304621582399415,0.0,0.05436388084281098,-0.18700753900774347,-0.2682794452369479,0.6778913827617145,-0.26922194417304923,1.0053516004330691,-0.1177555835995132
CERT000528,0.20233793836344316,0,62.42734870722222,0.24597207303974222,0,-0.9437446110633854,0.0,-0.16583097207054762,-0.18700753900774347,2.1579799954351895,0.6778913827617145,-0.26922194417304923,-1.0197031085362955,-0.1177555835995132
CERT000529,0.1614170115184902,0,71.56776400638888,0.24597207303974222,0,0.22392431848044952,0.0,-0.21332706886186964,-0.18700753900774347,2.6225188792410403,0.6778913827617145,-0.26922194417304923,0.24194715493432353,-0.1177555835995132
CERT000530,0.124989910404391,0,28.287856641666668,0.03571428571428571,0,-0.7244459415772269,0.0,-0.2556072725067663,-0.18700753900774347,0.42292518460205863,-1.7655386981364607,-0.26922194417304923,-0.7827539038982514,-0.1177555835995132
CERT000531,0.23219464426951905,0,8.234001474722223,0.010472610096670247,0,-1.1865883610544443,0.0,-0.131176894000468,-0.18700753900774347,-0.5962621488340806,-2.058875131858591,-0.26922194417304923,-1.28209244973261,-0.1177555835995132
CERT000532,0.1475864249578415,0,2.5676209391666664,0.24597207303974222,1,-0.3110118394666676,0.0,-0.22937995252343185,-0.18700753900774347,-0.8842418524965784,0.6778913827617145,3.7114168018141793,-0.33604402693055696,-0.1177555835995132
CERT000533,0.20283581740330847,0,56.56368836277778,0.24597207303974222,0,0.10564569764307877,0.0,-0.16525309388226972,-0.18700753900774347,1.8599740359386678,0.6778913827617145,-0.26922194417304923,0.11414872734345885,-0.1177555835995132
CERT000534,0.20128983003174347,0,37.87184450611111,0.0378625134264232,0,-0.3633001162940525,0.0,-0.1670474903317008,-0.18700753900774347,0.9100075412826947,-1.7405738952664918,-0.26922194417304923,-0.39254079289440486,-0.1177555835995132
CERT000535,0.18420737445461546,0,27.29824990111111,0.004027926960257788,0,0.24491227524433382,0.0,-0.186874752959424,-0.18700753900774347,0.37263088225166796,-2.133769540468497,-0.26922194417304923,0.26462435436208354,-0.1177555835995132
CERT000536,0.2043359865940511,0,30.550119586944444,0.24597207303974222,0,1.1554158793443807,0.0,-0.16351187767382847,-0.18700753900774347,0.5378990746364082,0.6778913827617145,-0.26922194417304923,1.2484110107840727,-0.1177555835995132
CERT000537,1.2333699332052337,0,18.380447558333334,0.12191192266380237,0,2.247348780166461,0.0,1.0308671283292798,-0.18700753900774347,-0.08059425147862077,-0.7638259829789712,-0.26922194417304923,2.428229533961363,-0.1177555835995132
CERT000538,0.31360050890585245,0,1.7628781016666666,0.07357679914070892,0,0.5958713524677559,0.0,-0.03669074414373706,-0.18700753900774347,-0.9251409065600285,-1.3255340475532642,-0.26922194417304923,0.6438308238014276,-0.1177555835995132
CERT000539,0.2600183944291158,0,10.5086207175,0.24597207303974222,0,-0.9098230901235591,0.0,-0.09888242677872276,-0.18700753900774347,-0.48066028069799793,0.6778913827617145,-0.26922194417304923,-0.983051370403831,-0.1177555835995132
CERT000540,0.14651457541191382,0,10.703529166666668,0.24597207303974222,1,0.3413202618329426,0.0,-0.23062402673445853,-0.18700753900774347,-0.47075454332647304,0.6778913827617145,3.7114168018141793,0.3687918616089432,-0.1177555835995132
CERT000541,0.13295227572138882,0,3.3444344716666667,0.24597207303974222,0,-1.5298217417548887,0.0,-0.24636551522162706,-0.18700753900774347,-0.8447622359253566,0.6778913827617145,-0.26922194417304923,-1.652951410038936,-0.1177555835995132
CERT000542,0.2979383634431456,0,11.840123444722222,0.07357679914070892,0,0.25262629828871125,0.0,-0.054869481386787496,-0.18700753900774347,-0.4129899648049499,-1.3255340475532642,-0.26922194417304923,0.27295925046157926,-0.1177555835995132
CERT000543,0.25593329057087877,0,5.938877542222222,0.12191192266380237,0,-0.9210536984279973,0.0,-0.10362392466777556,-0.18700753900774347,-0.7129061168490622,-0.7638259829789712,-0.26922194417304923,-0.9951858886458853,-0.1177555835995132
CERT000544,0.14923666481241116,0,54.828941218055554,0.24597207303974222,0,-1.3419421047389992,0.0,-0.22746455231369284,-0.18700753900774347,1.7718098250227676,0.6778913827617145,-0.26922194417304923,-1.4499500390643194,-0.1177555835995132
CERT000545,0.2228316513090537,0,6.563608245,0.010472610096670247,0,-0.30087579100429046,0.0,-0.142044331622096,-0.18700753900774347,-0.6811557320088797,-2.058875131858591,-0.26922194417304923,-0.32509216558565934,-0.1177555835995132
CERT000546,0.17449852714265676,0,13.790646407777777,0.24597207303974222,0,1.0771226987199751,0.0,-0.19814361677104197,-0.18700753900774347,-0.3138594843575115,0.6778913827617145,-0.26922194417304923,1.1638163029319735,-0.1177555835995132
CERT000547,0.2031408094435076,0,14.792597251111111,0.24597207303974222,0,-0.24882598839964667,0.0,-0.16489909575518022,-0.18700753900774347,-0.26293782367182766,0.6778913827617145,-0.26922194417304923,-0.2688530677487435,-0.1177555835995132
CERT000548,0.24565289256198347,0,2.6847039625,0.24597207303974222,1,-0.2949239333366344,0.0,-0.11555617587835702,-0.18700753900774347,-0.8782913989130482,0.6778913827617145,3.7114168018141793,-0.3186612650071269,-0.1177555835995132
CERT000549,0.17707493101252386,1,33.74882985083333,0.24597207303974222,0,0.12360615119356666,0.0,-0.1951532366156659,5.343072543078385,0.7004655715592268,0.6778913827617145,-0.26922194417304923,0.1335547510721858,-0.1177555835995132
CERT000550,0.15246058488289863,0,5.810895477222222,0.24597207303974222,0,1.4570592860885567,0.0,-0.22372261312703817,-0.18700753900774347,-0.7194104871294464,0.6778913827617145,-0.26922194417304923,1.5743325746486168,-0.1177555835995132
CERT000551,0.3054463232402674,0,25.010953695555557,0.12191192266380237,0,0.14102983819177878,0.0,-0.04615514344960973,-0.18700753900774347,0.25638473899830766,-0.7638259829789712,-0.26922194417304923,0.15238080590308012,-0.1177555835995132
CERT000552,0.3273368760344978,0,6.798169314722221,0.00644468313641246,0,0.6054239559710113,0.0,-0.020747219081969283,-0.18700753900774347,-0.6692347487770783,-2.1056841372397823,-0.26922194417304923,0.6541522808701028,-0.1177555835995132
CERT000553,0.1285171102661597,0,0.8390018816666667,0.24597207303974222,0,-0.4742382484121177,0.0,-0.25151332256590453,-0.18700753900774347,-0.9720946186143041,0.6778913827617145,-0.26922194417304923,-0.5124079231008877,-0.1177555835995132
CERT000554,0.19493294534412955,0,6.059902868611111,0.24597207303974222,1,1.2826676752593889,0.0,-0.17442579853958107,-0.18700753900774347,-0.7067553055136016,0.6778913827617145,3.7114168018141793,1.385904830976753,-0.1177555835995132
CERT000555,0.3889728886733423,0,14.560234619166666,0.24597207303974222,0,1.478212921838491,0.0,0.05079246117057536,-0.18700753900774347,-0.2747470767690588,0.6778913827617145,-0.26922194417304923,1.5971887879484707,-0.1177555835995132
CERT000556,0.17987010949706647,0,4.334297483611111,0.07357679914070892,0,-0.38690444720210876,0.0,-0.19190892916500923,-0.18700753900774347,-0.7944549092187361,-1.3255340475532642,-0.26922194417304923,-0.4180449487006495,-0.1177555835995132
CERT000557,0.14835205992509362,0,9.842522769722223,0.0378625134264232,0,-0.4241431947243093,0.0,-0.2284912954153167,-0.18700753900774347,-0.5145130529231579,-1.7405738952664918,-0.26922194417304923,-0.4582809046586918,-0.1177555835995132
CERT000558,0.3851010101010101,0,12.90914899361111,0.24597207303974222,0,2.224206864555946,0.0,0.046298449582506555,-0.18700753900774347,-0.35865939896227356,0.6778913827617145,-0.26922194417304923,2.4032250115419584,-0.1177555835995132
CERT000559,0.19448166197971112,0,15.404169815833335,0.24597207303974222,0,1.430813378771705,0.0,-0.17494959406449534,-0.18700753900774347,-0.23185616848617716,0.6778913827617145,-0.26922194417304923,1.5459742317626177,-0.1177555835995132
CERT000560,0.13014031419779445,1,40.44140279027778,0.03571428571428571,0,-0.7458736667197716,0.0,-0.24962930240817227,5.343072543078385,1.0405989529562636,-1.7655386981364607,-0.26922194417304923,-0.8059062670276094,-0.1177555835995132
CERT000561,0.20783930813223603,0,19.532056278055553,0.07357679914070892,0,-0.2888077491944698,0.0,-0.1594456428229119,-0.18700753900774347,-0.022066601286444318,-1.3255340475532642,-0.26922194417304923,-0.3120528119266708,-0.1177555835995132
CERT000562,0.3217350139061483,0,3.1198988858333334,0.24597207303974222,0,0.6629085518888773,0.0,-0.027249187790250026,-0.18700753900774347,-0.8561736988626281,0.6778913827617145,-0.26922194417304923,0.7162635983422657,-0.1177555835995132
CERT000563,0.2050829792351479,0,9.123162797222223,0.24597207303974222,0,-0.940122724701635,0.0,-0.1626448583387492,-0.18700753900774347,-0.5510727351413416,0.6778913827617145,-0.26922194417304923,-1.015789709997595,-0.1177555835995132
CERT000564,0.20370210934136893,0,2.4815613558333336,0.12191192266380237,0,-0.3601847339093645,0.0,-0.16424760625254034,-0.18700753900774347,-0.8886156168687626,-0.7638259829789712,-0.26922194417304923,-0.38917466495607833,-0.1177555835995132
CERT000565,0.16817990973024038,0,1.6215763152777776,0.24597207303974222,0,-0.34533890770735887,0.0,-0.20547750892222807,-0.18700753900774347,-0.9323222185661526,0.6778913827617145,-0.26922194417304923,-0.37313395335941313,-0.1177555835995132
CERT000566,0.33951170901843547,0,26.907904846388888,0.24597207303974222,0,0.700362571571669,0.0,-0.006616135296544126,-0.18700753900774347,0.35279256527319036,0.6778913827617145,-0.26922194417304923,0.7567321529173097,-0.1177555835995132
CERT000567,0.1583026777312003,0,23.756728374444446,0.24597207303974222,0,-1.5870896255457816,0.0,-0.21694181345360533,-0.18700753900774347,0.1926418551532914,0.6778913827617145,-0.26922194417304923,-1.7148285730301709,-0.1177555835995132
CERT000568,0.23602972702586825,0,15.249096692222222,0.12191192266380237,0,-0.6319256798522181,0.0,-0.12672559057597685,-0.18700753900774347,-0.2397373744700191,-0.7638259829789712,-0.26922194417304923,-0.6827870300452927,-0.1177555835995132
CERT000569,0.19346354918374548,0,55.15643562638889,0.12191192266380237,0,1.0392350733649034,0.0,-0.17613129711058928,-0.18700753900774347,1.788453914150063,-0.7638259829789712,-0.26922194417304923,1.1228792433750523,-0.1177555835995132
CERT000570,0.42557523925880675,0,4.454616181111112,0.24597207303974222,0,-0.24377068720848363,0.0,0.09327607335228573,-0.18700753900774347,-0.7883400105398194,0.6778913827617145,-0.26922194417304923,-0.2633908841465423,-0.1177555835995132
CERT000571,0.2576955815213186,0,32.987648739444445,0.24597207303974222,0,0.6312838639299809,0.0,-0.10157846900462054,-0.18700753900774347,0.6617804339275781,0.6778913827617145,-0.26922194417304923,0.6820935567439979,-0.1177555835995132
CERT000572,0.3455463801811913,0,20.398321772777777,0.24597207303974222,0,0.721168780015944,0.0,0.00038818615335976434,-0.18700753900774347,0.021959188880275284,0.6778913827617145,-0.26922194417304923,0.7792129757784602,-0.1177555835995132
CERT000573,0.18904088414869774,0,6.230438258333334,0.24597207303974222,0,1.2637616142064796,0.0,-0.18126459546856943,-0.18700753900774347,-0.6980882682950432,0.6778913827617145,-0.26922194417304923,1.3654770913109273,-0.1177555835995132
CERT000574,0.3593811979373265,0,5.472160531111111,0.24597207303974222,0,1.2318375697853077,0.9958215612770359,0.016445980878425727,-0.18700753900774347,-0.7366258486444572,0.6778913827617145,-0.26922194417304923,1.3309835991609273,8.485328818200216
CERT000575,0.22460717607322925,0,8.514951103888889,0.24597207303974222,0,-1.2313992184642972,0.0,-0.1399835157374951,-0.18700753900774347,-0.5819835823940361,0.6778913827617145,-0.26922194417304923,-1.3305099665706848,-0.1177555835995132
CERT000576,0.1800132744639714,0,6.546321381388889,0.24597207303974222,0,0.6207294062912188,0.0,-0.19174276046724228,-0.18700753900774347,-0.6820342938754441,0.6778913827617145,-0.26922194417304923,0.6706896100226134,-0.1177555835995132
CERT000577,0.17132524847689137,0,14.997721186388889,0.24597207303974222,0,0.3635780575836082,0.0,-0.20182677749773062,-0.18700753900774347,-0.2525129096151885,0.6778913827617145,-0.26922194417304923,0.39284110464572836,-0.1177555835995132
CERT000578,0.12041696621135874,0,7.059160976388888,0.24597207303974222,0,-1.5941896458656188,0.0,-0.2609149968610196,-0.18700753900774347,-0.6559704964181815,0.6778913827617145,-0.26922194417304923,-1.7225000476070178,-0.1177555835995132
CERT000579,0.38089960284474,0,21.685923828055557,0.01933404940923738,0,0.9586491662526627,0.0,0.04142196067843913,-0.18700753900774347,0.08739836226218847,-1.955895320019971,-0.26922194417304923,1.0358072759982235,-0.1177555835995132
CERT000580,0.27034394291670005,0,34.070960630277774,0.24597207303974222,0,-0.16826696851435793,0.0,-0.08689777031558896,-0.18700753900774347,0.7168370675826377,0.6778913827617145,-0.26922194417304923,-0.18181015165187067,-0.1177555835995132
CERT000581,0.21781874039938554,0,10.726533136666665,0.24597207303974222,0,1.316670183942049,0.0,-0.1478627164957817,-0.18700753900774347,-0.46958542374085893,0.6778913827617145,-0.26922194417304923,1.4226440752545801,-0.1177555835995132
CERT000582,0.16953885431625976,0,27.387465368888886,0.24597207303974222,0,0.523758673825198,0.0,-0.20390020927219388,-0.18700753900774347,0.37716503660496997,0.6778913827617145,-0.26922194417304923,0.5659140635734252,-0.1177555835995132
CERT000583,0.19994920849911116,1,0.7158746755555555,0.24597207303974222,0,-0.2215721744780822,0.0,-0.16860352278218008,5.343072543078385,-0.9783522527612125,0.6778913827617145,-0.26922194417304923,-0.23940569560006958,-0.1177555835995132
CERT000584,0.20364934549781832,0,3.752776573888889,0.24597207303974222,0,-1.159810762848245,0.9958215612770359,-0.16430884818456834,-0.18700753900774347,-0.8240092637497335,0.6778913827617145,-0.26922194417304923,-1.2531596221329584,8.485328818200216
CERT000585,0.18149819494584837,0,27.534575400277777,0.24597207303974222,0,-0.6460289179826272,0.0,-0.19001924312850085,-0.18700753900774347,0.3846415382234763,0.6778913827617145,-0.26922194417304923,-0.698025385415398,-0.1177555835995132
CERT000586,0.15414755351681955,0,18.417341177777775,0.24597207303974222,0,0.3209322576047576,0.0,-0.2217645825617917,-0.18700753900774347,-0.0787192249907279,0.6778913827617145,-0.26922194417304923,0.34676290266749166,-0.1177555835995132
CERT000587,0.27212217626471524,0,6.772248246666667,0.24597207303974222,0,-0.06425174920705429,0.0,-0.08483381063220015,-0.18700753900774347,-0.6705521226192362,0.6778913827617145,-0.26922194417304923,-0.06942313378775662,-0.1177555835995132
CERT000588,0.2040020894442882,0,1.1260105569444443,0.24597207303974222,0,-0.3573371356618705,0.0,-0.16389942538025198,-0.18700753900774347,-0.9575081162189163,0.6778913827617145,-0.26922194417304923,-0.38609787410525653,-0.1177555835995132
CERT000589,0.20463105035569817,1,50.653597811666664,0.24597207303974222,0,-0.29741956194054514,0.0,-0.16316940309997777,5.343072543078385,1.559608376617371,0.6778913827617145,-0.26922194417304923,-0.3213577574854176,-0.1177555835995132
CERT000590,0.23336610302791977,0,2.0780144725,0.24597207303974222,0,-1.2951240140611722,0.0,-0.12981720537985444,-0.18700753900774347,-0.9091248839656403,0.6778913827617145,-0.26922194417304923,-1.3993637342099567,-0.1177555835995132
CERT000591,0.13339937661584556,0,11.113611112222223,0.24597207303974222,0,-1.6064670163430885,0.0,-0.2458465742054799,-0.18700753900774347,-0.44991314793881737,0.6778913827617145,-0.26922194417304923,-1.7357655780204007,-0.1177555835995132
CERT000592,0.17815602836879432,0,15.334607483333334,0.24597207303974222,0,0.4074925274779379,0.0,-0.19389842865716536,-0.18700753900774347,-0.23539150109818963,0.6778913827617145,-0.26922194417304923,0.44029008706748224,-0.1177555835995132
CERT000593,0.1331538504683381,0,4.8482870686111115,0.12191192266380237,0,-0.3301894694279625,0.0,-0.2461315514668943,-0.18700753900774347,-0.7683326663786869,-0.7638259829789712,-0.26922194417304923,-0.35676519307725063,-0.1177555835995132
CERT000594,0.2632142058701415,0,7.807419493055556,0.04484425349087003,0,-0.3991421696417526,0.0,-0.0951731127129664,-0.18700753900774347,-0.6179421175367269,-1.659438285939094,-0.26922194417304923,-0.43126763995294537,-0.1177555835995132
CERT000595,0.3110039649517843,0,17.898008099722222,0.24597207303974222,0,-0.03816624648963405,0.0,-0.03970450048978996,-0.18700753900774347,-0.10511303758099151,0.6778913827617145,-0.26922194417304923,-0.04123810587145005,-0.1177555835995132
CERT000596,0.22261157024793388,0,38.6312455125,0.24597207303974222,0,-0.5123524968583172,0.0,-0.14229977528348936,-0.18700753900774347,0.9486022095031964,0.6778913827617145,-0.26922194417304923,-0.5535898457995742,-0.1177555835995132
CERT000597,0.19064464287412392,0,96.75406510194445,0.24597207303974222,0,-1.2213012430670669,0.0,-0.1794031449706034,-0.18700753900774347,3.902550017344158,0.6778913827617145,-0.26922194417304923,-1.3195992426504957,-0.1177555835995132
CERT000598,0.27378512396694216,0,25.114922650833336,0.24597207303974222,0,-0.029455199395526717,0.0,-0.08290366067926433,-0.18700753900774347,0.2616687026754945,0.6778913827617145,-0.26922194417304923,-0.031825938960681095,-0.1177555835995132
CERT000599,0.3813381700927046,0,7.967933155833333,0.24597207303974222,0,-0.36135298167256485,0.0,0.041930996862730725,-0.18700753900774347,-0.6097844096753373,0.6778913827617145,-0.26922194417304923,-0.39043694064137596,-0.1177555835995132
CERT000600,0.35237784307323977,0,1.5618885227777777,0.24597207303974222,0,0.2626808469432284,0.0,0.008317327738457472,-0.18700753900774347,-0.9353557022315298,0.6778913827617145,-0.26922194417304923,0.2838230523818765,-0.1177555835995132
CERT000601,0.4195865000644081,0,21.53842815666667,0.24597207303974222,0,0.8845446892263898,0.0,0.08632506421427488,-0.18700753900774347,0.07990226144941298,0.6778913827617145,-0.26922194417304923,0.9557384049346814,-0.1177555835995132
CERT000602,0.3246479720784691,0,19.824226920277777,0.24597207303974222,1,-0.3133627575349936,0.0,-0.023868175824762555,-0.18700753900774347,-0.007217754754151117,0.6778913827617145,3.7114168018141793,-0.33858416165989336,-0.1177555835995132
CERT000603,0.4222402767585701,0,1.1996187122222222,0.24597207303974222,0,1.3277988579368538,0.0,0.08940524945069553,-0.18700753900774347,-0.9537671647224494,0.6778913827617145,-0.26922194417304923,1.434668454873133,-0.1177555835995132
CERT000604,0.36188132348919877,0,33.445380485,0.12191192266380237,0,-0.3027710510464669,0.0,0.0193478263242072,-0.18700753900774347,0.6850435119391721,-0.7638259829789712,-0.26922194417304923,-0.3271399680672167,-0.1177555835995132
CERT000605,0.2650888442899799,0,6.61991135,0.24597207303974222,0,-0.6723036559583225,0.0,-0.09299725760160157,-0.18700753900774347,-0.6782942666710972,0.6778913827617145,-0.26922194417304923,-0.7264148794328571,-0.1177555835995132
CERT000606,0.21577732170343766,0,12.893650569166667,0.020676691729323307,0,1.3816964627181443,0.0,-0.15023215011935842,-0.18700753900774347,-0.3594470678543891,-1.9402923182262408,-0.26922194417304923,1.492904077618799,-0.1177555835995132
CERT000607,0.14948691636736788,0,6.860181052222222,0.24597207303974222,0,0.3102732236149169,0.0,-0.227174090366889,-0.18700753900774347,-0.6660831563845819,0.6778913827617145,-0.26922194417304923,0.3352459626330605,-0.1177555835995132
CERT000608,0.2330913618530787,0,0.14243665305555553,0.12191192266380237,0,-0.3132073564504755,0.0,-0.13013609193592526,-0.18700753900774347,-1.0074958146438187,-0.7638259829789712,-0.26922194417304923,-0.3384162529194403,-0.1177555835995132
CERT000609,0.19920067821242585,0,10.207166358611111,0.24597207303974222,1,-0.6480991034495364,0.0,-0.16947232683156896,-0.18700753900774347,-0.49598094904984186,0.6778913827617145,3.7114168018141793,-0.7002621924192286,-0.1177555835995132
CERT000610,0.16933287950987064,0,20.5795568325,0.03571428571428571,0,0.20578642294495447,0.0,-0.2041392800874249,-0.18700753900774347,0.031170010226382366,-1.7655386981364607,-0.26922194417304923,0.22234940757446212,-0.1177555835995132
CERT000611,0.2551110398460675,0,15.383617436666666,0.12191192266380237,0,-0.3484298600077028,0.0,-0.10457829454703915,-0.18700753900774347,-0.2329006920625303,-0.7638259829789712,-0.26922194417304923,-0.37647368492667127,-0.1177555835995132
CERT000612,0.16089094657314953,0,9.208595706944443,0.24597207303974222,0,0.2034744580005476,0.0,-0.21393766186376062,-0.18700753900774347,-0.5467308198974834,0.6778913827617145,-0.26922194417304923,0.2198513611612675,-0.1177555835995132
CERT000613,0.31873913441302953,0,12.162361235277777,0.0008055853920515575,0,-0.2703400729279741,0.0,-0.030726444865082254,-0.18700753900774347,-0.3966130302078547,-2.17121674477345,-0.26922194417304923,-0.29209874100999683,-0.1177555835995132
CERT000614,0.27988549618320613,0,9.4580967625,0.12191192266380237,0,-0.010208759344766711,0.0,-0.07582308133792663,-0.18700753900774347,-0.5340505490276546,-0.7638259829789712,-0.26922194417304923,-0.011030424456069738,-0.1177555835995132
CERT000615,0.13816457839485272,1,1.5580203297222222,0.24597207303974222,0,-0.47441040818593744,0.0,-0.240315700337851,5.343072543078385,-0.9355522935269535,0.6778913827617145,-0.26922194417304923,-0.5125939393752812,-0.1177555835995132
CERT000616,0.17920121759210667,0,6.68955663,0.24597207303974222,0,-0.31823452251939516,0.0,-0.19268529854640853,-0.18700753900774347,-0.674754718458611,0.6778913827617145,-0.26922194417304923,-0.3438480369079385,-0.1177555835995132
CERT000617,0.22459341531138435,0,6.185507488055556,0.24597207303974222,0,-0.8381626936606457,0.9958215612770359,-0.1399994875770134,-0.18700753900774347,-0.7003717629930662,0.6778913827617145,-0.26922194417304923,-0.9056232948677595,8.485328818200216
CERT000618,0.3718624341267264,0,2.9119526744444446,0.24597207303974222,0,0.29723402942370486,0.0,0.030932700702080117,-0.18700753900774347,-0.8667420480862194,0.6778913827617145,-0.26922194417304923,0.32115729214560135,-0.1177555835995132
CERT000619,5.595344673231871,0,45.974349511944446,0.12191192266380237,0,2.040840877985535,0.0,6.093723481475624,-0.18700753900774347,1.3217972147545658,-0.7638259829789712,-0.26922194417304923,2.2051005779677206,-0.1177555835995132
CERT000620,0.3499370475291155,0,0.6979975755555555,0.24597207303974222,0,0.30068721387839425,0.0,0.005484345439429871,-0.18700753900774347,-0.9792608119248692,0.6778913827617145,-0.26922194417304923,0.32488841058751583,-0.1177555835995132
CERT000621,0.2451828548957924,0,4.033149049166667,0.022556390977443608,0,-1.059682534191007,0.0,-0.11610173914415417,-0.18700753900774347,-0.8097600297212427,-1.9184481157150182,-0.26922194417304923,-1.144972444355091,-0.1177555835995132
CERT000622,0.1688011383849164,0,7.067287414722222,0.24597207303974222,0,-0.41573222363364404,0.0,-0.20475646131683461,-0.18700753900774347,-0.6555574903928395,0.6778913827617145,-0.26922194417304923,-0.44919296575401685,-0.1177555835995132
CERT000623,0.2086237288135593,0,17.953452288333335,0.24597207303974222,0,0.4251862168354264,0.0,-0.15853518151429077,-0.18700753900774347,-0.102295224533342,0.6778913827617145,-0.26922194417304923,0.4594078757444179,-0.1177555835995132
CERT000624,0.12319138019497178,0,5.89723909861111,0.12191192266380237,0,-0.11473018972904916,0.0,-0.2576947903489783,-0.18700753900774347,-0.715022287229229,-0.7638259829789712,-0.26922194417304923,-0.1239643964460348,-0.1177555835995132
CERT000625,0.2652930329511745,0,1.3619335358333335,0.24597207303974222,0,-0.22800519043057232,0.0,-0.09276025992917508,-0.18700753900774347,-0.9455179173395297,0.6778913827617145,-0.26922194417304923,-0.2463564811061467,-0.1177555835995132
CERT000626,0.15273117996623028,0,1.4471021686111112,0.24597207303974222,0,-0.7071067811865472,0.0,-0.22340853885599654,-0.18700753900774347,-0.9411894333143601,0.6778913827617145,-0.26922194417304923,-0.7640191789074902,-0.1177555835995132
CERT000627,4.570183002778577,0,0.10183507972222222,0.12191192266380237,0,2.266677491577252,0.0,4.903838948530143,-0.18700753900774347,-1.0095592886698566,-0.7638259829789712,-0.26922194417304923,2.4491139415421133,-0.1177555835995132
CERT000628,0.17266412726865338,0,54.23909940638889,0.24597207303974222,1,-0.42208568854919326,0.0,-0.2002727678115297,-0.18700753900774347,1.7418325813368452,0.6778913827617145,3.7114168018141793,-0.45605779745574376,-0.1177555835995132
CERT000629,0.24248444411125272,0,34.34814950305555,0.24597207303974222,0,1.579671796530448,0.0,-0.11923373027159977,-0.18700753900774347,0.7309245029287461,0.6778913827617145,-0.26922194417304923,1.7068137105166743,-0.1177555835995132
CERT000630,0.23389085093622974,0,39.981775782777774,0.12191192266380237,0,-0.4939916179377177,0.0,-0.12920814103635686,-0.18700753900774347,1.0172395529681098,-0.7638259829789712,-0.26922194417304923,-0.533751167950386,-0.1177555835995132
CERT000631,0.21016254075038301,0,34.05856795333333,0.12191192266380237,0,0.33571605732672477,0.0,-0.1567491134476523,-0.18700753900774347,0.7162072405860828,-0.7638259829789712,-0.26922194417304923,0.3627365955031856,-0.1177555835995132
CERT000632,1.1243670666574184,0,5.32166729,0.12191192266380237,0,2.980868437461311,0.0,0.9043496933820522,-0.18700753900774347,-0.7442742934861761,-0.7638259829789712,-0.26922194417304923,3.220787463243992,-0.1177555835995132
CERT000633,0.1583331136824903,0,13.940517089166667,0.00322234156820623,0,0.13130107765444546,0.0,-0.21690648705706783,-0.18700753900774347,-0.30624267956594314,-2.1431313415447355,-0.26922194417304923,0.14186901357512613,-0.1177555835995132
CERT000634,0.2541126461211477,0,29.062115267777777,0.24597207303974222,0,-0.29582119283712804,0.0,-0.10573711006395814,-0.18700753900774347,0.46227495440775856,0.6778913827617145,-0.26922194417304923,-0.31963074159124866,-0.1177555835995132
CERT000635,0.3860338573155986,0,10.438962565277777,0.24597207303974222,0,-0.3582900741204934,0.0,0.047381186583148896,-0.18700753900774347,-0.4842004831091772,0.6778913827617145,-0.26922194417304923,-0.3871275110399848,-0.1177555835995132
CERT000636,0.1735741608904484,0,2.2726555205555554,0.04484425349087003,0,0.7088262227459365,0.0,-0.199216510089218,-0.18700753900774347,-0.899232736590808,-1.659438285939094,-0.26922194417304923,0.765877011929795,-0.1177555835995132
CERT000637,0.15182262307403233,0,45.09212854416667,0.24597207303974222,0,-0.23998707512343487,0.0,-0.22446308256796477,-0.18700753900774347,1.276960527336329,0.6778913827617145,-0.26922194417304923,-0.25930274318193064,-0.1177555835995132
CERT000638,0.34357299926700874,0,3.5963693158333334,0.04484425349087003,0,0.9726573775988697,0.0,-0.0019022773852910902,-0.18700753900774347,-0.8319582737999536,-1.659438285939094,-0.26922194417304923,1.0509429562313173,-0.1177555835995132
CERT000639,0.14746978017933127,0,49.14748949055556,0.24597207303974222,0,-0.1596126478311065,0.0,-0.22951533977190047,-0.18700753900774347,1.483064165497834,0.6778913827617145,-0.26922194417304923,-0.17245927685001314,-0.1177555835995132
CERT000640,0.34796054724785236,0,30.804688584444445,0.24597207303974222,0,1.1993659851983411,0.0,0.0031902613141450474,-0.18700753900774347,0.5508369110562705,0.6778913827617145,-0.26922194417304923,1.2958984973714505,-0.1177555835995132
CERT000641,0.10628302994715208,0,9.762908671944444,0.12191192266380237,0,-1.1953587288646432,0.0,-0.27731997242256246,-0.18700753900774347,-0.5185592415159531,-0.7638259829789712,-0.26922194417304923,-1.291568711863516,-0.1177555835995132
CERT000642,0.13325440355667237,0,1.9866045727777777,0.24597207303974222,0,-1.6145013600107219,0.0,-0.24601484151957845,-0.18700753900774347,-0.9137705648669925,0.6778913827617145,-0.26922194417304923,-1.7444465761600387,-0.1177555835995132
CERT000643,0.17822136945767256,0,14.02641304111111,0.010472610096670247,0,0.8190404956010404,0.0,-0.1938225885694379,-0.18700753900774347,-0.301877231352299,-2.058875131858591,-0.26922194417304923,0.8849620221305776,-0.1177555835995132
CERT000644,0.11248088685015291,0,45.22749507361111,0.24597207303974222,0,-0.8297787976228256,0.0,-0.2701262445659316,-0.18700753900774347,1.283840194663756,0.6778913827617145,-0.26922194417304923,-0.8965646101863419,-0.1177555835995132
CERT000645,0.13333333333333333,0,49.00488636111111,0.24597207303974222,0,-0.8188659361699518,0.0,-0.2459232293152359,-0.18700753900774347,1.47581671596615,0.6778913827617145,-0.26922194417304923,-0.8847734130594171,-0.1177555835995132
CERT000646,0.2874786493233478,0,9.006630800555556,0.24597207303974222,0,-0.4678123373671111,0.0,-0.06700986120090567,-0.18700753900774347,-0.5569951841644332,0.6778913827617145,-0.26922194417304923,-0.5054648143499008,-0.1177555835995132
CERT000647,0.14808510638297873,0,1.4086688569444443,0.12191192266380237,0,-0.41525428990608926,0.0,-0.22880114302270635,-0.18700753900774347,-0.9431427108316545,-0.7638259829789712,-0.26922194417304923,-0.44867656491638686,-0.1177555835995132
CERT000648,0.35491394034949414,0,1.1578095141666667,0.24597207303974222,0,0.6176518676675623,0.0,0.011260924841269478,-0.18700753900774347,-0.9558920132727463,0.6778913827617145,-0.26922194417304923,0.6673643717490438,-0.1177555835995132
CERT000649,0.3059626073774634,0,12.727209936666666,0.24597207303974222,0,0.3832746286939929,0.0,-0.04555590283502159,-0.18700753900774347,-0.36790599921700884,0.6778913827617145,-0.26922194417304923,0.41412297958659255,-0.1177555835995132
CERT000650,0.32297678988087924,0,28.58108182638889,0.24597207303974222,0,1.1430169827846914,0.0,-0.02580788339085482,-0.18700753900774347,0.4378276256352406,0.6778913827617145,-0.26922194417304923,1.2350141731056152,-0.1177555835995132
CERT000651,0.4316753681182981,0,9.342790505555556,0.12191192266380237,0,1.408310991310063,0.0,0.10035637023431182,-0.18700753900774347,-0.5399107028766473,-0.7638259829789712,-0.26922194417304923,1.5216607107367655,-0.1177555835995132
CERT000652,0.12157514214183766,1,5.426235139722222,0.24597207303974222,0,-1.2932391364532658,0.0,-0.25957072535163195,5.343072543078385,-0.7389598924877481,0.6778913827617145,-0.26922194417304923,-1.3973271498062303,-0.1177555835995132
CERT000653,0.27829627596303413,0,23.258975704444445,0.24597207303974222,0,-0.3816664507858912,0.0,-0.0776676572852411,-0.18700753900774347,0.16734481315189972,0.6778913827617145,-0.26922194417304923,-0.41238536541349224,-0.1177555835995132
CERT000654,0.23941445737173372,0,26.859203638333334,0.24597207303974222,0,-1.0705315429557012,0.0,-0.1227970021368912,-0.18700753900774347,0.35031744744870963,0.6778913827617145,-0.26922194417304923,-1.1566946495281951,-0.1177555835995132
CERT000655,0.42568243532942684,0,4.8877083125,0.00644468313641246,0,1.6833688475457906,0.0,0.09340049367553775,-0.18700753900774347,-0.7663291796622734,-2.1056841372397823,-0.26922194417304923,1.8188569519050903,-0.1177555835995132
CERT000656,0.13574893429369395,0,15.6792072375,0.24597207303974222,0,-1.0019659836049042,0.0,-0.24311948986287182,-0.18700753900774347,-0.21787807529411835,0.6778913827617145,-0.26922194417304923,-1.0826105030452207,-0.1177555835995132
CERT000657,0.1956102267245538,0,14.979472858611112,0.24597207303974222,0,1.8915356656807278,0.0,-0.17363969166273846,-0.18700753900774347,-0.2534403355077499,0.6778913827617145,-0.26922194417304923,2.043778343834552,-0.1177555835995132
CERT000658,0.38969689562454163,0,27.95057835722222,0.07357679914070892,0,1.5081811306881683,0.0,0.05163280147767657,-0.18700753900774347,0.4057838542948832,-1.3255340475532642,-0.26922194417304923,1.6295690265882954,-0.1177555835995132
CERT000659,0.2577674075893405,0,8.300027294722222,0.12191192266380237,0,-0.15710872487401153,0.0,-0.10149510193202624,-0.18700753900774347,-0.5929065506778392,-0.7638259829789712,-0.26922194417304923,-0.16975382243686613,-0.1177555835995132
CERT000660,0.1930303692374918,0,13.7528809275,0.24597207303974222,0,1.5562744646551605,0.0,-0.17663408036213385,-0.18700753900774347,-0.3157788210047457,0.6778913827617145,-0.26922194417304923,1.6815332143262876,-0.1177555835995132
CERT000661,0.13395665598938045,0,9.186670125277779,0.07357679914070892,0,-0.7423984261996972,0.0,-0.24519975124456533,-0.18700753900774347,-0.547845133077012,-1.3255340475532642,-0.26922194417304923,-0.8021513173095515,-0.1177555835995132
CERT000662,0.2572780406345672,0,0.7823826825,0.24597207303974222,0,-0.5707778371273741,0.0,-0.10206310031433205,-0.18700753900774347,-0.9749721486522733,0.6778913827617145,-0.26922194417304923,-0.6167176246406305,-0.1177555835995132
CERT000663,0.15352985829959515,0,1.114731321388889,0.24597207303974222,0,-0.22216045551770322,0.0,-0.22248152897739923,-0.18700753900774347,-0.9580813553249817,0.6778913827617145,-0.26922194417304923,-0.24004132519494334,-0.1177555835995132
CERT000664,0.12035697057404728,0,2.3162074727777777,0.12191192266380237,0,-0.7856818118010394,0.0,-0.2609846325906207,-0.18700753900774347,-0.8970193168926112,-0.7638259829789712,-0.26922194417304923,-0.8489184218082275,-0.1177555835995132
CERT000665,0.2522416234072676,0,4.7867312163888895,0.24597207303974222,0,-1.4521496271487757,0.0,-0.10790876849813587,-0.18700753900774347,-0.7714610895353059,0.6778913827617145,-0.26922194417304923,-1.5690277555015102,-0.1177555835995132
CERT000666,0.17897271268057785,0,16.486903381666668,0.04484425349087003,0,-0.3568868087405403,0.0,-0.19295051960155196,-0.18700753900774347,-0.17682892676148207,-1.659438285939094,-0.26922194417304923,-0.3856113020431173,-0.1177555835995132
CERT000667,1.2366036420667421,0,15.937668913888889,0.12191192266380237,0,1.7831487108659485,0.0,1.0346204291688013,-0.18700753900774347,-0.20474240314722697,-0.7638259829789712,-0.26922194417304923,1.926667725714169,-0.1177555835995132
CERT000668,0.21601795248781244,0,31.15393030166667,0.24597207303974222,0,-0.28576051918434237,0.0,-0.14995285480747703,-0.18700753900774347,0.568586253092364,0.6778913827617145,-0.26922194417304923,-0.3087603216943283,-0.1177555835995132
CERT000669,0.15393772553104423,1,4.449442706111111,0.24597207303974222,0,-0.3265389046474131,0.0,-0.22200812568484152,5.343072543078385,-0.7886029395450384,0.6778913827617145,-0.26922194417304923,-0.35282080790037007,-0.1177555835995132
CERT000670,0.22463443748134887,0,29.549161625555556,0.008592910848549946,0,-0.3836234589218084,0.0,-0.13995187396936937,-0.18700753900774347,0.4870278747071701,-2.080719334369814,-0.26922194417304923,-0.41449988586344433,-0.1177555835995132
CERT000671,0.42930642623442145,0,58.254876472499994,0.12191192266380237,0,0.8616911978268254,0.0,0.09760678703361998,-0.18700753900774347,1.945924467191798,-0.7638259829789712,-0.26922194417304923,0.9310455209193912,-0.1177555835995132
CERT000672,0.19201247301511154,0,17.048854823055557,0.24597207303974222,1,-0.8818914150581454,0.0,-0.17781553203562295,-0.18700753900774347,-0.14826914180732542,0.6778913827617145,3.7114168018141793,-0.9528715785862805,-0.1177555835995132
CERT000673,0.2826746778989099,0,1.9756400372222223,0.04484425349087003,0,0.0,0.0,-0.07258573421625482,-0.18700753900774347,-0.9143278101279263,-1.659438285939094,-0.26922194417304923,-1.8544243495148533e-17,-0.1177555835995132
CERT000674,0.1766738347790369,0,24.44929814611111,0.24597207303974222,0,0.7917845684451674,0.0,-0.1956187809470666,-0.18700753900774347,0.22783999201661725,0.6778913827617145,-0.26922194417304923,0.8555123666612169,-0.1177555835995132
CERT000675,0.18106431213459015,0,1.5414267691666665,0.24597207303974222,0,-0.1619345215979987,0.0,-0.1905228421813203,-0.18700753900774347,-0.9363956199893239,0.6778913827617145,-0.26922194417304923,-0.1749680296100009,-0.1177555835995132
CERT000676,0.1866156307846767,0,26.549230768888886,0.04484425349087003,0,-0.36945072161493847,0.0,-0.18407953827173396,-0.18700753900774347,0.3345638469755508,-1.659438285939094,-0.26922194417304923,-0.3991864375863734,-0.1177555835995132
CERT000677,0.3408360128617363,0,42.552716862500006,0.01933404940923738,0,0.3797100855182436,0.0,-0.005079042459892151,-0.18700753900774347,1.147901241788054,-1.955895320019971,-0.26922194417304923,0.4102715395738884,-0.1177555835995132
CERT000678,4.568569903948773,0,11.898926964166666,0.24597207303974222,0,2.2612759365712694,0.0,4.901966657160873,-0.18700753900774347,-0.4100014221192507,0.6778913827617145,-0.26922194417304923,2.4432776354419663,-0.1177555835995132
CERT000679,0.3947654179042509,0,23.46387694722222,0.24597207303974222,0,-0.3177178956257793,0.0,0.05751573335011864,-0.18700753900774347,0.177758409415857,0.6778913827617145,-0.26922194417304923,-0.3432898286350669,-0.1177555835995132
CERT000680,0.14454868974441928,0,43.49591633805556,0.008592910848549946,0,-0.6206548015954604,0.0,-0.2329057906910222,-0.18700753900774347,1.1958370102668439,-2.080719334369814,-0.26922194417304923,-0.6706090006720705,-0.1177555835995132
CERT000681,3.578815823493924,0,14.454449648888888,0.24597207303974222,0,2.0400987929051424,0.0,3.753179001812656,-0.18700753900774347,-0.28012333489386787,0.6778913827617145,-0.26922194417304923,2.204298765216258,-0.1177555835995132
CERT000682,0.16604131534569982,0,27.91956059416667,0.24597207303974222,0,-0.29035400884280993,0.0,-0.20795973241316654,-0.18700753900774347,0.40420745360012544,0.6778913827617145,-0.26922194417304923,-0.31372352426932465,-0.1177555835995132
CERT000683,0.18088111298482293,0,7.613442023055556,0.12191192266380237,0,-0.27374280066554463,0.0,-0.19073547774997202,-0.18700753900774347,-0.6278005402065916,-0.7638259829789712,-0.26922194417304923,-0.2957753416610922,-0.1177555835995132
CERT000684,0.2309478077024058,0,15.007565939166666,0.24597207303974222,0,1.2880709319139674,0.0,-0.1326240721276632,-0.18700753900774347,-0.25201257453006937,0.6778913827617145,-0.26922194417304923,1.3917429756848694,-0.1177555835995132
CERT000685,0.21937897643151535,0,13.832682816666667,0.07357679914070892,0,0.8076683532493742,0.0,-0.14605178191260068,-0.18700753900774347,-0.311723088381474,-1.3255340475532642,-0.26922194417304923,0.8726745782916719,-0.1177555835995132
CERT000686,0.20466551668373673,0,17.464409735,0.022556390977443608,0,-0.7587747263735505,0.0,-0.16312939872620677,-0.18700753900774347,-0.1271495965091692,-1.9184481157150182,-0.26922194417304923,-0.8198456850419252,-0.1177555835995132
CERT000687,0.23667797020709702,0,20.696980086666667,0.022556390977443608,0,-0.30135918857223193,0.0,-0.12597318775292704,-0.18700753900774347,0.03713775519617682,-1.9184481157150182,-0.26922194417304923,-0.3256144700278891,-0.1177555835995132
CERT000688,0.13413906296627873,0,5.411790154999999,0.24597207303974222,0,-0.4244751896121723,0.0,-0.24498803513503048,-0.18700753900774347,-0.7396940229249139,0.6778913827617145,-0.26922194417304923,-0.45863962058162633,-0.1177555835995132
CERT000689,0.32731472676556356,0,53.4245889,0.24597207303974222,0,0.21052964416248224,0.0,-0.020772927292957353,-0.18700753900774347,1.7004371097852924,0.6778913827617145,-0.26922194417304923,0.22747439304541336,-0.1177555835995132
CERT000690,0.14349421310106192,0,41.52585720027778,0.24597207303974222,0,-1.3474411137182032,0.0,-0.23412970052343765,-0.18700753900774347,1.0957136523075788,0.6778913827617145,-0.26922194417304923,-1.4558916428459243,-0.1177555835995132
CERT000691,0.18906534429728203,0,26.632605683333335,0.24597207303974222,0,1.4256085655642767,0.0,-0.1812362050660477,-0.18700753900774347,0.3388011697257505,0.6778913827617145,-0.26922194417304923,1.5403505024774404,-0.1177555835995132
CERT000692,0.11323167732415149,0,44.02201840027778,0.24597207303974222,0,-1.5715549049656083,0.0,-0.26925481716258487,-0.18700753900774347,1.222574839649164,0.6778913827617145,-0.26922194417304923,-1.698043520506272,-0.1177555835995132
CERT000693,0.3342266199409057,0,1.6882885383333335,0.04484425349087003,0,0.6160840331697314,0.0,-0.012750431895646532,-0.18700753900774347,-0.9289317356810632,-1.659438285939094,-0.26922194417304923,0.6656703480774202,-0.1177555835995132
CERT000694,0.17765877489665538,0,39.026887871111114,0.0378625134264232,0,0.6020728375903726,0.0,-0.19447558076156463,-0.18700753900774347,0.9687097487823226,-1.7405738952664918,-0.26922194417304923,0.6505314434213356,-0.1177555835995132
CERT000695,1.2934664684373367,0,0.6261938283333334,0.24597207303974222,0,2.0378817587183824,0.0,1.1006199681176363,-0.18700753900774347,-0.9829100588678094,0.6778913827617145,-0.26922194417304923,2.201903290184699,-0.1177555835995132
CERT000696,0.1764732242885951,0,61.862563253888894,0.24597207303974222,0,-0.4210256354974192,0.0,-0.19585162550866414,-0.18700753900774347,2.129276178869528,0.6778913827617145,-0.26922194417304923,-0.4549124246722219,-0.1177555835995132
CERT000697,0.1480247704462951,1,0.4993021363888889,0.24597207303974222,0,-0.5478453239052946,0.0,-0.22887117373094465,5.343072543078385,-0.9893590136483962,0.6778913827617145,-0.26922194417304923,-0.591939358629919,-0.1177555835995132
CERT000698,0.1773014023385703,0,21.185305183333334,0.12191192266380237,0,-0.4160393672186846,0.0,-0.19489037590229258,-0.18700753900774347,0.06195566422057305,-0.7638259829789712,-0.26922194417304923,-0.4495248301850942,-0.1177555835995132
CERT000699,0.3448728917135175,0,53.06643822166667,0.24597207303974222,0,0.8878767349498199,0.0,-0.000393518365936121,-0.18700753900774347,1.6822349919490882,0.6778913827617145,-0.26922194417304923,0.9593386346389213,-0.1177555835995132
CERT000700,0.21705825360300351,0,15.02513019611111,0.24597207303974222,0,-0.5632466550829253,0.0,-0.14874539822550742,-0.18700753900774347,-0.2511199148369594,0.6778913827617145,-0.26922194417304923,-0.6085802857338429,-0.1177555835995132
CERT000701,0.1981224057720701,0,12.498165353055557,0.24597207303974222,0,0.8662433974721921,0.0,-0.1707238559669817,-0.18700753900774347,-0.3795466207566211,0.6778913827617145,-0.26922194417304923,0.935964110201536,-0.1177555835995132
CERT000702,0.31894559966393615,0,23.945934215555557,0.24597207303974222,0,0.2575013324677661,0.0,-0.030486804800763555,-0.18700753900774347,0.20225777164751416,0.6778913827617145,-0.26922194417304923,0.27822665802960933,-0.1177555835995132
CERT000703,0.11818756742680704,0,42.72502739138889,0.12191192266380237,1,-0.35784259933205215,0.0,-0.26350261519280194,-0.18700753900774347,1.1566584960416257,-0.7638259829789712,3.7114168018141793,-0.38664402066831416,-0.1177555835995132
CERT000704,0.3332315210751375,0,8.487716739166666,0.12191192266380237,0,-0.3889583132016038,0.0,-0.013905423135814172,-0.18700753900774347,-0.5833677012743211,-0.7638259829789712,-0.26922194417304923,-0.42026412274376507,-0.1177555835995132
CERT000705,0.34317746786983866,0,12.221407892777778,0.24597207303974222,0,-0.30833899978352225,0.0,-0.0023613627230982407,-0.18700753900774347,-0.39361213063494166,0.6778913827617145,-0.26922194417304923,-0.333156060311652,-0.1177555835995132
CERT000706,0.3560269692484789,0,10.221688907222223,0.24597207303974222,0,1.6449934754555429,0.0,0.012552795099194432,-0.18700753900774347,-0.4952428766208531,0.6778913827617145,-0.26922194417304923,1.7773928886903925,-0.1177555835995132
CERT000707,0.26893580761219466,0,5.959918845555555,0.03571428571428571,0,-0.9559698313115678,0.0,-0.08853216464325105,-0.18700753900774347,-0.7118367449174413,-1.7655386981364607,-0.26922194417304923,-1.0329122913421884,-0.1177555835995132
CERT000708,0.14111079988795966,1,5.4004253491666665,0.24597207303974222,0,-1.0615479342155552,0.0,-0.2368960803049157,5.343072543078385,-0.740271610927613,0.6778913827617145,-0.26922194417304923,-1.1469879834971395,-0.1177555835995132
CERT000709,0.2699450798609362,0,29.30503674388889,0.24597207303974222,0,-0.5304789772389712,0.0,-0.08736072264251993,-0.18700753900774347,0.47462083450966325,0.6778913827617145,-0.26922194417304923,-0.5731752592411918,-0.1177555835995132
CERT000710,0.2982461500855536,0,56.40099880277777,0.0378625134264232,0,0.2426248549929543,0.0,-0.05451223962111891,-0.18700753900774347,1.8517057435104056,-1.7405738952664918,-0.26922194417304923,0.26215282815306773,-0.1177555835995132
CERT000711,0.41807325345505264,0,2.599650223333333,0.24597207303974222,0,1.1848683577814731,0.0,0.08456866930906144,-0.18700753900774347,-0.8826140437560673,0.6778913827617145,-0.26922194417304923,1.2802340097864842,-0.1177555835995132
CERT000712,0.15751876664783276,0,4.702668467222222,0.24597207303974222,0,0.3724296293268024,0.0,-0.2178516832821282,-0.18700753900774347,-0.7757333697752526,0.6778913827617145,-0.26922194417304923,0.40240510651250133,-0.1177555835995132
CERT000713,0.17740219472900265,0,3.25768869,0.022556390977443608,0,0.44960744433954525,0.0,-0.1947733882018443,-0.18700753900774347,-0.8491708746218907,-1.9184481157150182,-0.26922194417304923,0.48579467711874597,-0.1177555835995132
CERT000714,0.15728826579604377,0,0.5301311536111111,0.07357679914070892,0,0.7956407373631375,0.0,-0.21811922098498945,-0.18700753900774347,-0.9877922054913807,-1.3255340475532642,-0.26922194417304923,0.859678904288663,-0.1177555835995132
CERT000715,0.1705498883322267,0,0.37085018416666665,0.24597207303974222,0,-0.23953684028823302,0.0,-0.20272672242367673,-0.18700753900774347,-0.995887264778674,0.6778913827617145,-0.26922194417304923,-0.25881627061759005,-0.1177555835995132
CERT000716,0.338377045505492,0,30.64514143666667,0.24597207303974222,0,0.6211935797366788,0.0,-0.007933116415777748,-0.18700753900774347,0.5427283239169255,0.6778913827617145,-0.26922194417304923,0.6711911430641662,-0.1177555835995132
CERT000717,0.13902458882918092,0,2.484165088611111,0.24597207303974222,1,-0.39107904333861193,0.0,-0.23931750352317066,-0.18700753900774347,-0.8884832886234117,0.6778913827617145,3.7114168018141793,-0.4225555425704035,-0.1177555835995132
CERT000718,0.3243978933664714,0,94.33658489361112,0.24597207303974222,0,0.7311937689735728,0.0,-0.024158437156220108,-0.18700753900774347,3.779687595797044,0.6778913827617145,-0.26922194417304923,0.790044838851689,-0.1177555835995132
CERT000719,0.11502374880086105,0,22.6066238875,0.24597207303974222,0,-1.4060199465733279,0.0,-0.26717479584153153,-0.18700753900774347,0.13419065385240705,0.6778913827617145,-0.26922194417304923,-1.5191852683210336,-0.1177555835995132
CERT000720,0.11068787810889537,0,8.203357855,0.24597207303974222,0,-0.4393333752621753,0.0,-0.27220735375109556,-0.18700753900774347,-0.597819534624071,0.6778913827617145,-0.26922194417304923,-0.47469368639233944,-0.1177555835995132
CERT000721,0.1863873077388882,0,1.2264507722222222,0.24597207303974222,1,-0.9726478951683147,0.0,-0.18434454823897026,-0.18700753900774347,-0.9524034919795109,0.6778913827617145,3.7114168018141793,-1.0509327105951567,-0.1177555835995132
CERT000722,0.1493614160878333,0,72.27198873472223,0.07357679914070892,0,-0.4285707189835755,0.0,-0.22731975601729562,-0.18700753900774347,2.658309350301833,-1.3255340475532642,-0.26922194417304923,-0.46306478389611233,-0.1177555835995132
CERT000723,0.12906547365431045,0,24.82573733388889,0.24597207303974222,0,-0.7201782919168509,0.0,-0.2508768482099079,-0.18700753900774347,0.24697157787869647,0.6778913827617145,-0.26922194417304923,-0.7781427669722076,-0.1177555835995132
CERT000724,0.19600339106212913,0,4.047177273333333,0.12191192266380237,0,-0.6840919854306059,0.0,-0.17318335372339685,-0.18700753900774347,-0.8090470801032145,-0.7638259829789712,-0.26922194417304923,-0.7391520077474685,-0.1177555835995132
CERT000725,0.1934919332786437,0,0.29935159916666665,0.24597207303974222,0,-0.35289887023182764,0.0,-0.176098352262499,-0.18700753900774347,-0.9995210026103265,0.6778913827617145,-0.26922194417304923,-0.38130238918013004,-0.1177555835995132
CERT000726,0.21148921117792713,0,5.752547645277778,0.24597207303974222,0,0.6067746769715325,0.0,-0.15520927376426566,-0.18700753900774347,-0.7223758706308322,0.6778913827617145,-0.26922194417304923,0.6556117163856549,-0.1177555835995132
CERT000727,0.3668519454269833,0,22.98146018583333,0.24597207303974222,0,1.3188741136551103,0.0,0.02511712723873916,-0.18700753900774347,0.15324077684337858,0.6778913827617145,-0.26922194417304923,1.425025391082039,-0.1177555835995132
CERT000728,0.22486379395740463,0,48.93943490694444,0.24597207303974222,0,1.449945601064075,0.0,-0.1396856645204061,-0.18700753900774347,1.47249030852547,0.6778913827617145,-0.26922194417304923,1.5666463355458167,-0.1177555835995132
CERT000729,0.17223953905733447,1,6.942020856666667,0.24597207303974222,0,0.30560494377750996,0.0,-0.20076557880913165,5.343072543078385,-0.661923851783731,0.6778913827617145,-0.26922194417304923,0.3302019502954881,-0.1177555835995132
CERT000730,0.21657576544599313,0,18.075067519166666,0.24597207303974222,0,1.7028615891019894,0.0,-0.14930541252559548,-0.18700753900774347,-0.0961144327710402,0.6778913827617145,-0.26922194417304923,1.8399185918082352,-0.1177555835995132
CERT000731,0.23131046613896217,0,16.74629682388889,0.24597207303974222,0,-0.35477280810073547,0.0,-0.13220314177410267,-0.18700753900774347,-0.1636458999325529,0.6778913827617145,-0.26922194417304923,-0.3833271533459101,-0.1177555835995132
CERT000732,0.13558671019781063,0,10.355273790833333,0.24597207303974222,0,-0.26835220135916543,0.0,-0.2433077801083287,-0.18700753900774347,-0.48845375701359656,0.6778913827617145,-0.26922194417304923,-0.28995087304410605,-0.1177555835995132
CERT000733,0.24559381778741865,0,30.397150859444444,0.24597207303974222,0,-0.6362692264223652,0.0,-0.11562474278108842,-0.18700753900774347,0.5301248193532232,0.6778913827617145,-0.26922194417304923,-0.687480172541397,-0.1177555835995132
CERT000734,0.17962689713322091,0,9.721317915277778,0.24597207303974222,0,-0.2751467309021175,0.0,-0.19219122086426188,-0.18700753900774347,-0.5206729883257217,0.6778913827617145,-0.26922194417304923,-0.2972922690264187,-0.1177555835995132
CERT000735,0.22370000923616884,0,23.137880205277778,0.12191192266380237,0,-1.7171835944035398,0.0,-0.14103644604042181,-0.18700753900774347,0.1611904354594633,-0.7638259829789712,-0.26922194417304923,-1.8553933221063068,-0.1177555835995132
CERT000736,0.13424490179494408,0,48.098301426111114,0.0378625134264232,0,-0.5157620951774414,0.0,-0.24486519013521862,-0.18700753900774347,1.429741790484537,-1.7405738952664918,-0.26922194417304923,-0.5572738700198064,-0.1177555835995132
CERT000737,0.16997722672064777,0,9.076877172222222,0.24597207303974222,1,0.375632232033166,0.0,-0.20339139923892297,-0.18700753900774347,-0.5534250869623487,0.6778913827617145,3.7114168018141793,0.4058654748121475,-0.1177555835995132
CERT000738,0.13333333333333333,0,6.838054833888889,0.24597207303974222,0,-0.25599019637470727,0.0,-0.2459232293152359,-0.18700753900774347,-0.6672076664238957,0.6778913827617145,-0.26922194417304923,-0.2765938962067077,-0.1177555835995132
CERT000739,0.26571840857555146,0,5.889762890555556,0.24597207303974222,0,-0.5712273993113689,0.0,-0.09226653499707306,-0.18700753900774347,-0.7154022469172252,0.6778913827617145,-0.26922194417304923,-0.6172033704145675,-0.1177555835995132
CERT000740,0.19791516894320632,0,23.336434131111112,0.07357679914070892,0,0.907926012823733,0.0,-0.17096439158631738,-0.18700753900774347,0.17128144511963658,-1.3255340475532642,-0.26922194417304923,0.9810016044003074,-0.1177555835995132
CERT000741,0.10541813898704358,0,8.612442077222221,0.24597207303974222,0,-0.3794929334403813,0.0,-0.2783238339653593,-0.18700753900774347,-0.5770288460444152,0.6778913827617145,-0.26922194417304923,-0.41003690973205886,-0.1177555835995132
CERT000742,0.2410914274078599,0,31.885814649166665,0.07357679914070892,0,-0.5338257900745629,0.0,-0.12085057674301428,-0.18700753900774347,0.6057824555333644,-1.3255340475532642,-0.26922194417304923,-0.5767914446075874,-0.1177555835995132
CERT000743,0.11239749155812832,0,12.075699768611111,0.24597207303974222,0,-1.068849044996226,0.0,-0.2702230398041467,-0.18700753900774347,-0.40101738380412744,0.6778913827617145,-0.26922194417304923,-1.1548767335589059,-0.1177555835995132
CERT000744,0.31071293315659915,0,5.679249811666667,0.24597207303974222,0,-0.35376684013967113,0.0,-0.0400422952412588,-0.18700753900774347,-0.7261010508000743,0.6778913827617145,-0.26922194417304923,-0.3822402187611082,-0.1177555835995132
CERT000745,0.11358592630264921,1,13.165317082777777,0.12191192266380237,0,-1.2839368915154556,0.0,-0.2688436474978628,5.343072543078385,-0.3456402926839176,-0.7638259829789712,-0.26922194417304923,-1.387276201733782,-0.1177555835995132
CERT000746,0.2698359717718863,0,10.15285317,0.24597207303974222,0,-0.6029702676911102,0.0,-0.0874873622071091,-0.18700753900774347,-0.49874128183424415,0.6778913827617145,-0.26922194417304923,-0.6515011043366813,-0.1177555835995132
CERT000747,0.36132458759606445,0,14.2830336275,0.24597207303974222,0,0.656815903759631,0.0,0.018701634170063163,-0.18700753900774347,-0.28883512802756645,0.6778913827617145,-0.26922194417304923,0.7096805756009649,-0.1177555835995132
CERT000748,0.24136931598608785,0,4.658086396111111,0.04484425349087003,0,-1.4285422854594185,0.0,-0.12052803705913258,-0.18700753900774347,-0.7779991427050227,-1.659438285939094,-0.26922194417304923,-1.5435203465873635,-0.1177555835995132
CERT000749,0.27392980914726417,0,99.68211740944444,0.24597207303974222,0,-0.29216359360994465,0.0,-0.08273572750035854,-0.18700753900774347,4.051360996509973,0.6778913827617145,-0.26922194417304923,-0.3156787557912594,-0.1177555835995132
CERT000750,0.14817855310415598,0,27.46703421861111,0.07357679914070892,0,0.28912671231682685,0.0,-0.22869268129282708,-0.18700753900774347,0.38120892557783187,-1.3255340475532642,-0.26922194417304923,0.3123974472057104,-0.1177555835995132
CERT000751,0.23881383539331225,0,34.89466318583334,0.07357679914070892,0,-0.41424489975784956,0.0,-0.12349413198759546,-0.18700753900774347,0.7586997021809467,-1.3255340475532642,-0.26922194417304923,-0.4475859327052782,-0.1177555835995132
CERT000752,0.23392127057343537,0,56.59276272138889,0.12191192266380237,0,-0.8340245306703541,0.0,-0.129172833575249,-0.18700753900774347,1.8614516679339892,-0.7638259829789712,-0.26922194417304923,-0.9011520665127964,-0.1177555835995132
CERT000753,0.22074589938605335,0,68.88575325444444,0.24597207303974222,0,-1.420529860638441,0.0,-0.14446522193068706,-0.18700753900774347,2.4862123504581355,0.6778913827617145,-0.26922194417304923,-1.5348630314609142,-0.1177555835995132
CERT000754,0.13409438496831985,0,4.395832769444445,0.24597207303974222,1,-0.47504022973546606,0.0,-0.2450398919887019,-0.18700753900774347,-0.7913275312977025,0.6778913827617145,3.7114168018141793,-0.5132744529213705,-0.1177555835995132
CERT000755,0.491395889008217,0,5.315705193888889,0.24597207303974222,0,1.471795772022546,0.0,0.16967277773805828,-0.18700753900774347,-0.7445773021987947,0.6778913827617145,-0.26922194417304923,1.5902551455853222,-0.1177555835995132
CERT000756,0.2036351396836082,0,23.374946097777777,0.24597207303974222,0,-0.6172979369082409,0.0,-0.16432533658741613,-0.18700753900774347,0.1732387200817635,0.6778913827617145,-0.26922194417304923,-0.6669819544178551,-0.1177555835995132
CERT000757,0.43891037250966763,0,8.331090083333333,0.24597207303974222,1,1.7283593941731379,0.0,0.10875389432168497,-0.18700753900774347,-0.5913278616711571,0.6778913827617145,3.7114168018141793,1.8674686204781805,-0.1177555835995132
CERT000758,0.3908154766411751,0,24.416956795277777,0.07357679914070892,0,-0.14577793722122162,0.0,0.05293111596689279,-0.18700753900774347,0.22619632326359457,-1.3255340475532642,-0.26922194417304923,-0.15751106178290514,-0.1177555835995132
CERT000759,0.2008510895153015,0,17.81874899916667,0.24597207303974222,0,1.0295659969116921,0.0,-0.16755672762522933,-0.18700753900774347,-0.1091411843225175,0.6778913827617145,-0.26922194417304923,1.1124319388814086,-0.1177555835995132
CERT000760,0.18459113665863158,0,38.04646869861111,0.12191192266380237,0,-0.00978159812548382,0.0,-0.18642932788740982,-0.18700753900774347,0.9188823817373557,-0.7638259829789712,-0.26922194417304923,-0.010568882617268538,-0.1177555835995132
CERT000761,0.14414363509227934,0,27.399938972222223,0.24597207303974222,0,-0.4084175773892457,0.0,-0.23337592947934213,-0.18700753900774347,0.37779897648405114,0.6778913827617145,-0.26922194417304923,-0.4412895908093356,-0.1177555835995132
CERT000762,0.1020868465430017,0,23.94469716861111,0.24597207303974222,0,-0.36194265317494473,0.0,-0.28219039810653607,-0.18700753900774347,0.20219490181195635,0.6778913827617145,-0.26922194417304923,-0.39107407261219007,-0.1177555835995132
CERT000763,0.37285339840925524,0,10.764519874166666,0.12191192266380237,0,1.3259847891349488,0.0,0.03208289301463613,-0.18700753900774347,-0.46765484224536774,-0.7638259829789712,-0.26922194417304923,1.4327083784131287,-0.1177555835995132
CERT000764,0.21418649753642938,0,2.4435998408333335,0.24597207303974222,0,-1.0605714670869193,0.0,-0.15207858773550734,-0.18700753900774347,-0.8905449164933965,0.6778913827617145,-0.26922194417304923,-1.1459329241571645,-0.1177555835995132
CERT000765,0.1761672652642381,0,24.58321345583333,0.24597207303974222,0,0.7414961991053802,0.0,-0.19620674599481783,-0.18700753900774347,0.2346459047095062,0.6778913827617145,-0.26922194417304923,0.8011764733084354,-0.1177555835995132
CERT000766,0.15681144252572826,0,0.45614685805555555,0.24597207303974222,0,-0.4066070378615176,0.0,-0.21867266016502243,-0.18700753900774347,-0.9915522733823522,0.6778913827617145,-0.26922194417304923,-0.4393333276816745,-0.1177555835995132
CERT000767,0.1494105950859253,0,7.610624519722222,0.24597207303974222,0,-0.42158049070964704,0.0,-0.22726267494329336,-0.18700753900774347,-0.6279437328089785,0.6778913827617145,-0.26922194417304923,-0.4555119381190418,-0.1177555835995132
CERT000768,0.2647368230130228,0,12.64674844,0.015843179377013964,0,-0.9151173458464519,0.0,-0.09340584161794874,-0.18700753900774347,-0.3719952547516331,-1.99646312468367,-0.26922194417304923,-0.9887717411002388,-0.1177555835995132
CERT000769,0.2647896908093395,0,52.34275942166666,0.24597207303974222,1,-0.5521242938806534,0.0,-0.09334447903003583,-0.18700753900774347,1.6454558160601536,0.6778913827617145,3.7114168018141793,-0.5965627270010405,-0.1177555835995132
CERT000770,0.2010156730069713,0,43.09628809527778,0.07357679914070892,0,-0.30737356789074494,0.0,-0.16736569887653505,-0.18700753900774347,1.1755268983341607,-1.3255340475532642,-0.26922194417304923,-0.33211292439267087,-0.1177555835995132
CERT000771,0.191230000846525,0,12.041409079444444,0.24597207303974222,0,-0.250012332366795,0.0,-0.17872373174469885,-0.18700753900774347,-0.40276012283173696,0.6778913827617145,-0.26922194417304923,-0.2701348961342125,-0.1177555835995132
CERT000772,0.1772312373225152,0,22.791564394444443,0.24597207303974222,0,-0.28288537279883014,0.0,-0.1949718150252759,-0.18700753900774347,0.14358979534155716,0.6778913827617145,-0.26922194417304923,-0.3056537654582082,-0.1177555835995132
CERT000773,0.25467553405884724,0,2.9294511625,0.24597207303974222,0,-0.44397261242264624,0.0,-0.10508377735541656,-0.18700753900774347,-0.8658527309333806,0.6778913827617145,-0.26922194417304923,-0.4797063185158108,-0.1177555835995132
CERT000774,0.19455722594096347,0,32.44687008472222,0.24597207303974222,0,0.14957650476131815,0.0,-0.17486188849440462,-0.18700753900774347,0.6342967032185812,0.6778913827617145,-0.26922194417304923,0.16161536191157763,-0.1177555835995132
CERT000775,0.28312591323625735,0,8.820450908611111,0.12191192266380237,0,-0.48279449058298596,0.0,-0.07206199443539588,-0.18700753900774347,-0.566457314315002,-0.7638259829789712,-0.26922194417304923,-0.5216528254152891,-0.1177555835995132
CERT000776,0.1142857142857143,0,15.619178068055556,0.24597207303974222,0,-1.2923369624692551,0.0,-0.26803141765998556,-0.18700753900774347,-0.22092890859400754,0.6778913827617145,-0.26922194417304923,-1.3963523631900718,-0.1177555835995132
CERT000777,0.22657497236890578,0,1.4484446294444444,0.015843179377013964,0,-0.7790144306090602,0.0,-0.13769953415322692,-0.18700753900774347,-0.9411212060799666,-1.99646312468367,-0.26922194417304923,-0.8417144078752664,-0.1177555835995132
CERT000778,0.13704454384493525,0,32.65839913805556,0.12191192266380237,0,-0.4687278648122555,0.0,-0.2416157019139166,-0.18700753900774347,0.6450471414767789,-0.7638259829789712,-0.26922194417304923,-0.5064540291976678,-0.1177555835995132
CERT000779,0.3384510696210607,0,18.39528444833333,0.24597207303974222,0,1.0531406795028109,0.0,-0.007847198113602849,-0.18700753900774347,-0.07984020343001869,0.6778913827617145,-0.26922194417304923,1.137904060087837,-0.1177555835995132
CERT000780,0.1398867766284596,0,34.66249027333333,0.24597207303974222,0,-0.3553141811319424,0.0,-0.23831677948478322,-0.18700753900774347,0.7469000911028222,0.6778913827617145,-0.26922194417304923,-0.38391209948104876,-0.1177555835995132
CERT000781,0.15112736136502133,1,73.23901590444446,0.24597207303974222,0,-0.033913348393221396,0.0,-0.2252700588505794,5.343072543078385,2.7074561020991665,0.6778913827617145,-0.26922194417304923,-0.036642907807946816,-0.1177555835995132
CERT000782,0.21935380421710896,0,12.5937352225,0.24597207303974222,0,-0.7713385421447119,0.0,-0.1460809987956011,-0.18700753900774347,-0.37468951973614123,0.6778913827617145,-0.26922194417304923,-0.8334207156664659,-0.1177555835995132
CERT000783,0.4119958341223253,0,14.058892991666667,0.24597207303974222,0,1.1061915730187106,0.0,0.07751473091801862,-0.18700753900774347,-0.30022651861296396,0.6778913827617145,-0.26922194417304923,1.195224822924127,-0.1177555835995132
CERT000784,0.241925580252978,0,11.600683619722222,0.24597207303974222,0,-0.4729584730622842,0.0,-0.11988239231208485,-0.18700753900774347,-0.4251588986447842,0.6778913827617145,-0.26922194417304923,-0.5110251433878646,-0.1177555835995132
CERT000785,0.18588157179936016,0,2.3778895444444443,0.12191192266380237,0,0.40259885821531427,0.0,-0.1849315457726695,-0.18700753900774347,-0.8938844789465193,-0.7638259829789712,-0.26922194417304923,0.43500254454724135,-0.1177555835995132
CERT000786,0.10861016949152542,0,13.782159088055556,0.24597207303974222,0,-1.3758322759161639,0.0,-0.2746189083566076,-0.18700753900774347,-0.3142908312822648,0.6778913827617145,-0.26922194417304923,-1.486567904208199,-0.1177555835995132
CERT000787,0.36618167518678724,0,2.9220934902777778,0.24597207303974222,0,1.3511441997873506,0.0,0.024339158051352068,-0.18700753900774347,-0.8662266663323369,0.6778913827617145,-0.26922194417304923,1.4598927765547909,-0.1177555835995132
CERT000788,0.35372517937593856,0,33.021564106666666,0.07357679914070892,0,0.2497749787383641,0.0,0.009881153887506102,-0.18700753900774347,0.6635040981504403,-1.3255340475532642,-0.26922194417304923,0.26987843879406337,-0.1177555835995132
CERT000789,0.41460213289581627,0,4.1665413525,0.24597207303974222,0,-0.28707659905079047,0.0,0.08053980948678759,-0.18700753900774347,-0.8029806975278349,0.6778913827617145,-0.26922194417304923,-0.3101823279396271,-0.1177555835995132
CERT000790,0.13942076397575293,0,1.3048666566666667,0.24597207303974222,0,-0.3306551468339148,0.0,-0.2388576709983797,-0.18700753900774347,-0.9484181996005319,0.6778913827617145,-0.26922194417304923,-0.357268351127488,-0.1177555835995132
CERT000791,0.2396039603960396,0,14.040571662777777,0.24597207303974222,0,-0.3408192369341285,0.0,-0.12257704978784537,-0.18700753900774347,-0.3011576546055113,0.6778913827617145,-0.26922194417304923,-0.36825051107746926,-0.1177555835995132
CERT000792,0.25609204926368123,0,43.98601866027778,0.005907626208378088,0,0.19644780902876302,0.0,-0.1034396566459788,-0.18700753900774347,1.2207452423617817,-2.1119253379572744,-0.26922194417304923,0.21225916331968336,-0.1177555835995132
CERT000793,0.36359549439296684,0,4.970926098888889,0.24597207303974222,0,0.21600128040569058,0.0,0.021337430016975908,-0.18700753900774347,-0.7620998425548651,0.6778913827617145,-0.26922194417304923,0.23338642096119944,-0.1177555835995132
CERT000794,0.13653744226546527,0,5.808914739722223,0.0378625134264232,0,-0.3725121100757461,0.0,-0.24220428451843085,-0.18700753900774347,-0.7195111531886184,-1.7405738952664918,-0.26922194417304923,-0.4024942258304887,-0.1177555835995132
CERT000795,0.3223394898856641,0,18.294017514166665,0.12191192266380237,0,0.8662333648819945,0.0,-0.02654758467798688,-0.18700753900774347,-0.08498684360166524,-0.7638259829789712,-0.26922194417304923,0.9359532701254273,-0.1177555835995132
CERT000796,0.1560876603764467,0,13.106373971111111,0.24597207303974222,1,-0.34909223235862674,0.0,-0.21951273954905887,-0.18700753900774347,-0.34863592979727426,0.6778913827617145,3.7114168018141793,-0.37718936916722506,-0.1177555835995132
CERT000797,0.14629819488762685,1,9.1987666575,0.24597207303974222,0,-0.9495610794865919,0.0,-0.23087517525717483,5.343072543078385,-0.5472303568997255,0.6778913827617145,-0.26922194417304923,-1.0259877228931011,-0.1177555835995132
CERT000798,0.3727603305785124,0,31.40059572777778,0.24597207303974222,0,0.904520581356149,0.0,0.031974871055263844,-0.18700753900774347,0.5811224101452712,0.6778913827617145,-0.26922194417304923,0.9773220824060148,-0.1177555835995132
CERT000799,0.13702667714642378,0,24.401745619166665,0.24597207303974222,0,-0.5212691266599022,0.0,-0.2416364394315456,-0.18700753900774347,0.22542325305389913,0.6778913827617145,-0.26922194417304923,-0.5632241420061492,-0.1177555835995132
CERT000800,0.186040393097578,0,21.50897714111111,0.24597207303974222,0,-0.9453650383423232,0.0,-0.1847472050860262,-0.18700753900774347,0.07840548680128782,0.6778913827617145,-0.26922194417304923,-1.0214539579865807,-0.1177555835995132
CERT000801,0.27747102058726736,0,19.7533730425,0.24597207303974222,0,-0.281360719501018,0.0,-0.07862551460243947,-0.18700753900774347,-0.01081872694402577,0.6778913827617145,-0.26922194417304923,-0.3040063984809628,-0.1177555835995132
CERT000802,0.3446348391826262,0,16.066421995833334,0.24597207303974222,0,0.33804246047749653,0.0,-0.0006698211508527623,-0.18700753900774347,-0.19819884784744873,0.6778913827617145,-0.26922194417304923,0.36525024220033353,-0.1177555835995132
CERT000803,0.13096640305120869,1,0.070216385,0.24597207303974222,0,-0.33407791249466495,0.0,-0.24867047769023132,5.343072543078385,-1.0111662302226105,0.6778913827617145,-0.26922194417304923,-0.36096660247975326,-0.1177555835995132
CERT000804,0.4165996784565916,0,1.7520216758333331,0.24597207303974222,0,1.4393007756764833,0.0,0.0828583204447417,-0.18700753900774347,-0.9256926574130994,0.6778913827617145,-0.26922194417304923,1.5551447477112408,-0.1177555835995132
CERT000805,0.12776538559988299,0,0.8556531788888888,0.24597207303974222,0,-0.4359532172858291,0.0,-0.2523858342674401,-0.18700753900774347,-0.9712483578293882,0.6778913827617145,-0.26922194417304923,-0.4710414720586965,-0.1177555835995132
CERT000806,0.3019023546627644,0,1.7256954675,0.24597207303974222,0,-0.3857442911361495,0.0,-0.050268556501573546,-0.18700753900774347,-0.9270306215026656,0.6778913827617145,-0.26922194417304923,-0.416791415983241,-0.1177555835995132
CERT000807,0.12566501305843822,0,12.708746788611112,0.24597207303974222,0,-0.997932429430669,0.0,-0.2548236944338112,-0.18700753900774347,-0.3688443428161286,0.6778913827617145,-0.26922194417304923,-1.0782523030812676,-0.1177555835995132
CERT000808,0.1729157938835358,0,19.12270141638889,0.0018796992481203006,0,0.2645786554859528,0.0,-0.19998066343312962,-0.18700753900774347,-0.04287104444303344,-2.1587343433384656,-0.26922194417304923,0.28587360848332244,-0.1177555835995132
CERT000809,0.023410450110166823,0,4.655901945,0.24597207303974222,0,-2.091837415054298,0.0,-0.3735085091142596,-0.18700753900774347,-0.7781101620020316,0.6778913827617145,-0.26922194417304923,-2.2602016368389446,-0.1177555835995132
CERT000810,0.21379860372647833,0,1.2569265805555556,0.24597207303974222,0,1.9765806239173092,0.0,-0.15252880827943577,-0.18700753900774347,-0.9508546347861687,0.6778913827617145,-0.26922194417304923,2.1356682547941146,-0.1177555835995132
CERT000811,0.13584836022355792,0,18.25416065611111,0.24597207303974222,0,-0.6604254109517224,0.0,-0.24300408818572314,-0.18700753900774347,-0.08701246932512917,0.6778913827617145,-0.26922194417304923,-0.7135805986166327,-0.1177555835995132
CERT000812,0.1391801265703221,0,18.664647682222224,0.24597207303974222,0,-0.7816807520001597,0.0,-0.23913697399518766,-0.18700753900774347,-0.06615048672529866,0.6778913827617145,-0.26922194417304923,-0.844595331569016,-0.1177555835995132
CERT000813,0.20565289256198346,0,16.648565773055555,0.24597207303974222,0,-0.6723824152035442,0.0,-0.16198337140233135,-0.18700753900774347,-0.16861283762426035,0.6778913827617145,-0.26922194417304923,-0.7264999777171144,-0.1177555835995132
CERT000814,0.13509958662157084,0,35.21024990638889,0.12191192266380237,0,-0.7850294913527361,0.0,-0.24387317464628924,-0.18700753900774347,0.7747386126803625,-0.7638259829789712,-0.26922194417304923,-0.8482135985105907,-0.1177555835995132
CERT000815,0.33552890287062526,0,5.160439066111111,0.24597207303974222,0,0.7404066505068408,0.0,-0.01123889829050592,-0.18700753900774347,-0.7524683171395843,0.6778913827617145,-0.26922194417304923,0.7999992309911732,-0.1177555835995132
CERT000816,0.33575826930412517,0,7.519176817777778,0.24597207303974222,0,0.5776535536172723,0.0,-0.010972677284137495,-0.18700753900774347,-0.632591334914296,0.6778913827617145,-0.26922194417304923,0.6241467420056172,-0.1177555835995132
CERT000817,0.36172415672170455,0,53.41730589083333,0.24597207303974222,0,1.0641076065750859,0.0,0.01916540601809907,-0.18700753900774347,1.7000669689505163,0.6778913827617145,-0.26922194417304923,1.1497536743749999,-0.1177555835995132
CERT000818,0.16740945326721487,0,41.608198990000005,0.24597207303974222,0,0.47589105628177525,0.0,-0.20637176224351794,-0.18700753900774347,1.099898469062199,0.6778913827617145,-0.26922194417304923,0.5141937593353368,-0.1177555835995132
CERT000819,0.30621252582254244,0,61.62315195527778,0.24597207303974222,0,-0.39927372687590457,0.0,-0.04526582752215328,-0.18700753900774347,2.11710869481249,0.6778913827617145,-0.26922194417304923,-0.4314097857401028,-0.1177555835995132
CERT000820,15.4428229480349,0,1.6599190799999999,0.24597207303974222,0,1.7888357513899926,0.0,17.523493463534862,-0.18700753900774347,-0.9303735428722029,0.6778913827617145,-0.26922194417304923,1.9328124950010692,-0.1177555835995132
CERT000821,0.34162990968283974,0,20.922012160555557,0.12191192266380237,0,0.7030577101422977,0.0,-0.004157582386411393,-0.18700753900774347,0.04857445090456453,-0.7638259829789712,-0.26922194417304923,0.7596442131783049,-0.1177555835995132
CERT000822,0.2469674803303805,0,14.3726898775,0.24597207303974222,0,1.0764196020811527,0.0,-0.11403036029443718,-0.18700753900774347,-0.28427857201363843,0.6778913827617145,-0.26922194417304923,1.1630566166568903,-0.1177555835995132
CERT000823,0.45135991990655766,0,31.286715932499998,0.24597207303974222,0,1.6961293012672487,0.0,0.12320383360119494,-0.18700753900774347,0.5753347526641934,0.6778913827617145,-0.26922194417304923,1.8326444471379828,-0.1177555835995132
CERT000824,0.1898451666899149,0,10.29364548138889,0.24597207303974222,0,-0.33710878590071863,0.0,-0.1803310808986292,-0.18700753900774347,-0.4915858626284009,0.6778913827617145,-0.26922194417304923,-0.36424141962572937,-0.1177555835995132
CERT000825,0.11503546099290782,1,15.260322175277777,0.24597207303974222,0,-1.319499612785704,0.0,-0.2671612017357773,5.343072543078385,-0.2391668672011334,0.6778913827617145,-0.26922194417304923,-1.4257012343137523,-0.1177555835995132
CERT000826,0.41083323240886527,0,2.4327988166666668,0.24597207303974222,0,2.023296224035033,0.0,0.07616532249133569,-0.18700753900774347,-0.8910938516944917,0.6778913827617145,-0.26922194417304923,2.1861438200039722,-0.1177555835995132
CERT000827,0.22746286494792553,0,37.43153816777778,0.03571428571428571,0,-0.5481029728362788,0.0,-0.13666897509396603,-0.18700753900774347,0.8876300662722699,-1.7655386981364607,-0.26922194417304923,-0.5922177447661212,-0.1177555835995132
CERT000828,0.13789570888523361,0,14.57269191111111,0.01154672395273899,0,-0.6258151247366585,0.0,-0.24062777177018901,-0.18700753900774347,-0.2741139658757667,-2.0463927304236074,-0.26922194417304923,-0.6761846590508795,-0.1177555835995132
CERT000829,0.14452637953760109,0,39.198407069999995,0.12191192266380237,0,-0.42946978648828843,0.0,-0.23293168569937545,-0.18700753900774347,0.9774267856559512,-0.7638259829789712,-0.26922194417304923,-0.4640362140039958,-0.1177555835995132
CERT000830,0.19322046293926207,0,34.82298943666667,0.24597207303974222,0,-0.3683614803452302,0.0,-0.17641344242563478,-0.18700753900774347,0.7550570620659947,0.6778913827617145,-0.26922194417304923,-0.3980095273336981,-0.1177555835995132
CERT000831,0.2962913050509407,0,27.001552890555555,0.24597207303974222,0,0.18852278256014726,0.0,-0.056781188937145004,-0.18700753900774347,0.35755199430173246,0.6778913827617145,-0.26922194417304923,0.20369628091426834,-0.1177555835995132
CERT000832,0.22658360198658184,1,11.106007643611111,0.24597207303974222,0,-0.33892383665248726,0.0,-0.13768951792954834,5.343072543078385,-0.45029957532817033,0.6778913827617145,-0.26922194417304923,-0.3662025570690936,-0.1177555835995132
CERT000833,0.15583356761315717,0,18.396475414444442,0.24597207303974222,0,-0.548697054886917,0.0,-0.2198076599091206,-0.18700753900774347,-0.0797796755382547,0.6778913827617145,-0.26922194417304923,-0.5928596422738366,-0.1177555835995132
CERT000834,0.24492374877499443,0,14.79194021888889,0.24597207303974222,0,-0.520359175739312,0.0,-0.1164024784074478,-0.18700753900774347,-0.26297121570108956,0.6778913827617145,-0.26922194417304923,-0.5622409525166795,-0.1177555835995132
CERT000835,0.16184599076247444,0,5.037271915277778,0.12191192266380237,0,-0.34994502981768766,0.0,-0.21282916128096505,-0.18700753900774347,-0.7587279813776938,-0.7638259829789712,-0.26922194417304923,-0.37811080512538797,-0.1177555835995132
CERT000836,0.1395781406941706,0,55.5366131125,0.24597207303974222,0,-0.33911250105560314,0.0,-0.23867500700645725,-0.18700753900774347,1.8077754897312373,0.6778913827617145,-0.26922194417304923,-0.36640640636907595,-0.1177555835995132
CERT000837,0.19837691614066727,0,25.400686959444446,0.24597207303974222,0,-0.19946090023989152,0.0,-0.1704284509008382,-0.18700753900774347,0.27619196322864015,0.6778913827617145,-0.26922194417304923,-0.2155147670479306,-0.1177555835995132
CERT000838,0.1665666410601114,0,16.069166615833335,0.24597207303974222,0,1.2505447980004953,0.0,-0.2073499974217476,-0.18700753900774347,-0.19805935935928473,0.6778913827617145,-0.26922194417304923,1.3511965026726418,-0.1177555835995132
CERT000839,0.19974431597460113,0,0.637277455,0.12191192266380237,0,-0.3096323758527084,0.0,-0.16884133741460078,-0.18700753900774347,-0.9823467610972231,-0.7638259829789712,-0.26922194417304923,-0.3345535354153981,-0.1177555835995132
CERT000840,0.15567595022432912,0,34.10964051194445,0.24597207303974222,0,-0.3659819082236818,0.0,-0.21999060324234807,-0.18700753900774347,0.7188028764071904,0.6778913827617145,-0.26922194417304923,-0.3954384322928532,-0.1177555835995132
CERT000841,0.21350558837278485,0,20.318381356944446,0.24597207303974222,0,-0.49734769391792355,0.0,-0.1528689053073721,-0.18700753900774347,0.017896415983558348,0.6778913827617145,-0.26922194417304923,-0.5373773620174906,-0.1177555835995132
CERT000842,0.1920004215851602,0,6.726989674166667,0.24597207303974222,1,-0.2612961922656761,0.0,-0.1778295198879903,-0.18700753900774347,-0.6728522770502623,0.6778913827617145,3.7114168018141793,-0.28232695199370206,-0.1177555835995132
CERT000843,0.29814751579306814,0,16.56223628777778,0.04484425349087003,0,0.5252869550455546,0.0,-0.0546267224606837,-0.18700753900774347,-0.173000319091774,-1.659438285939094,-0.26922194417304923,0.5675653504712219,-0.1177555835995132
CERT000844,0.19588872062370297,0,33.192376376944445,0.24597207303974222,1,-0.21867091634830543,0.0,-0.17331644939503765,-0.18700753900774347,0.6721852071348884,0.6778913827617145,3.7114168018141793,-0.2362709259824014,-0.1177555835995132
CERT000845,0.1025593716228683,0,41.885830276111115,0.07357679914070892,0,-1.5438337735235486,0.0,-0.28164194774971235,-0.18700753900774347,1.1140083889661005,-1.3255340475532642,-0.26922194417304923,-1.6680912181860916,-0.1177555835995132
CERT000846,0.2938441670253982,0,16.187639571944445,0.24597207303974222,0,-0.31156201128808864,0.0,-0.059621532826795394,-0.18700753900774347,-0.19203826589780365,0.6778913827617145,-0.26922194417304923,-0.3366384800378441,-0.1177555835995132
CERT000847,0.19928869616485512,0,17.796254707777777,0.12191192266380237,0,-1.1036440520477362,0.0,-0.16937016616439263,-0.18700753900774347,-0.11028440075982228,-0.7638259829789712,-0.26922194417304923,-1.192472261454942,-0.1177555835995132
CERT000848,0.32563955981134773,0,2.5644062055555557,0.002953813104189044,0,0.46203789865460326,0.0,-0.022717259885924317,-0.18700753900774347,-0.8844052333402884,-2.1462519419034813,-0.26922194417304923,0.499225612519056,-0.1177555835995132
CERT000849,0.19684302198998477,0,10.705132202777778,0.24597207303974222,0,0.5203548960360267,0.0,-0.17220881099200863,-0.18700753900774347,-0.4706730730013967,0.6778913827617145,-0.26922194417304923,0.562236328355977,-0.1177555835995132
CERT000850,0.29765965886552953,0,15.287947568055555,0.12191192266380237,0,0.28395045680063885,0.9958215612770359,-0.05519296818474771,-0.18700753900774347,-0.2377628752920505,-0.7638259829789712,-0.26922194417304923,0.3068045741142416,8.485328818200216
CERT000851,0.29289526171095903,0,8.830260892777778,0.24597207303974222,0,0.153411887979872,0.0,-0.0607229081409755,-0.18700753900774347,-0.565958746258105,0.6778913827617145,-0.26922194417304923,0.16575944087588618,-0.1177555835995132
CERT000852,0.2755071662484583,0,0.915673875,0.07357679914070892,0,-0.3185638012174707,0.0,-0.08090492083665184,-0.18700753900774347,-0.9681979551656004,-1.3255340475532642,-0.26922194417304923,-0.34420381802506095,-0.1177555835995132
CERT000853,0.11849104781591027,0,9.596248002222223,0.0378625134264232,0,-1.4834801366477826,0.0,-0.2631503716087372,-0.18700753900774347,-0.5270293557233627,-1.7405738952664918,-0.26922194417304923,-1.6028799413086061,-0.1177555835995132
CERT000854,0.2604501607717042,0,57.26347606833333,0.12191192266380237,0,-0.7445240684958034,0.0,-0.09838128426852219,-0.18700753900774347,1.8955390063475583,-0.7638259829789712,-0.26922194417304923,-0.8044480446567237,-0.1177555835995132
CERT000855,0.2982225868197977,0,14.349756055555556,0.008592910848549946,0,-0.32172161341469036,0.0,-0.05453958902977975,-0.18700753900774347,-0.28544412649872236,-2.080719334369814,-0.26922194417304923,-0.3476157907938913,-0.1177555835995132
CERT000856,0.15171249397009165,0,37.485588962222224,0.12191192266380237,0,0.3298254704830299,0.0,-0.22459090720400313,-0.18700753900774347,0.8903770635254834,-0.7638259829789712,-0.26922194417304923,0.3563718972095969,-0.1177555835995132
CERT000857,0.3631328094808708,0,6.154056683333334,0.24597207303974222,0,0.15183029337813825,0.0,0.020800400944978994,-0.18700753900774347,-0.7019701719539577,0.6778913827617145,-0.26922194417304923,0.16405054960071913,-0.1177555835995132
CERT000858,0.4271284970328207,0,4.705864261666667,0.24597207303974222,0,1.9177571044433774,0.0,0.09507890841161769,-0.18700753900774347,-0.775570951467604,0.6778913827617145,-0.26922194417304923,2.0721102487833285,-0.1177555835995132
CERT000859,0.13788750175340161,0,3.9263848325,0.24597207303974222,0,-0.832883411621688,0.0,-0.2406372976230454,-0.18700753900774347,-0.8151860556092855,0.6778913827617145,-0.26922194417304923,-0.8999191030314753,-0.1177555835995132
CERT000860,0.41482851857122527,0,20.030276077222222,0.24597207303974222,0,-0.30455232715310465,0.0,0.0808025707871886,-0.18700753900774347,0.0032541813935243313,0.6778913827617145,-0.26922194417304923,-0.32906461246974555,-0.1177555835995132
CERT000861,0.31552638608005495,0,42.3806272525,0.24597207303974222,0,0.292397654696666,0.0,-0.03445541724069059,-0.18700753900774347,1.1391552151877884,0.6778913827617145,-0.26922194417304923,0.3159316555852495,-0.1177555835995132
CERT000862,0.15003289164552203,0,38.53042429305555,0.24597207303974222,0,-0.4434348564547285,0.0,-0.226540387842136,-0.18700753900774347,0.9434782216742256,0.6778913827617145,-0.26922194417304923,-0.4791252805679472,-0.1177555835995132
CERT000863,0.12930642840917694,0,32.45848518583333,0.24597207303974222,0,-0.37895984729233423,0.0,-0.25059717687199246,-0.18700753900774347,0.6348870118565202,0.6778913827617145,-0.26922194417304923,-0.40946091746051755,-0.1177555835995132
CERT000864,0.14062987485700418,0,10.533949612777779,0.24597207303974222,0,-0.26452777596895816,0.0,-0.2374542803160293,-0.18700753900774347,-0.4793730025650834,0.6778913827617145,-0.26922194417304923,-0.2858186338630364,-0.1177555835995132
CERT000865,0.20141774627230505,0,21.86056082472222,0.24597207303974222,0,-1.0973510346422384,0.0,-0.1668990205239197,-0.18700753900774347,0.09627385345678816,0.6778913827617145,-0.26922194417304923,-1.1856727424587714,-0.1177555835995132
CERT000866,0.38480148000569236,0,15.5138806125,0.24597207303974222,0,-0.4213365907229456,0.0,0.045950791024990764,-0.18700753900774347,-0.22628038999505876,0.6778913827617145,-0.26922194417304923,-0.4552484075285665,-0.1177555835995132
CERT000867,0.3416833241185727,0,0.2535005605555556,0.24597207303974222,0,1.1235795582425012,0.0,-0.004095585325121949,-0.18700753900774347,-1.0018512676585336,0.6778913827617145,-0.26922194417304923,1.2140123024774185,-0.1177555835995132
CERT000868,0.2821499038437523,0,2.3395374844444445,0.01933404940923738,0,-0.584300817925864,0.0,-0.07319482890787254,-0.18700753900774347,-0.8958336270498531,-1.955895320019971,-0.26922194417304923,-0.6313290199219866,-0.1177555835995132
CERT000869,0.23767325354856667,0,15.929449709722222,0.24597207303974222,0,-0.9913970746143205,0.0,-0.12481798239552291,-0.18700753900774347,-0.20516012376542508,0.6778913827617145,-0.26922194417304923,-1.0711909418363974,-0.1177555835995132
CERT000870,0.17275417263858706,0,1.2271372011111112,0.010472610096670247,0,0.6411598975849272,0.0,-0.2001682539616312,-0.18700753900774347,-0.952368605937748,-2.058875131858591,-0.26922194417304923,0.6927644756556411,-0.1177555835995132
CERT000871,0.2914112300606948,0,23.843374461944446,0.24597207303974222,0,-0.3455651366992363,0.0,-0.06244539383074009,-0.18700753900774347,0.19704542714165213,0.6778913827617145,-0.26922194417304923,-0.37337839068234363,-0.1177555835995132
CERT000872,0.2367842044027693,0,3.2719427455555556,0.24597207303974222,0,0.8714800297609916,0.0,-0.12584988385858184,-0.18700753900774347,-0.8484464476849563,0.6778913827617145,-0.26922194417304923,0.9416222195677273,-0.1177555835995132
CERT000873,0.27772811442436623,0,41.00104939916667,0.12191192266380237,0,-0.31274168745762393,0.0,-0.0783271109563645,-0.18700753900774347,1.0690416005285983,-0.7638259829789712,-0.26922194417304923,-0.33791310395944285,-0.1177555835995132
CERT000874,0.21294363256784968,0,25.144857680277777,0.12191192266380237,0,-1.0507921209105966,0.0,-0.15352115610816106,-0.18700753900774347,0.26319007612622647,-0.7638259829789712,-0.26922194417304923,-1.1353664747400785,-0.1177555835995132
CERT000875,0.2896905240969627,0,50.06788802972222,0.12191192266380237,0,-0.38275452138750593,0.0,-0.06444258263617654,-0.18700753900774347,1.5298411330695372,-0.7638259829789712,-0.26922194417304923,-0.4135610107753485,-0.1177555835995132
CERT000876,0.23360717801166045,0,27.965850424444447,0.07357679914070892,0,-0.28595714555568347,0.0,-0.12953739449470275,-0.18700753900774347,0.40656001914392104,-1.3255340475532642,-0.26922194417304923,-0.30897277379177746,-0.1177555835995132
CERT000877,0.19715793056501021,0,11.161552012222224,0.24597207303974222,0,1.31412788675908,0.0,-0.17184330294238656,-0.18700753900774347,-0.44747667088107596,0.6778913827617145,-0.26922194417304923,1.4198971580166895,-0.1177555835995132
CERT000878,0.19651279119622697,0,1.8537633405555556,0.07357679914070892,0,-1.1143514046642375,0.0,-0.1725921032327544,-0.18700753900774347,-0.9205218902411832,-1.3255340475532642,-0.26922194417304923,-1.2040414091027767,-0.1177555835995132
CERT000879,0.1962706574366772,0,12.676250854166668,0.24597207303974222,0,0.2557908450637931,0.0,-0.1728731430176937,-0.18700753900774347,-0.3704958678968792,0.6778913827617145,-0.26922194417304923,0.2763784998494232,-0.1177555835995132
CERT000880,0.3412443874278384,0,12.349108280555557,0.12191192266380237,0,0.2899158510978453,0.0,-0.004605050314206143,-0.18700753900774347,-0.38712207589910574,-0.7638259829789712,-0.26922194417304923,0.3132501008353447,-0.1177555835995132
CERT000881,0.1107217939733707,0,25.918620131388888,0.04484425349087003,0,-1.7300368141477531,0.0,-0.27216798828931155,-0.18700753900774347,0.3025146290710806,-1.659438285939094,-0.26922194417304923,-1.8692810497544745,-0.1177555835995132
CERT000882,1.2801419870114155,0,3.147788945,0.24597207303974222,0,2.024940927371207,0.0,1.085154510507216,-0.18700753900774347,-0.854756255942311,0.6778913827617145,-0.26922194417304923,2.187920899401148,-0.1177555835995132
CERT000883,0.2422054740182467,0,20.574179414166668,0.24597207303974222,0,-0.5676859082074369,0.9958215612770359,-0.11955752524793305,-0.18700753900774347,0.03089671630826567,0.6778913827617145,-0.26922194417304923,-0.6133768378492965,8.485328818200216
CERT000884,0.2042566519508412,0,21.64887709777778,0.24597207303974222,0,0.5698887220490507,0.0,-0.16360395979863174,-0.18700753900774347,0.08551555429683667,0.6778913827617145,-0.26922194417304923,0.6157569479929608,-0.1177555835995132
CERT000885,0.13152225945428433,0,27.15969777611111,0.12191192266380237,0,-0.5023776295780031,0.0,-0.24802530634251016,-0.18700753900774347,0.3655893149497646,-0.7638259829789712,-0.26922194417304923,-0.5428121385112514,-0.1177555835995132
CERT000886,0.3270274928897699,0,32.61352794611111,0.12191192266380237,0,-0.407578624579653,0.0,-0.02110631387577188,-0.18700753900774347,0.6427666746994312,-0.7638259829789712,-0.26922194417304923,-0.4403831138050399,-0.1177555835995132
CERT000887,0.1272330735430899,0,25.955677009166667,0.12191192266380237,0,-0.6395918137036781,0.0,-0.25300367816595265,-0.18700753900774347,0.3043979527578926,-0.7638259829789712,-0.26922194417304923,-0.6910701825286546,-0.1177555835995132
CERT000888,0.13771508097165994,0,3.749373053611111,0.24597207303974222,0,-0.7969611166243079,0.0,-0.24083742295670335,-0.18700753900774347,-0.8241822392064386,0.6778913827617145,-0.26922194417304923,-0.8611055559709919,-0.1177555835995132
CERT000889,0.31486622917718327,0,24.060337038055554,0.24597207303974222,0,-0.4098269629862856,0.0,-0.03522164808084372,-0.18700753900774347,0.20807201068687517,0.6778913827617145,-0.26922194417304923,-0.44281241261682497,-0.1177555835995132
CERT000890,0.13945124276354562,0,12.732343836388889,0.24597207303974222,0,-0.320269606665855,0.0,-0.23882229488237508,-0.18700753900774347,-0.3676450815268958,0.6778913827617145,-0.26922194417304923,-0.3460469174164479,-0.1177555835995132
CERT000891,0.24814037764638563,0,3.445224445277778,0.12191192266380237,0,-0.9364191395490865,0.0,-0.11266900196894429,-0.18700753900774347,-0.8396398360881856,-0.7638259829789712,-0.26922194417304923,-1.0117880370359584,-0.1177555835995132
CERT000892,0.2002688526318564,1,19.22677566138889,0.24597207303974222,0,1.3908188225619071,0.0,-0.1682325182659537,5.343072543078385,-0.03758172967747304,0.6778913827617145,-0.26922194417304923,1.5027606623143028,-0.1177555835995132
CERT000893,0.22484123106985832,0,87.11601460583333,0.24597207303974222,0,-0.3096171240344821,0.0,-0.13971185281019857,-0.18700753900774347,3.412720061812917,0.6778913827617145,-0.26922194417304923,-0.33453705603498746,-0.1177555835995132
CERT000894,0.2761300781995041,0,9.348253678055555,0.24597207303974222,0,-0.5062334521191255,0.0,-0.08018191946301624,-0.18700753900774347,-0.5396330507162012,0.6778913827617145,-0.26922194417304923,-0.5469783018832642,-0.1177555835995132
CERT000895,0.4614988361888045,0,1.1584091247222221,0.022556390977443608,0,1.6167335766053184,0.0,0.13497186981712195,-0.18700753900774347,-0.955861539556938,-1.9184481157150182,-0.26922194417304923,1.7468584555750337,-0.1177555835995132
CERT000896,1.1202454733260423,0,17.348479041388888,0.12191192266380237,0,1.7533040634242785,0.0,0.8995658428953995,-0.18700753900774347,-0.13304148579934774,-0.7638259829789712,-0.26922194417304923,1.8944209934810177,-0.1177555835995132
CERT000897,0.22810305063423839,0,12.411158112777777,0.24597207303974222,0,-0.9008152609286243,0.0,-0.1359259244432136,-0.18700753900774347,-0.38396854743705894,0.6778913827617145,-0.26922194417304923,-0.9733185345035663,-0.1177555835995132
CERT000898,0.3082039386479834,0,29.14973543111111,0.002953813104189044,0,-0.3899331387596257,0.0,-0.04295443470676083,-0.18700753900774347,0.4667280313787212,-2.1462519419034813,-0.26922194417304923,-0.42131740838920634,-0.1177555835995132
CERT000899,0.24151109804498017,0,32.194199783888884,0.12191192266380237,0,0.9087536697312438,0.0,-0.12036347347488295,-0.18700753900774347,0.6214553633364964,-0.7638259829789712,-0.26922194417304923,0.98189587633733,-0.1177555835995132
CERT000900,0.24993701184177378,0,3.1752640980555555,0.24597207303974222,1,-0.8447337774389108,0.0,-0.1105836847920857,-0.18700753900774347,-0.8533598995936024,0.6778913827617145,3.7114168018141793,-0.9127232607659481,-0.1177555835995132
CERT000901,0.2786806811895399,0,2.976393941944444,0.24597207303974222,0,-0.38626756655919453,0.0,-0.07722148586995554,-0.18700753900774347,-0.863466980871471,0.6778913827617145,-0.26922194417304923,-0.4173568079009744,-0.1177555835995132
CERT000902,1.7657736560696704,0,36.906270731944446,0.24597207303974222,0,2.472717075961449,0.0,1.6488174218072558,-0.18700753900774347,0.8609346547012197,0.6778913827617145,-0.26922194417304923,2.6717368865794984,-0.1177555835995132
CERT000903,0.1281953244483286,0,0.6706588133333333,0.07357679914070892,0,-0.6783599581823497,0.0,-0.2518868128929367,-0.18700753900774347,-0.9806502365485515,-1.3255340475532642,-0.26922194417304923,-0.7329586309220627,-0.1177555835995132
CERT000904,0.13694432604914236,0,53.99542870333333,0.12191192266380237,0,-1.1378087409390474,0.0,-0.24173202269392308,-0.18700753900774347,1.7294486236381248,-0.7638259829789712,-0.26922194417304923,-1.2293867392238704,-0.1177555835995132
CERT000905,0.3308767047035903,0,4.398069464166666,0.24597207303974222,1,1.0082759840118667,0.0,-0.01663861113843607,-0.18700753900774347,-0.7912138568490404,0.6778913827617145,3.7114168018141793,1.0894283719415474,-0.1177555835995132
CERT000906,0.3581401361716797,0,20.105447663055557,0.24597207303974222,0,-0.3841595989183972,0.0,0.015005505447150458,-0.18700753900774347,0.007074590361169023,0.6778913827617145,-0.26922194417304923,-0.4150791777764506,-0.1177555835995132
CERT000907,4.4671157652768025,0,106.6143741238889,0.24597207303974222,0,2.8416953611979383,0.0,4.784210878839874,-0.18700753900774347,4.403675709899117,0.6778913827617145,-0.26922194417304923,3.0704128631385528,-0.1177555835995132
CERT000908,0.1930477167778348,1,57.96327179833333,0.24597207303974222,0,1.0143276585983847,0.0,-0.17661394542094977,5.343072543078385,1.9311043845788884,0.6778913827617145,-0.26922194417304923,1.0959671233318935,-0.1177555835995132
CERT000909,0.11362279916442852,0,52.00680607305556,0.24597207303974222,0,-0.43373671140924575,0.0,-0.2688008499087789,-0.18700753900774347,1.6283818223228153,0.6778913827617145,-0.26922194417304923,-0.46864656785903774,-0.1177555835995132
CERT000910,0.22226849398046492,0,26.84976431833333,0.24597207303974222,0,-0.2960676026047313,0.0,-0.14269797700722478,-0.18700753900774347,0.3498377174765838,0.6778913827617145,-0.26922194417304923,-0.31989698396556604,-0.1177555835995132
CERT000911,0.40783887199916136,0,28.953709146111112,0.12191192266380237,0,1.1624767575903696,0.0,0.0726898285860714,-0.18700753900774347,0.45676548277999296,-0.7638259829789712,-0.26922194417304923,1.2560401928869707,-0.1177555835995132
CERT000912,0.10567476416247128,0,103.87946611027778,0.24597207303974222,0,-0.9575083909314438,0.0,-0.2780259742854604,-0.18700753900774347,4.264680809298658,0.6778913827617145,-0.26922194417304923,-1.0345746839096948,-0.1177555835995132
CERT000913,0.22625990728278747,0,49.63954429583333,0.022556390977443608,0,-1.0972014622491464,0.0,-0.13806522386212675,-0.18700753900774347,1.5080716276900479,-1.9184481157150182,-0.26922194417304923,-1.185511131539462,-0.1177555835995132
CERT000914,0.304670754199691,0,22.82646320222222,0.24597207303974222,0,1.3811125815732364,0.0,-0.04705533083683928,-0.18700753900774347,0.1453634404857469,0.6778913827617145,-0.26922194417304923,1.492273202049817,-0.1177555835995132
CERT000915,0.19234294793449033,0,36.465125382222226,0.24597207303974222,0,-1.2229341331659533,0.0,-0.17743195644317875,-0.18700753900774347,0.8385145390228013,0.6778913827617145,-0.26922194417304923,-1.3213635580068044,-0.1177555835995132
CERT000916,0.22328644903957176,0,0.7022638427777778,0.24597207303974222,0,-0.20981698176754043,0.0,-0.14151645704313046,-0.18700753900774347,-0.9790439894995676,0.6778913827617145,-0.26922194417304923,-0.22670437110204014,-0.1177555835995132
CERT000917,0.16205880337194162,0,1.8627004441666668,0.24597207303974222,0,1.6319607370112497,0.0,-0.21258215396522256,-0.18700753900774347,-0.9200676841684744,0.6778913827617145,-0.26922194417304923,1.7633111935489367,-0.1177555835995132
CERT000918,0.16074617047269993,0,22.37986017722222,0.04484425349087003,0,-0.39435565875003037,0.0,-0.21410570057182993,-0.18700753900774347,0.12266595202953508,-1.659438285939094,-0.26922194417304923,-0.4260958805827568,-0.1177555835995132
CERT000919,0.17031664109359745,0,32.36426777527778,0.24597207303974222,0,-0.3895285156594383,0.0,-0.20299744780250842,-0.18700753900774347,0.6300986461967516,0.6778913827617145,-0.26922194417304923,-0.42088021867897124,-0.1177555835995132
CERT000920,0.13604277327369305,0,49.862543278055554,0.015843179377013964,0,-0.5087015402077762,0.0,-0.24277843686844724,-0.18700753900774347,1.5194049965688992,-1.99646312468367,-0.26922194417304923,-0.5496450372125424,-0.1177555835995132
CERT000921,0.29172652301143925,0,59.06759855361111,0.12191192266380237,0,-0.706268640434126,0.0,-0.0620794396439515,-0.18700753900774347,1.9872290464747706,-0.7638259829789712,-0.26922194417304923,-0.7631135793198306,-0.1177555835995132
CERT000922,0.3622264631043257,0,20.835252199166668,0.24597207303974222,0,1.4699989703347218,0.0,0.019748422934071398,-0.18700753900774347,0.044165091558900256,0.6778913827617145,-0.26922194417304923,1.5883137260052589,-0.1177555835995132
CERT000923,0.3181296493092455,0,2.299406453611111,0.24597207303974222,0,0.5053057922603631,0.0,-0.03143386196714056,-0.18700753900774347,-0.897873186923133,0.6778913827617145,-0.26922194417304923,0.5459759781289824,-0.1177555835995132
CERT000924,0.127332024126806,0,36.282817164722225,0.12191192266380237,0,-1.3835652499481648,0.0,-0.25288882821351766,-0.18700753900774347,0.8292491771005913,-0.7638259829789712,-0.26922194417304923,-1.4949232765899036,-0.1177555835995132
CERT000925,0.31611736334405144,0,5.7885435422222224,0.24597207303974222,0,0.03400808315892419,0.0,-0.03376948181604589,-0.18700753900774347,-0.7205464686571946,0.6778913827617145,-0.26922194417304923,0.03674526742297521,-0.1177555835995132
CERT000926,0.20163551401869156,0,9.00186834888889,0.12191192266380237,0,1.0280414908730588,0.0,-0.16664626188041215,-0.18700753900774347,-0.5572372239305708,-0.7638259829789712,-0.26922194417304923,1.1107847310156862,-0.1177555835995132
CERT000927,0.32104637336504166,0,53.910118148888884,0.010472610096670247,0,0.7071067811865476,0.0,-0.02804847901644234,-0.18700753900774347,1.7251129267970748,-2.058875131858591,-0.26922194417304923,0.7640191789074906,-0.1177555835995132
CERT000928,0.11822274417694266,0,17.325939312777777,0.04484425349087003,0,-0.8779344892967308,0.0,-0.2634617862463908,-0.18700753900774347,-0.1341870114705114,-1.659438285939094,-0.26922194417304923,-0.9485961745714004,-0.1177555835995132
CERT000929,0.24240539313753512,0,12.739509589444443,0.04484425349087003,0,2.102396195181938,0.0,-0.11932548314692847,-0.18700753900774347,-0.3672808999424596,-1.659438285939094,-0.26922194417304923,2.271610253950277,-0.1177555835995132
CERT000930,0.26461984710307024,0,12.949109013055555,0.12191192266380237,0,1.1030937446756013,0.0,-0.09354161320402282,-0.18700753900774347,-0.3566285303176864,-0.7638259829789712,-0.26922194417304923,1.1918776618869675,-0.1177555835995132
CERT000931,0.14038367511288793,0,18.221636051944444,0.24597207303974222,0,-0.3616018615055067,0.0,-0.23774003940748023,-0.18700753900774347,-0.08866545147323662,0.6778913827617145,-0.26922194417304923,-0.3907058518874141,-0.1177555835995132
CERT000932,0.2847254994494258,0,18.532322169166665,0.24597207303974222,0,-0.6274843868429051,0.0,-0.07020538688849022,-0.18700753900774347,-0.07287560195496115,0.6778913827617145,-0.26922194417304923,-0.6779882738622888,-0.1177555835995132
CERT000933,0.21611870521876114,1,44.72447438138889,0.00510204081632653,0,0.7144679760446301,0.0,-0.1498359131389938,5.343072543078385,1.2582754185296277,-2.121287139033513,-0.26922194417304923,0.7719728489908305,-0.1177555835995132
CERT000934,0.2315803603388617,0,0.2327935547222222,0.24597207303974222,1,1.4320753345001078,0.0,-0.1318898810043646,-0.18700753900774347,-1.0029036497508061,0.6778913827617145,3.7114168018141793,1.547337757619086,-0.1177555835995132
CERT000935,0.2877338525353424,0,10.547491885,0.12191192266380237,0,0.06476223067332638,0.0,-0.06671365196536522,-0.18700753900774347,-0.47868475024651763,-0.7638259829789712,-0.26922194417304923,0.06997470201066945,-0.1177555835995132
CERT000936,0.248431919156721,0,0.7695639705555555,0.07357679914070892,0,-1.089145723017689,0.0,-0.11233061560135192,-0.18700753900774347,-0.9756236278185475,-1.3255340475532642,-0.26922194417304923,-1.1768070157865584,-0.1177555835995132
CERT000937,0.16037204058624577,0,34.11926783305556,0.04484425349087003,0,0.03865820508367941,0.0,-0.2145399456065742,-0.18700753900774347,0.7192921610684031,-1.659438285939094,-0.26922194417304923,0.041769660384968196,-0.1177555835995132
CERT000938,0.31339837964979533,0,47.89927828166667,0.24597207303974222,0,0.3060796019680399,0.0,-0.03692535150603904,-0.18700753900774347,1.4196269339549674,0.6778913827617145,-0.26922194417304923,0.3307148119602877,-0.1177555835995132
CERT000939,0.17625192874175902,0,3.5208340330555554,0.24597207303974222,0,1.1685980871462998,0.0,-0.19610847879920273,-0.18700753900774347,-0.8357971667606209,0.6778913827617145,-0.26922194417304923,1.2626542055164296,-0.1177555835995132
CERT000940,0.21957086500529205,1,15.670673466666667,0.01154672395273899,0,1.701009933449081,0.0,-0.145829060704262,5.343072543078385,-0.21831178298111292,-2.0463927304236074,-0.26922194417304923,1.8379179032712356,-0.1177555835995132
CERT000941,0.11779614143131929,0,3.669361808333333,0.24597207303974222,0,-0.8125115354128878,0.0,-0.2639569354734438,-0.18700753900774347,-0.8282486118335821,0.6778913827617145,-0.26922194417304923,-0.8779075701937689,-0.1177555835995132
CERT000942,0.281202043106805,0,0.41448379027777776,0.24597207303974222,0,-0.30288151888434683,0.0,-0.0742949918019663,-0.18700753900774347,-0.9936696952245719,0.6778913827617145,-0.26922194417304923,-0.32725932705094907,-0.1177555835995132
CERT000943,0.11555806087936865,0,0.3136982783333333,0.24597207303974222,0,-1.4219329889689987,0.0,-0.26655463055803924,-0.18700753900774347,-0.9987918683086267,0.6778913827617145,-0.26922194417304923,-1.5363790923777896,-0.1177555835995132
CERT000944,0.28554717437779836,0,19.628164873333336,0.04484425349087003,0,-0.4874823194158732,0.0,-0.06925168532457274,-0.18700753900774347,-0.01718212086479868,-1.659438285939094,-0.26922194417304923,-0.5267179601743581,-0.1177555835995132
CERT000945,0.15947741186827258,0,30.26607740777778,0.24597207303974222,0,-0.6229128238135089,0.0,-0.21557832316684178,-0.18700753900774347,0.5234633370309305,0.6778913827617145,-0.26922194417304923,-0.6730487627092743,-0.1177555835995132
CERT000946,0.3731876589019446,0,1.0916713797222222,0.24597207303974222,0,1.2913153092146492,0.0,0.03247086244588685,-0.18700753900774347,-0.9592533195314044,0.6778913827617145,-0.26922194417304923,1.3952484808607264,-0.1177555835995132
CERT000947,0.13106382978723405,0,33.26411870444444,0.24597207303974222,0,-0.8809600355951613,0.0,-0.2485573964371635,-0.18700753900774347,0.6758313325731408,0.6778913827617145,-0.26922194417304923,-0.9518652358506525,-0.1177555835995132
CERT000948,3.1709363295880153,0,14.63316742638889,0.24597207303974222,0,2.0394834242361,0.0,3.279761476467923,-0.18700753900774347,-0.2710404481585482,0.6778913827617145,-0.26922194417304923,2.203633867809309,-0.1177555835995132
CERT000949,0.42884063082581747,0,26.00918535583333,0.24597207303974222,0,0.04435969676070547,0.0,0.09706614767088433,-0.18700753900774347,0.3071173814513673,0.6778913827617145,-0.26922194417304923,0.047930043944463624,-0.1177555835995132
CERT000950,0.15325683779942456,0,41.54120507611111,0.24597207303974222,0,0.3326475720117855,0.0,-0.22279841838098605,-0.18700753900774347,1.09649366994081,0.6778913827617145,-0.26922194417304923,0.3594211392055164,-0.1177555835995132
CERT000951,0.13790120510678916,0,22.003691159166664,0.24597207303974222,0,-1.523925818777781,0.0,-0.24062139241636896,-0.18700753900774347,0.10354809687192505,0.6778913827617145,-0.26922194417304923,-1.6465809461263814,-0.1177555835995132
CERT000952,0.3850328117112569,0,25.667609256111113,0.04484425349087003,0,-0.21122400707079345,0.0,0.046219293083119256,-0.18700753900774347,0.2897576253673979,-1.659438285939094,-0.26922194417304923,-0.22822464264446485,-0.1177555835995132
CERT000953,0.23418044282010966,0,44.29638483583333,0.24597207303974222,0,-0.23235237644354548,0.0,-0.12887201756098063,-0.18700753900774347,1.2365188316402482,0.6778913827617145,-0.26922194417304923,-0.25105355597030876,-0.1177555835995132
CERT000954,0.27685559044913016,0,41.60836955083334,0.12191192266380237,0,0.5019649423787738,0.0,-0.07933983198630552,-0.18700753900774347,1.0999071373925258,-0.7638259829789712,-0.26922194417304923,0.5423662356526029,-0.1177555835995132
CERT000955,0.11048204464574571,0,39.395460444722225,0.24597207303974222,0,-1.5335751111903984,0.0,-0.2724462605120712,-0.18700753900774347,0.987441533536388,0.6778913827617145,-0.26922194417304923,-1.6570068742355069,-0.1177555835995132
CERT000956,0.4212614042046806,0,4.816150728611111,0.24597207303974222,0,2.18216141056685,0.9958215612770359,0.08826909176438352,-0.18700753900774347,-0.769965915965778,0.6778913827617145,-0.26922194417304923,2.357795475171741,8.485328818200216
CERT000957,0.18357296908698778,1,7.755095651666667,0.24597207303974222,0,0.4448721409234311,0.0,-0.18761109451053173,5.343072543078385,-0.6206013466942296,0.6778913827617145,-0.26922194417304923,0.4806782467236273,-0.1177555835995132
CERT000958,0.13196548639367445,0,14.450681207499999,0.24597207303974222,0,-0.8013306445216729,0.0,-0.24751086174809622,-0.18700753900774347,-0.2803148565588235,0.6778913827617145,-0.26922194417304923,-0.8658267709348142,-0.1177555835995132
CERT000959,0.17102846648301195,0,13.734163634722222,0.07357679914070892,0,-0.10434330519368303,0.0,-0.2021712463891765,-0.18700753900774347,-0.3167300808775491,-1.3255340475532642,-0.26922194417304923,-0.11274151016455852,-0.1177555835995132
CERT000960,10.097610232245035,0,22.005070199166667,0.24597207303974222,0,1.6356692541162654,0.0,11.319412566704617,-0.18700753900774347,0.10361818315152589,0.6778913827617145,-0.26922194417304923,1.7673181954175712,-0.1177555835995132
CERT000961,0.3015676945130692,0,17.209641386944444,0.07357679914070892,0,-0.3176076074181757,0.0,-0.050656989806673075,-0.18700753900774347,-0.1400975644254168,-1.3255340475532642,-0.26922194417304923,-0.34317066373938443,-0.1177555835995132
CERT000962,0.1535788742182071,0,32.806414851944446,0.12191192266380237,0,-0.44528240005737724,0.0,-0.22242463718646963,-0.18700753900774347,0.6525696721567513,-0.7638259829789712,-0.26922194417304923,-0.4811215260910389,-0.1177555835995132
CERT000963,0.24696199258812376,0,7.40625258,0.24597207303974222,0,-0.46784531388521144,0.0,-0.11403672980650564,-0.18700753900774347,-0.6383304285610253,0.6778913827617145,-0.26922194417304923,-0.5055004450254261,-0.1177555835995132
CERT000964,0.18011805971426126,0,0.5809812366666667,0.011815252416756176,0,-0.04428749641276035,0.0,-0.19162113833466138,-0.18700753900774347,-0.9852078764372932,-2.043272130064861,-0.26922194417304923,-0.047852032458756646,-0.1177555835995132
CERT000965,1.176274222439342,0,8.733012120833333,0.24597207303974222,0,0.5935358721974052,0.0,0.9645972851465714,-0.18700753900774347,-0.570901173324267,0.6778913827617145,-0.26922194417304923,0.6413073694010699,-0.1177555835995132
CERT000966,0.37093431958871054,0,10.298183617777777,0.24597207303974222,0,0.45453835782831803,0.0,0.029855456823952447,-0.18700753900774347,-0.49135522312859126,0.6778913827617145,-0.26922194417304923,0.49112246151452615,-0.1177555835995132
CERT000967,0.2616088193620477,0,23.374026838055556,0.24597207303974222,0,1.3710781953152302,0.0,-0.0970364525455369,-0.18700753900774347,0.1731920009917319,0.6778913827617145,-0.26922194417304923,1.4814311853224171,-0.1177555835995132
CERT000968,0.31438908989702197,0,20.09036821305556,0.24597207303974222,0,0.6545354441378357,0.0,-0.035775454047149144,-0.18700753900774347,0.006308214803589713,0.6778913827617145,-0.26922194417304923,0.7072165702567479,-0.1177555835995132
CERT000969,0.11807784911717496,0,70.53525825444444,0.12191192266380237,0,-0.39136952773132055,0.0,-0.2636299630281481,-0.18700753900774347,2.570044341287046,-0.7638259829789712,-0.26922194417304923,-0.4228694069726516,-0.1177555835995132
CERT000970,0.14853005704256253,0,31.07833903,0.24597207303974222,0,-0.40911650047387754,0.0,-0.22828469774093088,-0.18700753900774347,0.5647445146356112,0.6778913827617145,-0.26922194417304923,-0.44204476761635736,-0.1177555835995132
CERT000971,0.11275490476270532,0,7.408002433611111,0.24597207303974222,0,-1.5307021387976605,0.0,-0.26980819748585305,-0.18700753900774347,-0.6382414966015111,0.6778913827617145,-0.26922194417304923,-1.6539026669687624,-0.1177555835995132
CERT000972,3.765021983390327,0,13.538049752222221,0.011815252416756176,0,3.0509189123063307,0.0,3.969304746644624,-0.18700753900774347,-0.3266970814014409,-2.043272130064861,-0.26922194417304923,3.2964760405524487,-0.1177555835995132
CERT000973,0.25294015158114824,0,17.860746881666667,0.24597207303974222,0,-0.9923265335198522,0.0,-0.10709800089544182,-0.18700753900774347,-0.10700674635441584,0.6778913827617145,-0.26922194417304923,-1.0721952094360392,-0.1177555835995132
CERT000974,0.27461328768860155,0,34.93627037527778,0.24597207303974222,0,-0.35524697462063887,0.0,-0.08194242770348076,-0.18700753900774347,0.7608142841457927,0.6778913827617145,-0.26922194417304923,-0.3838394837673411,-0.1177555835995132
CERT000975,0.15103474942420525,0,27.387825731388887,0.24597207303974222,1,-0.45801478059336254,0.0,-0.2253775516676825,-0.18700753900774347,0.37718335113314366,0.6778913827617145,3.7114168018141793,-0.49487868863205947,-0.1177555835995132
CERT000976,0.21534537725823594,0,44.045160983888884,0.24597207303974222,0,-0.7809658212626999,0.0,-0.1507334993496803,-0.18700753900774347,1.2237510039269583,0.6778913827617145,-0.26922194417304923,-0.8438228587126629,-0.1177555835995132
CERT000977,0.21190123804825334,0,6.202812898888888,0.24597207303974222,1,-0.6507378648355758,0.0,-0.1547310424625215,-0.18700753900774347,-0.6994922585100423,0.6778913827617145,3.7114168018141793,-0.7031133379055039,-0.1177555835995132
CERT000978,0.19992354740061163,0,7.927638941111112,0.07357679914070892,0,1.5851308710313932,0.0,-0.168633307103115,-0.18700753900774347,-0.6118322629640822,-1.3255340475532642,-0.26922194417304923,1.7127121656422328,-0.1177555835995132
CERT000979,0.1645673323092678,0,0.4140984411111111,0.24597207303974222,0,-0.2163985479206147,0.0,-0.2096705548789528,-0.18700753900774347,-0.9936892796379602,0.6778913827617145,-0.26922194417304923,-0.23381566306244142,-0.1177555835995132
CERT000980,0.1446415450823974,0,32.790536905277776,0.03571428571428571,0,-0.4032261303587956,0.0,-0.23279801536772834,-0.18700753900774347,0.6517627149912124,-1.7655386981364607,-0.26922194417304923,-0.4356803034950625,-0.1177555835995132
CERT000981,0.418321374937427,0,5.794029926944445,0.12191192266380237,0,1.206698571319427,0.0,0.08485665892345876,-0.18700753900774347,-0.7202676367932613,-0.7638259829789712,-0.26922194417304923,1.3038212561068423,-0.1177555835995132
CERT000982,0.1225052616300167,1,70.81276422333333,0.24597207303974222,0,-1.5089598574751175,0.0,-0.25849115436817327,5.343072543078385,2.584147892254676,0.6778913827617145,-0.26922194417304923,-1.6304104302011413,-0.1177555835995132
CERT000983,0.2157304954542251,0,17.837642330833333,0.24597207303974222,0,-0.5897428838302862,0.0,-0.15028650040505456,-0.18700753900774347,-0.10818097771083257,0.6778913827617145,-0.26922194417304923,-0.6372090974922796,-0.1177555835995132
CERT000984,0.16687972912275853,0,3.6576122763888885,0.24597207303974222,0,0.2953661487104719,0.0,-0.20698660240422906,-0.18700753900774347,-0.82884575258442,0.6778913827617145,-0.26922194417304923,0.3191390726534524,-0.1177555835995132
CERT000985,0.2161295135780364,0,24.47919897722222,0.12191192266380237,0,-0.3874627806849589,0.0,-0.14982336809375965,-0.18700753900774347,0.2293596274220773,-0.7638259829789712,-0.26922194417304923,-0.4186482203711713,-0.1177555835995132
CERT000986,0.1715031290018605,0,40.432101702500006,0.24597207303974222,0,0.5052263109662805,0.0,-0.20162031514991444,-0.18700753900774347,1.0401262482931768,0.6778913827617145,-0.26922194417304923,0.5458900996808339,-0.1177555835995132
CERT000987,0.35635363246265866,0,1.8932161405555554,0.006713211600429645,0,-0.3043588974117884,0.0,0.012931946522074808,-0.18700753900774347,-0.9185167997638736,-2.1025635368810365,-0.26922194417304923,-0.3288556142871956,-0.1177555835995132
CERT000988,0.3687022900763359,0,21.50491554888889,0.24597207303974222,0,1.586412093697958,0.0,0.027264785059295017,-0.18700753900774347,0.07819906647402355,0.6778913827617145,-0.26922194417304923,1.7140965091611338,-0.1177555835995132
CERT000989,0.3008658008658009,0,27.724846000000003,0.12191192266380237,0,0.976193606240334,0.0,-0.051471663646642095,-0.18700753900774347,0.39431156842703724,-0.7638259829789712,-0.26922194417304923,1.054763802778068,-0.1177555835995132
CERT000990,0.19006656426011265,0,52.76733237611111,0.24597207303974222,0,0.5177055179136226,0.0,-0.18007410919162664,-0.18700753900774347,1.6670336809488264,0.6778913827617145,-0.26922194417304923,0.5593737116316713,-0.1177555835995132
CERT000991,0.11481342817920877,0,38.77914854694445,0.24597207303974222,1,-0.667492787880527,0.0,-0.2674189107571359,-0.18700753900774347,0.9561190135305349,0.6778913827617145,3.7114168018141793,-0.7212168024571819,-0.1177555835995132
CERT000992,0.13993868665790762,0,7.764404093611112,0.24597207303974222,0,-0.8735317635020815,0.0,-0.23825652855761228,-0.18700753900774347,-0.6201282682739047,0.6778913827617145,-0.26922194417304923,-0.9438390897348807,-0.1177555835995132
CERT000993,0.1549854580300254,1,1.5954231669444445,0.24597207303974222,0,-0.3473070383105301,0.0,-0.220792043645166,5.343072543078385,-0.9336513873114592,0.6778913827617145,-0.26922194417304923,-0.3752604914826855,-0.1177555835995132
CERT000994,0.20829493087557602,0,10.342126471944445,0.0378625134264232,0,1.042486737666611,0.0,-0.15891681066815652,-0.18700753900774347,-0.48912193681088006,-1.7405738952664918,-0.26922194417304923,1.1263926220555744,-0.1177555835995132
CERT000995,0.3462712187678809,0,53.32212321166667,0.24597207303974222,0,0.5717957577777605,0.0,0.001229491723048736,-0.18700753900774347,1.69522954591332,0.6778913827617145,-0.26922194417304923,0.6178174739423106,-0.1177555835995132
CERT000996,0.32949314886257813,0,6.870771131944445,0.24597207303974222,0,0.150687021601127,0.0,-0.018244476577161307,-0.18700753900774347,-0.6655449419104513,0.6778913827617145,-0.26922194417304923,0.1628152601259463,-0.1177555835995132
CERT000997,6.457167455876022,0,16.197332705,0.24597207303974222,0,3.012941182875499,0.0,7.094023852396515,-0.18700753900774347,-0.1915456365081281,0.6778913827617145,-0.26922194417304923,3.255441624777471,-0.1177555835995132
CERT000998,0.21433860652978795,0,3.6761298938888887,0.24597207303974222,0,-0.6148606395217949,0.0,-0.151902037886117,-0.18700753900774347,-0.8279046407112015,0.6778913827617145,-0.26922194417304923,-0.6643484880200062,-0.1177555835995132
CERT000999,0.3735686612139475,0,12.279584649722223,0.07357679914070892,0,-0.2685585335924807,0.0,0.03291308416674796,-0.18700753900774347,-0.3906554415951252,-1.3255340475532642,-0.26922194417304923,-0.29017381219229976,-0.1177555835995132
CERT001000,0.11035619216630752,0,3.988991646666667,0.24597207303974222,0,-0.9693562881483029,0.0,-0.27259233495382257,-0.18700753900774347,-0.8120042199246119,0.6778913827617145,-0.26922194417304923,-1.0473761743553323,-0.1177555835995132
CERT001001,0.4322196829542569,0,24.90409601416667,0.07357679914070892,0,1.3356667005566738,0.0,0.10098814551720328,-0.18700753900774347,0.25095396299811856,-1.3255340475532642,-0.26922194417304923,1.4431695509142164,-0.1177555835995132
CERT001002,0.22462333189840722,0,26.01771671,0.24597207303974222,0,-0.3488998040173205,0.0,-0.13996476399613536,-0.18700753900774347,0.3075509663172866,0.6778913827617145,-0.26922194417304923,-0.37698145298365143,-0.1177555835995132
CERT001003,0.2216500463190017,0,5.683135786666666,0.24597207303974222,0,-1.5600899655719482,0.0,-0.1434157967697272,-0.18700753900774347,-0.7259035557815315,0.6778913827617145,-0.26922194417304923,-1.685655810736229,-0.1177555835995132
CERT001004,0.2958651399491094,0,0.78763992,0.07357679914070892,0,0.2770503427067527,0.0,-0.057275830199850414,-0.18700753900774347,-0.9747049626262319,-1.3255340475532642,-0.26922194417304923,0.299349095472766,-0.1177555835995132
CERT001005,0.34701903413559854,0,9.263282466944444,0.24597207303974222,1,0.9539559771334863,0.0,0.0020974659803702023,-0.18700753900774347,-0.5439515012759679,0.6778913827617145,3.7114168018141793,1.030736349523337,-0.1177555835995132
CERT001006,0.16716040150708966,0,17.22703063166667,0.24597207303974222,0,0.5019757350612992,0.0,-0.20666083161259102,-0.18700753900774347,-0.13921379929340738,0.6778913827617145,-0.26922194417304923,0.542377896998047,-0.1177555835995132
CERT001007,1.30729529920491,0,22.772477099444444,0.24597207303974222,0,2.6624230362214476,0.0,1.1166708138654882,-0.18700753900774347,0.14261973102566325,0.6778913827617145,-0.26922194417304923,2.8767115747708476,-0.1177555835995132
CERT001008,0.2797957130697207,0,38.110820006388884,0.12191192266380237,0,1.1175591625141819,0.0,-0.07592729079204014,-0.18700753900774347,0.9221528769728687,-0.7638259829789712,-0.26922194417304923,1.2075073474643576,-0.1177555835995132
CERT001009,0.38746638963578584,0,3.140480058611111,0.07357679914070892,0,1.4773139044516999,0.0,0.04904389803624255,-0.18700753900774347,-0.8551277119225733,-1.3255340475532642,-0.26922194417304923,1.5962174119923143,-0.1177555835995132
CERT001010,0.48368475907961195,0,30.026132436944444,0.12191192266380237,0,2.3549617381371712,0.0,0.16072262431540535,-0.18700753900774347,0.5112687304099482,-0.7638259829789712,-0.26922194417304923,2.54450385910731,-0.1177555835995132
CERT001011,0.21431704054557815,0,14.4926527625,0.04484425349087003,0,0.7071067811865479,0.0,-0.15192706909025638,-0.18700753900774347,-0.27818175662045697,-1.659438285939094,-0.26922194417304923,0.7640191789074909,-0.1177555835995132
CERT001012,0.11971631205673759,0,24.750276928888887,0.0378625134264232,0,-1.1914305327212094,0.0,-0.26172823204680157,-0.18700753900774347,0.24313649039493257,-1.7405738952664918,-0.26922194417304923,-1.2873243498068296,-0.1177555835995132
CERT001013,0.28191735615674074,0,8.725153016944445,0.07357679914070892,0,0.5350919079541353,0.0,-0.0734647423312109,-0.18700753900774347,-0.571300592741084,-1.3255340475532642,-0.26922194417304923,0.5781594676113093,-0.1177555835995132
CERT001014,0.3807137433561124,0,0.11641352305555555,0.24597207303974222,0,0.0,0.0,0.04120623730797666,-0.18700753900774347,-1.0088183755305693,0.6778913827617145,-0.26922194417304923,-1.8544243495148533e-17,-0.1177555835995132
CERT001015,0.2394284509121586,0,7.641193036388889,0.24597207303974222,0,1.0283552201119406,0.0,-0.12278076011595672,-0.18700753900774347,-0.626390163945075,0.6778913827617145,-0.26922194417304923,1.1111237111554149,-0.1177555835995132
CERT001016,0.15359008738268065,0,2.8012996019444447,0.24597207303974222,0,0.017637632234578933,0.0,-0.22241162229198322,-0.18700753900774347,-0.872365715403997,0.6778913827617145,-0.26922194417304923,0.019057219724470713,-0.1177555835995132
CERT001017,0.20920378399684667,0,36.3095710575,0.0378625134264232,0,-1.7277544711214365,0.0,-0.15786192312906136,-0.18700753900774347,0.83060887718879,-1.7405738952664918,-0.26922194417304923,-1.8668150094175038,-0.1177555835995132
CERT001018,0.12702350764169693,0,7.749779361944444,0.24597207303974222,0,-0.46838752270715583,0.0,-0.2532469170929309,-0.18700753900774347,-0.6208715339026571,0.6778913827617145,-0.26922194417304923,-0.5060862942209935,-0.1177555835995132
CERT001019,0.17804329491144222,0,13.626066610833334,0.24597207303974222,0,0.12739356755618816,0.0,-0.19402927611382986,-0.18700753900774347,-0.32222384337920007,0.6778913827617145,-0.26922194417304923,0.13764700250653808,-0.1177555835995132
CERT001020,0.1494983586850987,0,69.63119770833333,0.04484425349087003,0,-0.11549076458931953,0.0,-0.22716080949882558,-0.18700753900774347,2.524097711594886,-1.659438285939094,-0.26922194417304923,-0.12478618715106289,-0.1177555835995132
CERT001021,0.25022182786157937,0,12.749258995833333,0.24597207303974222,0,1.7877191642010337,0.0,-0.11025310456608885,-0.18700753900774347,-0.36678541060051717,0.6778913827617145,-0.26922194417304923,1.9316060378577005,-0.1177555835995132
CERT001022,0.13084041069844085,0,77.36337075222222,0.24597207303974222,0,-0.565564922279486,0.0,-0.24881671448014325,-0.18700753900774347,2.9170661837746246,0.6778913827617145,-0.26922194417304923,-0.6110851416440527,-0.1177555835995132
CERT001023,0.406989798408747,0,28.83631771944444,0.24597207303974222,0,1.4855997014362834,0.0,0.07170432594616113,-0.18700753900774347,0.45079935536376015,0.6778913827617145,-0.26922194417304923,1.6051701019921654,-0.1177555835995132
CERT001024,0.17761495704901464,0,28.00818223222222,0.24597207303974222,0,-1.5888603852489456,0.0,-0.19452643925606103,-0.18700753900774347,0.40871142803410176,0.6778913827617145,-0.26922194417304923,-1.7167418546029818,-0.1177555835995132
CERT001025,0.2380802352446965,0,5.690245689444445,0.24597207303974222,0,-1.3308246435016295,0.0,-0.12434560692600047,-0.18700753900774347,-0.7255422126486152,0.6778913827617145,-0.26922194417304923,-1.4379377746763895,-0.1177555835995132
CERT001026,0.348862777434206,0,4.729115098888888,0.24597207303974222,0,0.8697423432183512,0.0,0.004237461745881875,-0.18700753900774347,-0.7743892854691513,0.6778913827617145,-0.26922194417304923,0.9397446730912548,-0.1177555835995132
CERT001027,0.20463438182834495,0,3.3184263541666668,0.24597207303974222,0,0.480961450251302,0.0,-0.1631655363266789,-0.18700753900774347,-0.8460840338391168,0.6778913827617145,-0.26922194417304923,0.5196722504775584,-0.1177555835995132
CERT001028,0.26135287373510796,0,13.654325030555556,0.24597207303974222,0,0.011974053867166006,0.0,-0.09733352348717286,-0.18700753900774347,-0.32078767944941944,0.6778913827617145,-0.26922194417304923,0.01293780097602077,-0.1177555835995132
CERT001029,0.13672735706830572,0,32.89087425305556,0.24597207303974222,0,-0.24073484884487148,0.0,-0.24198385422632157,-0.18700753900774347,0.6568621112456671,0.6778913827617145,-0.26922194417304923,-0.26011070243202006,-0.1177555835995132
CERT001030,0.17076610169491524,0,18.07321755222222,0.24597207303974222,0,-0.2565442104642538,0.0,-0.2024757679220658,-0.18700753900774347,-0.09620845274183171,0.6778913827617145,-0.26922194417304923,-0.27719250083200664,-0.1177555835995132
CERT001031,0.1936077744914589,0,7.039930996388889,0.24597207303974222,0,0.7261948007682832,0.0,-0.17596389769657134,-0.18700753900774347,-0.6569478123444746,0.6778913827617145,-0.26922194417304923,0.7846435222681015,-0.1177555835995132
CERT001032,0.13938053097345132,0,7.451490792777777,0.24597207303974222,0,-0.9872906267876802,0.0,-0.23890436863498904,-0.18700753900774347,-0.6360313088622654,0.6778913827617145,-0.26922194417304923,-1.0667539812807774,-0.1177555835995132
CERT001033,0.20731973841265575,0,0.6633651308333333,0.12191192266380237,0,1.1192172243552496,0.0,-0.16004869694689416,-0.18700753900774347,-0.9810209198289592,-0.7638259829789712,-0.26922194417304923,1.2092988605428558,-0.1177555835995132
CERT001034,0.16890160098064708,0,3.238820507222222,0.24597207303974222,0,-0.4456084896558048,0.0,-0.20463985640246377,-0.18700753900774347,-0.8501298031038201,0.6778913827617145,-0.26922194417304923,-0.4814738614297311,-0.1177555835995132
CERT001035,0.13560153522061583,1,37.55248127805556,0.12191192266380237,0,-0.693715289325022,0.0,-0.24329057300251808,5.343072543078385,0.8937766991782791,-0.7638259829789712,-0.26922194417304923,-0.7495498556191174,-0.1177555835995132
CERT001036,0.12759856630824373,0,47.30995465583334,0.24597207303974222,0,-1.2807020329252716,0.0,-0.2525794580641928,-0.18700753900774347,1.3896760257757743,0.6778913827617145,-0.26922194417304923,-1.383780981394066,-0.1177555835995132
CERT001037,0.1337297036276936,0,13.088798355833333,0.24597207303974222,0,-1.7816737540172247,0.0,-0.2454631702863319,-0.18700753900774347,-0.3495291667494382,0.6778913827617145,-0.26922194417304923,-1.9250740550685632,-0.1177555835995132
CERT001038,0.21175112407339897,0,15.816190635555557,0.24597207303974222,0,-0.7531881783120072,0.0,-0.15490527673405763,-0.18700753900774347,-0.21091623463919068,0.6778913827617145,-0.26922194417304923,-0.8138094964824757,-0.1177555835995132
CERT001039,0.19251546571403674,0,22.524609292222223,0.03571428571428571,0,-0.41050168051719643,0.0,-0.17723171852611966,-0.18700753900774347,0.13002246594199557,-1.7655386981364607,-0.26922194417304923,-0.443541435655037,-0.1177555835995132
CERT001040,0.29850634690429556,0,45.15152091611111,0.24597207303974222,0,-0.36536075322147354,0.0,-0.05421023440665769,-0.18700753900774347,1.279978996986408,0.6778913827617145,-0.26922194417304923,-0.39476728283227935,-0.1177555835995132
CERT001041,0.22916590485245183,0,12.66612031611111,0.24597207303974222,0,-0.3312426661482421,0.0,-0.1346922909281517,-0.18700753900774347,-0.37101072730825746,0.6778913827617145,-0.26922194417304923,-0.3579031576886292,-0.1177555835995132
CERT001042,0.35617735686612134,0,29.861184259444446,0.24597207303974222,0,-0.2779394218154967,0.0,0.01272734698241122,-0.18700753900774347,0.5028856493623459,0.6778913827617145,-0.26922194417304923,-0.3003097332557986,-0.1177555835995132
CERT001043,0.3536240090600226,0,29.63357559361111,0.24597207303974222,0,1.1699686985984907,0.0,0.009763727536549808,-0.18700753900774347,0.4913180047739872,0.6778913827617145,-0.26922194417304923,1.2641351323922076,-0.1177555835995132
CERT001044,0.3640357299751062,0,55.338485293055555,0.24597207303974222,0,0.9117069282738918,0.0,0.02184840260319076,-0.18700753900774347,1.7977061358689461,0.6778913827617145,-0.26922194417304923,0.9850868316879055,-0.1177555835995132
CERT001045,0.14822653009396425,0,15.200605353611111,0.24597207303974222,0,-0.39028029554607724,0.0,-0.22863699536566506,-0.18700753900774347,-0.24220182620173755,0.6778913827617145,-0.26922194417304923,-0.4216925065356161,-0.1177555835995132
CERT001046,0.3891774210471094,0,6.399767436666666,0.24597207303974222,0,0.5882091518535165,0.0,0.05102985778327207,-0.18700753900774347,-0.6894825337715912,0.6778913827617145,-0.26922194417304923,0.6355519211269371,-0.1177555835995132
CERT001047,0.21467023917799466,0,11.970929644166667,0.24597207303974222,0,-0.2559320167517357,0.0,-0.15151711854110636,-0.18700753900774347,-0.406342064912442,0.6778913827617145,-0.26922194417304923,-0.27653103392203654,-0.1177555835995132
CERT001048,0.25719333669863703,0,26.286552094166666,0.24597207303974222,0,-0.5730671623628685,0.0,-0.10216141446920907,-0.18700753900774347,0.3212138563721495,0.6778913827617145,-0.26922194417304923,-0.6191912091588551,-0.1177555835995132
CERT001049,0.14904975443092036,0,10.548727460277776,0.24597207303974222,0,-0.5252278564046171,0.0,-0.2276814954343662,-0.18700753900774347,-0.47862195520475964,0.6778913827617145,-0.26922194417304923,-0.5675014952002432,-0.1177555835995132
CERT001050,0.12459949409780775,1,3.507399458333333,0.24597207303974222,0,-0.3367426953151162,0.0,-0.25606042086180353,5.343072543078385,-0.8364799456214936,0.6778913827617145,-0.26922194417304923,-0.36384586376901934,-0.1177555835995132
CERT001051,0.2750648701034796,0,20.114901745555557,0.12191192266380237,0,-0.48027577734064525,0.0,-0.08141828507671249,-0.18700753900774347,0.007555070600656459,-0.7638259829789712,-0.26922194417304923,-0.5189313903017869,-0.1177555835995132
CERT001052,0.23188839866834082,0,6.7977469225,0.24597207303974222,0,0.7729513892224525,0.0,-0.13153234711057446,-0.18700753900774347,-0.6692562158116733,0.6778913827617145,-0.26922194417304923,0.835163374813322,-0.1177555835995132
CERT001053,0.23629471910901054,0,2.5919430833333332,0.24597207303974222,0,0.68163340647054,0.0,-0.12641801959456803,-0.18700753900774347,-0.8830057399860255,0.6778913827617145,-0.26922194417304923,0.736495546901206,-0.1177555835995132
CERT001054,0.12489539145239952,0,3.535278573888889,0.008592910848549946,0,-1.0105827240707173,0.0,-0.255716978753387,-0.18700753900774347,-0.8350630588830045,-2.080719334369814,-0.26922194417304923,-1.091920772937559,-0.1177555835995132
CERT001055,0.2993293846982231,0,22.30124096361111,0.24597207303974222,0,-0.1994048095581656,0.0,-0.05325495099210031,-0.18700753900774347,0.1186703259511524,0.6778913827617145,-0.26922194417304923,-0.2154541618356249,-0.1177555835995132
CERT001056,1.1197321078693312,0,19.66640903472222,0.24597207303974222,0,2.037409473197019,0.0,0.89896998993455,-0.18700753900774347,-0.015238456440130445,0.6778913827617145,-0.26922194417304923,2.2013929921563924,-0.1177555835995132
CERT001057,0.14657943067033977,0,75.42006719555556,0.24597207303974222,0,-0.37028495996937805,0.0,-0.23054875054036605,-0.18700753900774347,2.818302611708903,0.6778913827617145,-0.26922194417304923,-0.4000878206865362,-0.1177555835995132
CERT001058,0.17880971443821725,0,18.710672686944445,0.24597207303974222,0,0.7352290426310563,0.0,-0.19313970838325545,-0.18700753900774347,-0.06381138028198761,0.6778913827617145,-0.26922194417304923,0.7944048966937084,-0.1177555835995132
CERT001059,0.25592955546087204,0,13.390963071111111,0.04484425349087003,0,1.141758782626497,0.0,-0.10362825993484022,-0.18700753900774347,-0.3341723963001295,-1.659438285939094,-0.26922194417304923,1.2336547050912483,-0.1177555835995132
CERT001060,0.15443335290663535,0,123.91637552694445,0.24597207303974222,0,0.08474558152398576,0.0,-0.22143286095800144,-0.18700753900774347,5.283006917105366,0.6778913827617145,-0.26922194417304923,0.09156643852763716,-0.1177555835995132
CERT001061,0.33182338355903107,0,1.3576125625000002,0.24597207303974222,0,0.3497407947602516,0.0,-0.015539820030437069,-0.18700753900774347,-0.9457375200669248,0.6778913827617145,-0.26922194417304923,0.37789013194696847,-0.1177555835995132
CERT001062,0.1205521259624055,0,20.23790807111111,0.24597207303974222,0,-0.46675150075680155,0.0,-0.2607581196562991,-0.18700753900774347,0.013806561293846937,0.6778913827617145,-0.26922194417304923,-0.504318594942128,-0.1177555835995132
CERT001063,0.18524506466984342,1,56.34643137472222,0.24597207303974222,0,0.8396086056154174,0.0,-0.18567032679653142,5.343072543078385,1.8489324896382986,0.6778913827617145,-0.26922194417304923,0.907185582903809,-0.1177555835995132
CERT001064,0.14416131621187803,0,8.960135377777778,0.0378625134264232,0,-0.3765993350828809,0.0,-0.23335540735942487,-0.18700753900774347,-0.5593581984359224,-1.7405738952664918,-0.26922194417304923,-0.4069104163932794,-0.1177555835995132
CERT001065,2.013744654856445,0,74.47114007555557,0.12191192266380237,0,2.2532323754890724,0.0,1.9366323729309756,-0.18700753900774347,2.7700757499405886,-0.7638259829789712,-0.26922194417304923,2.434586678012312,-0.1177555835995132
CERT001066,0.14341982517361712,0,20.24118735277778,0.0018796992481203006,0,-0.06460187816667425,0.0,-0.2342160410947402,-0.18700753900774347,0.0139732226320093,-2.1587343433384656,-0.26922194417304923,-0.06980144332651071,-0.1177555835995132
CERT001067,0.1799784234217477,0,5.610492830277778,0.24597207303974222,0,-0.30373704587608397,0.0,-0.19178321137103063,-0.18700753900774347,-0.7295954534440292,0.6778913827617145,-0.26922194417304923,-0.32818371223173237,-0.1177555835995132
CERT001068,0.2326751143476999,0,8.380349099166667,0.24597207303974222,0,1.325575908967134,0.0,-0.13061922204388995,-0.18700753900774347,-0.5888243946531238,0.6778913827617145,-0.26922194417304923,1.432266588999709,-0.1177555835995132
CERT001069,0.3314076622485607,0,35.94885968361111,0.24597207303974222,0,1.2568865245366683,0.0,-0.016022339394554316,-0.18700753900774347,0.8122766183670604,0.6778913827617145,-0.26922194417304923,1.3580486512164478,-0.1177555835995132
CERT001070,0.26781192359396006,0,1.049704048611111,0.24597207303974222,0,-0.5677400213424351,0.0,-0.08983663421977224,-0.18700753900774347,-0.9613862048011189,0.6778913827617145,-0.26922194417304923,-0.6134353063494855,-0.1177555835995132
CERT001071,0.1339316172032853,0,21.832823536388887,0.07357679914070892,0,-1.1228154838234143,0.0,-0.24522881326000837,-0.18700753900774347,0.0948641747342751,-1.3255340475532642,-0.26922194417304923,-1.2131867305470865,-0.1177555835995132
CERT001072,0.177464604945521,0,58.07713416388889,0.03571428571428571,0,0.6970447977396855,0.0,-0.19470094991871953,-0.18700753900774347,1.936891156237666,-1.7655386981364607,-0.26922194417304923,0.7531473437960349,-0.1177555835995132
CERT001073,0.41384180790960456,0,51.458853043611114,0.24597207303974222,0,1.5661773347071177,0.0,0.07965731556687224,-0.18700753900774347,1.6005334718546083,0.6778913827617145,-0.26922194417304923,1.6922331295968327,-0.1177555835995132
CERT001074,0.3615749330035044,0,3.7238610227777778,0.24597207303974222,0,1.090055898894382,0.0,0.01899220504955676,-0.18700753900774347,-0.8254788247486752,0.6778913827617145,-0.26922194417304923,1.177790448338012,-0.1177555835995132
CERT001075,0.34540993759230143,0,9.97665384388889,0.04484425349087003,0,0.703396157602147,0.0,0.0002298199845550535,-0.18700753900774347,-0.5076961745387869,-1.659438285939094,-0.26922194417304923,0.7600099010167719,-0.1177555835995132
CERT001076,0.39451239669421484,0,29.32293020527778,0.24597207303974222,0,1.1097831276936914,0.0,0.05722205672036722,-0.18700753900774347,0.4755302252002344,0.6778913827617145,-0.26922194417304923,1.1991054484912804,-0.1177555835995132
CERT001077,0.3670761368184477,0,8.599824047222222,0.04484425349087003,0,0.7233477738643673,0.0,0.0253773416778969,-0.18700753900774347,-0.5776701260497736,-1.659438285939094,-0.26922194417304923,0.7815673487461798,-0.1177555835995132
CERT001078,0.3425906251328036,0,3.6257914541666665,0.24597207303974222,0,1.157170860713985,0.0,-0.0030424992854520337,-0.18700753900774347,-0.830462966764857,0.6778913827617145,-0.26922194417304923,1.2503072440838765,-0.1177555835995132
CERT001079,0.3169279377810184,0,18.233083216666664,0.24597207303974222,0,-0.46301040474021005,0.0,-0.03282866436925086,-0.18700753900774347,-0.08808367778476027,0.6778913827617145,-0.26922194417304923,-0.5002763920063649,-0.1177555835995132
CERT001080,0.12166508488874829,0,26.41194634138889,0.04484425349087003,0,-0.8916710153070924,0.0,-0.25946633061421237,-0.18700753900774347,0.3275867072474919,-1.659438285939094,-0.26922194417304923,-0.9634383025253523,-0.1177555835995132
CERT001081,0.2531207769303008,0,19.85859389388889,0.24597207303974222,1,-0.7895561481795081,0.0,-0.10688835268539955,-0.18700753900774347,-0.005471138759301576,0.6778913827617145,3.7114168018141793,-0.8531045891275708,-0.1177555835995132
CERT001082,0.1404232280063127,0,7.287849580555555,0.24597207303974222,0,-1.0677954481328384,0.0,-0.23769413115956595,-0.18700753900774347,-0.6443479666488409,0.6778913827617145,-0.26922194417304923,-1.153738336598387,-0.1177555835995132
CERT001083,0.23573102038781715,0,15.10421786638889,0.24597207303974222,0,-0.7978501155700278,0.0,-0.12707229336320452,-0.18700753900774347,-0.24710048061311246,0.6778913827617145,-0.26922194417304923,-0.8620661071389765,-0.1177555835995132
CERT001084,0.12852890339927023,0,2.7992867380555557,0.12191192266380237,0,-0.6143853031117715,0.0,-0.25149963451348545,-0.18700753900774347,-0.8724680142070154,-0.7638259829789712,-0.26922194417304923,-0.663834893548346,-0.1177555835995132
CERT001085,0.35075338546633605,0,15.749527126111111,0.24597207303974222,0,0.640684096139629,0.0,0.006431852465054314,-0.18700753900774347,-0.2143042417761013,0.6778913827617145,-0.26922194417304923,0.6922503787197445,-0.1177555835995132
CERT001086,0.16883796120197794,0,39.57728186305556,0.24597207303974222,0,-1.4907986335210397,0.0,-0.2047137218136481,-0.18700753900774347,0.9966821551011723,0.6778913827617145,-0.26922194417304923,-1.6107874768049568,-0.1177555835995132
CERT001087,0.29182828388719995,0,12.690342710833335,0.24597207303974222,0,-0.16927624911338138,0.0,-0.061961327842060696,-0.18700753900774347,-0.3697796843152336,0.6778913827617145,-0.26922194417304923,-0.18290066549655365,-0.1177555835995132
CERT001088,0.1898655464507303,0,0.6529382861111112,0.24597207303974222,0,0.3960525576814431,0.0,-0.1803074265201265,-0.18700753900774347,-0.9815508382900295,0.6778913827617145,-0.26922194417304923,0.4279293566047113,-0.1177555835995132
CERT001089,0.37908740188905143,0,24.278150718055556,0.24597207303974222,0,1.1149184265599341,0.0,0.039318575475976975,-0.18700753900774347,0.21914184947134163,0.6778913827617145,-0.26922194417304923,1.204654068484215,-0.1177555835995132
CERT001090,0.3316571774071648,0,17.19635774416667,0.24597207303974222,0,-0.30722225225330274,0.0,-0.015732732168186606,-0.18700753900774347,-0.1407726725454413,0.6778913827617145,-0.26922194417304923,-0.3319494299217503,-0.1177555835995132
CERT001091,0.18981064021641117,0,32.07640553722222,0.12191192266380237,0,-0.2288819244500862,0.0,-0.180371155082032,-0.18700753900774347,0.6154687635952055,-0.7638259829789712,-0.26922194417304923,-0.2473037801895825,-0.1177555835995132
CERT001092,0.2687028956763189,0,43.169094953611115,0.01342642320085929,0,-0.16075236612918642,0.9958215612770359,-0.08880250084292034,-0.18700753900774347,1.1792271259055123,-2.0245485279123847,-0.26922194417304923,-0.1736907268395376,8.485328818200216
CERT001093,0.14133850020946795,1,17.45128498861111,0.24597207303974222,0,-0.630712754491767,0.0,-0.23663179312122729,5.343072543078385,-0.1278166291152572,0.6778913827617145,-0.26922194417304923,-0.6814764808289312,-0.1177555835995132
CERT001094,0.11992936028888479,0,23.157980008333332,0.022556390977443608,0,-1.0221353487001563,0.0,-0.26148095124855325,-0.18700753900774347,0.16221195798010807,-1.9184481157150182,-0.26922194417304923,-1.1044032254022342,-0.1177555835995132
CERT001095,0.331848642112158,0,1.7478141766666666,0.12191192266380237,0,-0.3065295876917863,0.0,-0.01551050293582018,-0.18700753900774347,-0.9259064930980793,-0.7638259829789712,-0.26922194417304923,-0.3312010153631173,-0.1177555835995132
CERT001096,10.937927262783703,0,24.630123491944445,0.24597207303974222,0,2.8456109098247935,0.0,12.294751643678223,-0.18700753900774347,0.23702999067290176,0.6778913827617145,-0.26922194417304923,3.0746435597270403,-0.1177555835995132
CERT001097,0.2039652146162438,0,0.8790830055555556,0.24597207303974222,0,1.4529880860360722,0.0,-0.1639422252515402,-0.18700753900774347,-0.970057595137403,0.6778913827617145,-0.26922194417304923,1.5699336988295391,-0.1177555835995132
CERT001098,0.2030058405565269,0,2.6087515808333333,0.24597207303974222,0,-0.28357368790543713,0.0,-0.16505575142781787,-0.18700753900774347,-0.8821514898878035,0.6778913827617145,-0.26922194417304923,-0.3063974804904655,-0.1177555835995132
CERT001099,0.11812420785804817,0,8.422961676111111,0.24597207303974222,0,-0.9451945712296873,0.0,-0.26357615536997897,-0.18700753900774347,-0.5866587163680607,0.6778913827617145,-0.26922194417304923,-1.0212697706093812,-0.1177555835995132
CERT001100,0.17932540645474399,0,13.684724954722222,0.24597207303974222,0,1.5655257097784785,0.0,-0.19254115503121946,-0.18700753900774347,-0.3192426788801944,0.6778913827617145,-0.26922194417304923,1.6915290577986535,-0.1177555835995132
CERT001101,0.19172097095236917,0,22.708424190555558,0.07357679914070892,0,0.8262256428630707,0.0,-0.1781538726171875,-0.18700753900774347,0.13936440117183552,-1.3255340475532642,-0.26922194417304923,0.8927254752009245,-0.1177555835995132
CERT001102,0.6862606897847947,0,3.843542215833333,0.24597207303974222,0,2.0131081444488452,0.0,0.3958484328979202,-0.18700753900774347,-0.8193963256482624,0.6778913827617145,-0.26922194417304923,2.1751357397434186,-0.1177555835995132
CERT001103,0.16354597576021482,0,55.53290373527778,0.24597207303974222,0,-0.3886069402530616,0.0,-0.21085602288401717,-0.18700753900774347,1.8075869698557143,0.6778913827617145,-0.26922194417304923,-0.41988446909204213,-0.1177555835995132
CERT001104,0.18898968338669514,0,7.753583074444444,0.12191192266380237,0,-0.4034486463385314,0.0,-0.1813240231632812,-0.18700753900774347,-0.620678219671166,-0.7638259829789712,-0.26922194417304923,-0.43592072895929895,-0.1177555835995132
CERT001105,0.28079194347780234,0,12.475045120833332,0.24597207303974222,0,1.702749928724535,0.0,-0.07477098619346673,-0.18700753900774347,-0.380721649080643,0.6778913827617145,-0.26922194417304923,1.8397979443018484,-0.1177555835995132
CERT001106,0.12426069813290037,0,19.543436181666664,0.022556390977443608,0,-0.8758022415031255,0.0,-0.25645365452444074,-0.18700753900774347,-0.0214882459767238,-1.9184481157150182,-0.26922194417304923,-0.9462923100747765,-0.1177555835995132
CERT001107,0.23442524115755628,0,0.33350778527777775,0.24597207303974222,0,-1.1084948758578512,0.0,-0.12858788505406618,-0.18700753900774347,-0.9977850993661307,0.6778913827617145,-0.26922194417304923,-1.1977135100513845,-0.1177555835995132
CERT001108,0.1788391684055955,0,1.1179973133333334,0.24597207303974222,0,0.8197069565083736,0.0,-0.1931055217556948,-0.18700753900774347,-0.9579153694039121,0.6778913827617145,-0.26922194417304923,0.8856821240002559,-0.1177555835995132
CERT001109,0.4078347107438016,0,9.721063016666667,0.12191192266380237,0,1.2354986385964721,0.0,0.07268499870066611,-0.18700753900774347,-0.5206859429139339,-0.7638259829789712,-0.26922194417304923,1.3349393337988218,-0.1177555835995132
CERT001110,0.2874042597838632,0,9.147670558333333,0.12191192266380237,0,-0.15750282631725462,0.0,-0.06709620364327046,-0.18700753900774347,-0.5498271891110453,-0.7638259829789712,-0.26922194417304923,-0.17017964364108026,-0.1177555835995132
CERT001111,0.2201760728107855,0,4.421824881111111,0.24597207303974222,0,-1.524366185958745,0.0,-0.14512660817630502,-0.18700753900774347,-0.7900065468406297,0.6778913827617145,-0.26922194417304923,-1.6470567568256553,-0.1177555835995132
CERT001112,0.3555087204862702,0,6.5588170266666665,0.01933404940923738,0,0.4923944689383629,0.0,0.011951274183866427,-0.18700753900774347,-0.6813992337693348,-1.955895320019971,-0.26922194417304923,0.5320254703619224,-0.1177555835995132
CERT001113,0.24093517534537728,0,46.331014563888886,0.24597207303974222,0,-0.460727809955469,0.0,-0.12103193536941191,-0.18700753900774347,1.3399238293229356,0.6778913827617145,-0.26922194417304923,-0.4978100796478694,-0.1177555835995132
CERT001114,0.13051291121330033,0,4.383323169166666,0.24597207303974222,0,-1.3944190854881024,0.0,-0.24919683654590874,-0.18700753900774347,-0.7919633006319938,0.6778913827617145,-0.26922194417304923,-1.5066506970274578,-0.1177555835995132
CERT001115,0.13156908313966564,0,14.621759579166666,0.24597207303974222,0,-0.685715366280665,0.0,-0.24797095903260138,-0.18700753900774347,-0.2716202236328336,0.6778913827617145,-0.26922194417304923,-0.7409060484908411,-0.1177555835995132
CERT001116,0.25042388276613786,0,4.276985431111111,0.015843179377013964,0,-0.11787630308480149,0.0,-0.11001858350207597,-0.18700753900774347,-0.7973676518048852,-1.99646312468367,-0.26922194417304923,-0.12736372877711258,-0.1177555835995132
CERT001117,0.38697633935729175,0,42.228259440277775,0.24597207303974222,0,1.5302860488848675,0.0,0.048475106533836985,-0.18700753900774347,1.131411499929675,0.6778913827617145,-0.26922194417304923,1.6534530875247777,-0.1177555835995132
CERT001118,0.3956977195326982,0,44.61317158277778,0.0018796992481203006,0,0.9227283282459527,0.0,0.05859783709989972,-0.18700753900774347,1.2526187304975223,-2.1587343433384656,-0.26922194417304923,0.9969953031961762,-0.1177555835995132
CERT001119,0.1330891330891331,0,16.6614748875,0.12191192266380237,0,-0.4549956947998851,0.0,-0.24620666762734805,-0.18700753900774347,-0.16795676397567127,-0.7638259829789712,-0.26922194417304923,-0.49161660783980166,-0.1177555835995132
CERT001120,0.24882313382649632,0,32.03877538138889,0.24597207303974222,0,-0.5730645295260878,0.0,-0.11187654060221429,-0.18700753900774347,0.6135563044764333,0.6778913827617145,-0.26922194417304923,-0.6191883644148236,-0.1177555835995132
CERT001121,0.27792305933121875,0,16.493208097222222,0.24597207303974222,0,-0.12170652019256216,0.0,-0.0781008423236934,-0.18700753900774347,-0.176508505267378,0.6778913827617145,-0.26922194417304923,-0.13150222582956372,-0.1177555835995132
CERT001122,0.19731371374796816,0,20.520454412777777,0.12191192266380237,0,1.1718035936097408,0.0,-0.17166248853502317,-0.18700753900774347,0.028166276677154108,-0.7638259829789712,-0.26922194417304923,1.2661177112857722,-0.1177555835995132
CERT001123,0.18200287818505034,0,99.73092438916666,0.04484425349087003,0,-0.2801091984820347,0.0,-0.1894334674428983,-0.18700753900774347,4.053841489916456,-1.659438285939094,-0.26922194417304923,-0.30265414718490735,-0.1177555835995132
CERT001124,0.29501130770254086,0,4.311639749722222,0.24597207303974222,0,-0.5197227964389028,0.0,-0.05826685611625321,-0.18700753900774347,-0.7956064322147726,0.6778913827617145,-0.26922194417304923,-0.561553353410705,-0.1177555835995132
CERT001125,0.384297520661157,0,21.38433444888889,0.07357679914070892,0,1.0133908376962744,0.0,0.04536585554936885,-0.18700753900774347,0.07207083184039723,-1.3255340475532642,-0.26922194417304923,1.0949549011959205,-0.1177555835995132
CERT001126,0.13739476429628553,0,30.925574998333335,0.24597207303974222,0,-0.5687044386896839,0.0,-0.24120920807963325,-0.18700753900774347,0.5569806625092659,0.6778913827617145,-0.26922194417304923,-0.6144773460659378,-0.1177555835995132
CERT001127,0.34433714360793594,0,18.010935393055554,0.0378625134264232,0,0.4474037069168741,0.0,-0.001015350417171953,-0.18700753900774347,-0.09937378864324745,-1.7405738952664918,-0.26922194417304923,0.4834135690584165,-0.1177555835995132
CERT001128,1.2285903409383974,0,16.57798525888889,0.24597207303974222,0,2.0336382524952525,0.0,1.0253195517118476,-0.18700753900774347,-0.17219991678820323,0.6778913827617145,-0.26922194417304923,2.197318239911466,-0.1177555835995132
CERT001129,0.3411021007598493,0,33.120447984444446,0.24597207303974222,0,-0.2650236754047258,0.0,-0.0047701995880857625,-0.18700753900774347,0.6685296254055829,0.6778913827617145,-0.26922194417304923,-0.28635444640198576,-0.1177555835995132
CERT001130,0.26972080220212347,0,86.72380968055555,0.07357679914070892,0,-0.5707790951261731,0.0,-0.08762103721045388,-0.18700753900774347,3.392787221537234,-1.3255340475532642,-0.26922194417304923,-0.616718983891079,-0.1177555835995132
CERT001131,0.11604435934258815,0,38.80045601138889,0.007787325456498389,0,-0.9201540049404817,0.0,-0.2659901937121667,-0.18700753900774347,0.9572019124389307,-2.0900811354460522,-0.26922194417304923,-0.9942137821721692,-0.1177555835995132
CERT001132,0.1627872276932259,0,10.148537365000001,0.24597207303974222,0,-0.4115427373573498,0.0,-0.21173668650550548,-0.18700753900774347,-0.49896062189394647,0.6778913827617145,-0.26922194417304923,-0.44466628329244096,-0.1177555835995132
CERT001133,0.2384095852253215,0,16.417743063333333,0.24597207303974222,0,-0.40724497977657587,0.0,-0.1239633370273431,-0.18700753900774347,-0.18034382800291185,0.6778913827617145,-0.26922194417304923,-0.4400226151713456,-0.1177555835995132
CERT001134,0.2019457825635213,0,2.1492688608333332,0.24597207303974222,0,1.2826088046977309,0.0,-0.16628613942051843,-0.18700753900774347,-0.9055035568224794,0.6778913827617145,-0.26922194417304923,1.3858412221423075,-0.1177555835995132
CERT001135,0.2033848517715112,0,0.9838532583333333,0.24597207303974222,0,-1.287102056866446,0.0,-0.1646158407332215,-0.18700753900774347,-0.9647329075068659,0.6778913827617145,-0.26922194417304923,-1.390696119484411,-0.1177555835995132
CERT001136,0.13178516819571864,0,0.4249795225,0.12191192266380237,0,-0.29665119864123896,0.0,-0.24772015345392184,-0.18700753900774347,-0.9931362757275738,-0.7638259829789712,-0.26922194417304923,-0.32052755147883194,-0.1177555835995132
CERT001137,0.21844476414022865,0,29.53882319611111,0.24597207303974222,0,-0.299477139038634,0.0,-0.14713610333031238,-0.18700753900774347,0.4865024497327856,0.6778913827617145,-0.26922194417304923,-0.3235809413196651,-0.1177555835995132
CERT001138,0.13842448285633324,0,35.00364561777778,0.24597207303974222,0,-0.8065329964750784,0.0,-0.24001403445658326,-0.18700753900774347,0.7642384633458287,0.6778913827617145,-0.26922194417304923,-0.8714478408687766,-0.1177555835995132
CERT001139,0.16146567344473525,0,23.706677796388888,0.24597207303974222,0,0.31831476393323477,0.0,-0.21327058794276083,-0.18700753900774347,0.19009815895319795,0.6778913827617145,-0.26922194417304923,0.3439347366550591,-0.1177555835995132
CERT001140,0.128366601068316,0,12.066668857777778,0.07357679914070892,0,-1.3848243183387081,0.0,-0.2516880155648157,-0.18700753900774347,-0.4014763573956938,-1.3255340475532642,-0.26922194417304923,-1.4962836827174155,-0.1177555835995132
CERT001141,0.25031806615776087,0,11.28038098861111,0.24597207303974222,0,-0.5417295819305405,0.0,-0.11014140271124603,-0.18700753900774347,-0.44143748357407053,0.6778913827617145,-0.26922194417304923,-0.5853313833052856,-0.1177555835995132
CERT001142,0.36678333617893116,0,68.71592978583334,0.24597207303974222,0,1.5675641313945798,0.0,0.02503749386438743,-0.18700753900774347,2.4775814948601598,0.6778913827617145,-0.26922194417304923,1.6937315443973362,-0.1177555835995132
CERT001143,0.3094865142689314,0,76.00277918222223,0.24597207303974222,0,-0.059123879425167114,0.0,-0.04146577497855992,-0.18700753900774347,2.847917499764493,0.6778913827617145,-0.26922194417304923,-0.06388254081857621,-0.1177555835995132
CERT001144,0.30297650748565,0,5.550141909722222,0.24597207303974222,0,0.18187713375891623,0.0,-0.04902180892330503,-0.18700753900774347,-0.7326626389442428,0.6778913827617145,-0.26922194417304923,0.19651574853144485,-0.1177555835995132
CERT001145,0.13205499276410998,0,52.52278017416667,0.24597207303974222,0,-0.3695117872565983,0.0,-0.24740697350407492,-0.18700753900774347,1.6546049232605524,0.6778913827617145,-0.26922194417304923,-0.3992524181746547,-0.1177555835995132
CERT001146,0.18576548899129544,0,10.223816993611113,0.12191192266380237,0,0.39388073572471516,0.0,-0.1850662807533443,-0.18700753900774347,-0.49513472192072394,-0.7638259829789712,-0.26922194417304923,0.42558273276760406,-0.1177555835995132
CERT001147,0.21986713065485605,0,13.959115580833334,0.24597207303974222,0,0.7094254089006302,0.0,-0.14548519112327837,-0.18700753900774347,-0.3052974574642632,0.6778913827617145,-0.26922194417304923,0.7665244243519381,-0.1177555835995132
CERT001148,0.38765973679191307,0,16.29360178611111,0.03571428571428571,0,1.207913605629902,0.0,0.049268312191780635,-0.18700753900774347,-0.18665299979298372,-1.7655386981364607,-0.26922194417304923,1.3051340840147798,-0.1177555835995132
CERT001149,0.17538780860825867,0,22.712686134722222,0.12191192266380237,0,0.9481978693927204,0.0,-0.19711144565905833,-0.18700753900774347,0.1395810038885858,-0.7638259829789712,-0.26922194417304923,1.0245147930834757,-0.1177555835995132
CERT001150,0.12177378542510121,0,10.336520831944444,0.0002685284640171858,0,-1.3763601830197665,0.0,-0.25934016408784194,-0.18700753900774347,-0.4894068295278286,-2.1774579454909424,-0.26922194417304923,-1.48713830059325,-0.1177555835995132
CERT001151,0.1723013297917052,0,8.0512107775,0.24597207303974222,0,0.13792264063124723,0.0,-0.20069385954647664,-0.18700753900774347,-0.605552031588691,0.6778913827617145,-0.26922194417304923,0.1490235215549975,-0.1177555835995132
CERT001152,0.15669367427339628,0,12.952463340833333,0.12191192266380237,0,-0.5605450908392257,0.0,-0.21880935140696076,-0.18700753900774347,-0.3564580549474972,-0.7638259829789712,-0.26922194417304923,-0.6056612826212244,-0.1177555835995132
CERT001153,0.24606858469048856,0,4.500760028611111,0.24597207303974222,0,1.4450749298031098,0.0,-0.11507369038515995,-0.18700753900774347,-0.78599486420778,0.6778913827617145,-0.26922194417304923,1.561383642050944,-0.1177555835995132
CERT001154,0.13275313097007005,0,26.98143128166667,0.24597207303974222,1,-1.1065079018104105,0.0,-0.2465966585293033,-0.18700753900774347,0.35652936355381964,0.6778913827617145,3.7114168018141793,-1.1955666118450219,-0.1177555835995132
CERT001155,0.2275513072814169,0,28.45352028916667,0.00510204081632653,0,1.6344765879641743,0.0,-0.13656632185622603,-0.18700753900774347,0.43134462763369774,-2.121287139033513,-0.26922194417304923,1.766029535997982,-0.1177555835995132
CERT001156,0.2981127428342723,0,5.3961546205555555,0.24597207303974222,0,-0.45053890531109214,0.0,-0.05466708273460774,-0.18700753900774347,-0.7404886600919135,0.6778913827617145,-0.26922194417304923,-0.4868011079232582,-0.1177555835995132
CERT001157,0.18149556400506972,0,72.94752201972221,0.0378625134264232,0,1.926490323999398,0.0,-0.19002229680854943,-0.18700753900774347,2.692641650084339,-1.7405738952664918,-0.26922194417304923,2.0815463727350934,-0.1177555835995132
CERT001158,0.1589119406375407,0,9.278593816944445,0.24597207303974222,0,-0.3525612582694446,0.0,-0.21623465425165106,-0.18700753900774347,-0.5431733399774097,0.6778913827617145,-0.26922194417304923,-0.3809376040852164,-0.1177555835995132
CERT001159,3.219404332129964,0,17.703507795555556,0.24597207303974222,0,1.0982444967378062,0.0,3.3360173122347114,-0.18700753900774347,-0.11499803199757117,0.6778913827617145,-0.26922194417304923,1.1866381159989532,-0.1177555835995132
CERT001160,0.20952071730063185,0,26.69092781638889,0.24597207303974222,0,-1.2979710117155485,0.0,-0.15749406501748903,-0.18700753900774347,0.3417652471449979,0.6778913827617145,-0.26922194417304923,-1.4024398761281522,-0.1177555835995132
CERT001161,0.10614561586638831,0,36.46932612277777,0.24597207303974222,0,-0.7880701429600512,0.0,-0.27747946618244657,-0.18700753900774347,0.8387280312181734,0.6778913827617145,-0.26922194417304923,-0.8514989808689191,-0.1177555835995132
CERT001162,0.3126396005781107,0,0.027378418055555555,0.12191192266380237,0,-0.06281205433907353,0.0,-0.03780605111405411,-0.18700753900774347,-1.0133433633940865,-0.7638259829789712,-0.26922194417304923,-0.06786756322871569,-0.1177555835995132
CERT001163,0.2664890396027613,0,4.056116563333333,0.24597207303974222,0,0.10938745824297312,0.0,-0.09137207906264522,-0.18700753900774347,-0.8085927629127257,0.6778913827617145,-0.26922194417304923,0.11819164835236583,-0.1177555835995132
CERT001164,0.20835501375157958,0,18.519114010555555,0.24597207303974222,0,1.4847864204335546,0.0,-0.15884707368236003,-0.18700753900774347,-0.07354687377987433,0.6778913827617145,-0.26922194417304923,1.6042913630230902,-0.1177555835995132
CERT001165,0.34165624621838575,0,4.1878966625,0.24597207303974222,0,-0.3457464741678368,0.0,-0.004127014099280923,-0.18700753900774347,-0.8018953669880253,0.6778913827617145,-0.26922194417304923,-0.3735743233300731,-0.1177555835995132
CERT001166,0.14839434967495968,1,2.932116204722222,0.24597207303974222,0,0.17517241259765448,0.0,-0.2284422105531744,5.343072543078385,-0.8657172867879359,0.6778913827617145,-0.26922194417304923,0.1892713892738019,-0.1177555835995132
CERT001167,0.3449048152295633,0,8.03831542,0.24597207303974222,0,1.434202198211432,0.0,-0.0003564653829043363,-0.18700753900774347,-0.6062074060747795,0.6778913827617145,-0.26922194417304923,1.5496358046886491,-0.1177555835995132
CERT001168,0.35270338554825664,0,5.941336596388889,0.24597207303974222,0,1.1014734034566758,0.0,0.00869517834193164,-0.18700753900774347,-0.7127811415344388,0.6778913827617145,-0.26922194417304923,1.1901269054233454,-0.1177555835995132
CERT001169,0.22461743444929452,0,29.551513665277778,0.24597207303974222,0,-1.4956863143538202,0.0,-0.13997160904671158,-0.18700753900774347,0.4871474112787007,0.6778913827617145,-0.26922194417304923,-1.616068548908885,-0.1177555835995132
CERT001170,0.39968963376784605,0,16.953441321666666,0.24597207303974222,0,2.004796448959897,0.0,0.06323117166765334,-0.18700753900774347,-0.15311829581012484,0.6778913827617145,-0.26922194417304923,2.1661550667648064,-0.1177555835995132
CERT001171,0.38289433978531706,0,9.027443273333335,0.24597207303974222,0,0.7658143210950518,0.0,0.04373721172741577,-0.18700753900774347,-0.555937441976908,0.6778913827617145,-0.26922194417304923,0.8274518705885238,-0.1177555835995132
CERT001172,0.11774430565760471,0,57.99579459694444,0.01933404940923738,0,-0.4693737370675165,0.0,-0.26401710021347835,-0.18700753900774347,1.9327572749641235,-1.955895320019971,-0.26922194417304923,-0.5071518853111612,-0.1177555835995132
CERT001173,0.1449226284250357,0,9.550382659722223,0.24597207303974222,0,-0.2457835537510212,0.0,-0.23247176758504834,-0.18700753900774347,-0.529360347731162,0.6778913827617145,-0.26922194417304923,-0.26556575883873423,-0.1177555835995132
CERT001174,0.17899786499380585,0,13.708409933888888,0.24597207303974222,0,0.7519559563517744,0.0,-0.19292132581744906,-0.18700753900774347,-0.31803894869672555,0.6778913827617145,-0.26922194417304923,0.8124780975547081,-0.1177555835995132
CERT001175,0.33774053382991936,0,43.92611799777778,0.07357679914070892,0,0.4491906407868677,0.0,-0.008671902716155358,-0.18700753900774347,1.217700940107866,-1.3255340475532642,-0.26922194417304923,0.4853443265966536,-0.1177555835995132
CERT001176,0.12557354341615445,0,35.966360090833334,0.24597207303974222,0,-0.9905116062364212,0.0,-0.2549298614079816,-0.18700753900774347,0.8131660330567737,0.6778913827617145,-0.26922194417304923,-1.0702342053985203,-0.1177555835995132
CERT001177,0.22188165375886196,0,1.413550432222222,0.24597207303974222,0,0.43351562420640294,0.0,-0.14314697467234722,-0.18700753900774347,-0.9428946169041323,0.6778913827617145,-0.26922194417304923,0.4684076861686381,-0.1177555835995132
CERT001178,0.12437919316894658,0,13.8827492175,0.12191192266380237,0,-0.5536573682466147,0.0,-0.25631611971926227,-0.18700753900774347,-0.3091785880280367,-0.7638259829789712,-0.26922194417304923,-0.5982191928269238,-0.1177555835995132
CERT001179,0.14852524404324552,0,21.01400204222222,0.006176154672395274,0,-0.3936750612925608,0.0,-0.22829028409243957,-0.18700753900774347,0.05324960794636328,-2.1088047375985286,-0.26922194417304923,-0.42536050436454287,-0.1177555835995132
CERT001180,0.20062634566451362,0,30.5827676425,0.24597207303974222,0,1.3128131313277116,0.0,-0.16781758329281282,-0.18700753900774347,0.5395583308944463,0.6778913827617145,-0.26922194417304923,1.4184765828053294,-0.1177555835995132
CERT001181,1.1822340907945785,0,6.613290835833333,0.24597207303974222,0,2.7699218342694474,0.0,0.9715147844822142,-0.18700753900774347,-0.6786307378445114,0.6778913827617145,-0.26922194417304923,2.99286255168604,-0.1177555835995132
CERT001182,0.24069974554707382,0,14.98585014638889,0.07357679914070892,0,-0.7146339459042266,0.0,-0.12130519400136203,-0.18700753900774347,-0.2531162257108715,-1.3255340475532642,-0.26922194417304923,-0.772152177147802,-0.1177555835995132
CERT001183,0.15835279133941838,0,0.3180025905555556,0.24597207303974222,0,-0.39601099188569944,0.0,-0.2168836475964265,-0.18700753900774347,-0.9985731123407829,0.6778913827617145,-0.26922194417304923,-0.42788444533249664,-0.1177555835995132
CERT001184,0.44232710752145377,0,35.144953407500005,0.24597207303974222,0,-0.04905540637720804,0.0,0.11271962993283006,-0.18700753900774347,0.7714200804564451,0.6778913827617145,-0.26922194417304923,-0.053003693782141884,-0.1177555835995132
CERT001185,0.16851758371193,0,15.553599954722223,0.24597207303974222,1,-0.2673263065162738,0.0,-0.20508557752294648,-0.18700753900774347,-0.2242617531719489,0.6778913827617145,3.7114168018141793,-0.2888424077367925,-0.1177555835995132
CERT001186,0.18540922799597875,1,78.788196515,0.24597207303974222,0,1.853251924110997,0.0,-0.18547978572552265,5.343072543078385,2.9894794109415512,0.6778913827617145,-0.26922194417304923,2.002413286140535,-0.1177555835995132
CERT001187,0.21665598975016018,0,35.702722700833334,0.24597207303974222,0,0.966582604160889,0.0,-0.14921229778921205,-0.18700753900774347,0.7997673181328191,0.6778913827617145,-0.26922194417304923,1.0443792468487727,-0.1177555835995132
CERT001188,0.3308918784255107,0,16.52363120361111,0.24597207303974222,0,0.5090278303448255,0.0,-0.01662099930457546,-0.18700753900774347,-0.17496232651934135,0.6778913827617145,-0.26922194417304923,0.5499975892304648,-0.1177555835995132
CERT001189,0.32427204235389945,0,48.8934873125,0.12191192266380237,0,-0.4030448744886982,0.0,-0.024304509895409315,-0.18700753900774347,1.470155136267079,-0.7638259829789712,-0.26922194417304923,-0.43548445901339644,-0.1177555835995132
CERT001190,0.1983824005176318,0,12.619064312777777,0.12191192266380237,0,0.8219846999866626,0.0,-0.1704220852947967,-0.18700753900774347,-0.37340223169283654,-0.7638259829789712,-0.26922194417304923,0.888143194588667,-0.1177555835995132
CERT001191,0.14907414348901715,0,28.729095603055555,0.04484425349087003,0,-0.32818383365721493,0.0,-0.22765318754514355,-0.18700753900774347,0.4453500578607096,-1.659438285939094,-0.26922194417304923,-0.35459813113480576,-0.1177555835995132
CERT001192,0.11837769328263625,0,28.26852433361111,0.24597207303974222,0,-0.933707831648771,0.0,-0.26328193993573323,-0.18700753900774347,0.4219426681067373,0.6778913827617145,-0.26922194417304923,-1.0088585060360034,-0.1177555835995132
CERT001193,0.32319227785917437,0,11.271079325277778,0.24597207303974222,0,-0.41046545738277174,0.0,-0.025557770828320475,-0.18700753900774347,-0.44191021748833786,0.6778913827617145,-0.26922194417304923,-0.4435022970551014,-0.1177555835995132
CERT001194,0.224672748909163,0,0.5132835736111111,0.015843179377013964,0,-0.836944329762208,0.9958215612770359,-0.13990740666562115,-0.18700753900774347,-0.9886484418605032,-1.99646312468367,-0.26922194417304923,-0.9043068693856946,8.485328818200216
CERT001195,0.14269521086122058,0,1.5413497502777778,0.24597207303974222,0,-0.7535472979119376,0.0,-0.23505708635376782,-0.18700753900774347,-0.9363995342828767,0.6778913827617145,-0.26922194417304923,-0.8141975202847761,-0.1177555835995132
CERT001196,0.16580484356980765,0,12.630417770277777,0.24597207303974222,0,-0.31614777186447884,0.0,-0.2082342004475477,-0.18700753900774347,-0.37282522044096617,0.6778913827617145,-0.26922194417304923,-0.34159333144566234,-0.1177555835995132
CERT001197,0.1518152408339324,0,89.90414456083333,0.24597207303974222,0,-0.5804614325700955,0.0,-0.22447165098557786,-0.18700753900774347,3.5544198352706324,0.6778913827617145,-0.26922194417304923,-0.6271806167033082,-0.1177555835995132
CERT001198,0.18252715732239747,1,16.6729780025,0.24597207303974222,0,-0.22044913950140363,0.0,-0.1888249471924294,5.343072543078385,-0.16737214675342343,0.6778913827617145,-0.26922194417304923,-0.23819227171050292,-0.1177555835995132
CERT001199,0.08569618888469625,0,3.023965598333333,0.12191192266380237,0,-1.9887706682571622,0.0,-0.3012147048032529,-0.18700753900774347,-0.8610492697022963,-0.7638259829789712,-0.26922194417304923,-2.148839430513505,-0.1177555835995132
CERT001200,0.14701394187417632,0,58.31788123583333,0.03571428571428571,0,-0.3758679320427185,0.0,-0.23004442212491913,-0.18700753900774347,1.9491265276535352,-1.7655386981364607,-0.26922194417304923,-0.40612014543977837,-0.1177555835995132
CERT000070,0.1945334187486654,0,30.803052695,0.24597207303974222,1,0.4784222639379373,0.0,-0.17488952102369712,-0.18700753900774347,0.5507537710422035,0.6778913827617145,3.7114168018141793,0.5169286944916086,-0.1177555835995132
CERT000975,0.15103474942420525,0,27.387825731388887,0.24597207303974222,1,-0.45801478059336254,0.0,-0.2253775516676825,-0.18700753900774347,0.37718335113314366,0.6778913827617145,3.7114168018141793,-0.49487868863205947,-0.1177555835995132
CERT000721,0.1863873077388882,0,1.2264507722222222,0.24597207303974222,1,-0.9726478951683147,0.0,-0.18434454823897026,-0.18700753900774347,-0.9524034919795109,0.6778913827617145,3.7114168018141793,-1.0509327105951567,-0.1177555835995132
CERT000609,0.19920067821242585,0,10.207166358611111,0.24597207303974222,1,-0.6480991034495364,0.0,-0.16947232683156896,-0.18700753900774347,-0.49598094904984186,0.6778913827617145,3.7114168018141793,-0.7002621924192286,-0.1177555835995132
CERT000703,0.11818756742680704,0,42.72502739138889,0.12191192266380237,1,-0.35784259933205215,0.0,-0.26350261519280194,-0.18700753900774347,1.1566584960416257,-0.7638259829789712,3.7114168018141793,-0.38664402066831416,-0.1177555835995132
CERT000672,0.19201247301511154,0,17.048854823055557,0.24597207303974222,1,-0.8818914150581454,0.0,-0.17781553203562295,-0.18700753900774347,-0.14826914180732542,0.6778913827617145,3.7114168018141793,-0.9528715785862805,-0.1177555835995132
CERT000737,0.16997722672064777,0,9.076877172222222,0.24597207303974222,1,0.375632232033166,0.0,-0.20339139923892297,-0.18700753900774347,-0.5534250869623487,0.6778913827617145,3.7114168018141793,0.4058654748121475,-0.1177555835995132
CERT000602,0.3246479720784691,0,19.824226920277777,0.24597207303974222,1,-0.3133627575349936,0.0,-0.023868175824762555,-0.18700753900774347,-0.007217754754151117,0.6778913827617145,3.7114168018141793,-0.33858416165989336,-0.1177555835995132
CERT000199,0.2954153414910248,0,27.46966664083333,0.24597207303974222,1,0.179466401021584,0.0,-0.05779790222384734,-0.18700753900774347,0.3813427118928724,0.6778913827617145,3.7114168018141793,0.19391098487262193,-0.1177555835995132
CERT000510,0.17773831624828476,0,16.157143153333333,0.24597207303974222,1,1.0542344196778175,0.0,-0.19438325871445616,-0.18700753900774347,-0.193588170557275,0.6778913827617145,3.7114168018141793,1.1390858313459835,-0.1177555835995132
CERT000081,0.1379414125200642,0,5.9848618149999995,0.24597207303974222,1,-0.38012145794520114,0.0,-0.24057472448042813,-0.18700753900774347,-0.7105690805055649,0.6778913827617145,3.7114168018141793,-0.4107160218391297,-0.1177555835995132
CERT000031,0.1488920971690415,0,6.408531848888889,0.24597207303974222,1,-0.3361862342641322,0.0,-0.22786448504744178,-0.18700753900774347,-0.6890371043093985,0.6778913827617145,3.7114168018141793,-0.36324461523544793,-0.1177555835995132
CERT000101,0.18307681155918526,0,4.975004978888889,0.24597207303974222,1,1.1466347470989302,0.0,-0.18818697457438122,-0.18700753900774347,-0.7618925436192739,0.6778913827617145,3.7114168018141793,1.2389231178285145,-0.1177555835995132
CERT000991,0.11481342817920877,0,38.77914854694445,0.24597207303974222,1,-0.667492787880527,0.0,-0.2674189107571359,-0.18700753900774347,0.9561190135305349,0.6778913827617145,3.7114168018141793,-0.7212168024571819,-0.1177555835995132
CERT000308,0.24355472084684993,0,7.298288982500001,0.24597207303974222,1,-0.3037382368390254,0.0,-0.11799148158989146,-0.18700753900774347,-0.6438174099981693,0.6778913827617145,3.7114168018141793,-0.3281849990508562,-0.1177555835995132
CERT000532,0.1475864249578415,0,2.5676209391666664,0.24597207303974222,1,-0.3110118394666676,0.0,-0.22937995252343185,-0.18700753900774347,-0.8842418524965784,0.6778913827617145,3.7114168018141793,-0.33604402693055696,-0.1177555835995132
CERT001154,0.13275313097007005,0,26.98143128166667,0.24597207303974222,1,-1.1065079018104105,0.0,-0.2465966585293033,-0.18700753900774347,0.35652936355381964,0.6778913827617145,3.7114168018141793,-1.1955666118450219,-0.1177555835995132
CERT000717,0.13902458882918092,0,2.484165088611111,0.24597207303974222,1,-0.39107904333861193,0.0,-0.23931750352317066,-0.18700753900774347,-0.8884832886234117,0.6778913827617145,3.7114168018141793,-0.4225555425704035,-0.1177555835995132
CERT001185,0.16851758371193,0,15.553599954722223,0.24597207303974222,1,-0.2673263065162738,0.0,-0.20508557752294648,-0.18700753900774347,-0.2242617531719489,0.6778913827617145,3.7114168018141793,-0.2888424077367925,-0.1177555835995132
CERT000977,0.21190123804825334,0,6.202812898888888,0.24597207303974222,1,-0.6507378648355758,0.0,-0.1547310424625215,-0.18700753900774347,-0.6994922585100423,0.6778913827617145,3.7114168018141793,-0.7031133379055039,-0.1177555835995132
CERT000842,0.1920004215851602,0,6.726989674166667,0.24597207303974222,1,-0.2612961922656761,0.0,-0.1778295198879903,-0.18700753900774347,-0.6728522770502623,0.6778913827617145,3.7114168018141793,-0.28232695199370206,-0.1177555835995132
CERT000769,0.2647896908093395,0,52.34275942166666,0.24597207303974222,1,-0.5521242938806534,0.0,-0.09334447903003583,-0.18700753900774347,1.6454558160601536,0.6778913827617145,3.7114168018141793,-0.5965627270010405,-0.1177555835995132
CERT000844,0.19588872062370297,0,33.192376376944445,0.24597207303974222,1,-0.21867091634830543,0.0,-0.17331644939503765,-0.18700753900774347,0.6721852071348884,0.6778913827617145,3.7114168018141793,-0.2362709259824014,-0.1177555835995132
CERT000186,0.12314972094151905,0,1.932316206388889,0.0378625134264232,1,-1.0912283091722226,0.0,-0.25774314340661414,-0.18700753900774347,-0.9165296361236603,-1.7405738952664918,3.7114168018141793,-1.1790572215632882,-0.1177555835995132
CERT001005,0.34701903413559854,0,9.263282466944444,0.24597207303974222,1,0.9539559771334863,0.0,0.0020974659803702023,-0.18700753900774347,-0.5439515012759679,0.6778913827617145,3.7114168018141793,1.030736349523337,-0.1177555835995132
CERT000131,0.15983754512635379,0,55.3213298725,0.24597207303974222,1,-0.6584658050751079,0.0,-0.21516032373715122,-0.18700753900774347,1.7968342542689029,0.6778913827617145,3.7114168018141793,-0.711463271343486,-0.1177555835995132
CERT000061,0.13047865041569134,0,15.628082899166667,0.24597207303974222,1,-0.5393652000847358,0.0,-0.24923660236464373,-0.18700753900774347,-0.2204763426908792,0.6778913827617145,3.7114168018141793,-0.5827767011490427,-0.1177555835995132
CERT000754,0.13409438496831985,0,4.395832769444445,0.24597207303974222,1,-0.47504022973546606,0.0,-0.2450398919887019,-0.18700753900774347,-0.7913275312977025,0.6778913827617145,3.7114168018141793,-0.5132744529213705,-0.1177555835995132
CERT000144,0.18431341677818888,0,26.223467715833333,0.24597207303974222,1,0.76228921094832,0.0,-0.186751671767165,-0.18700753900774347,0.3180077496759664,0.6778913827617145,3.7114168018141793,0.8236430374228383,-0.1177555835995132
CERT000796,0.1560876603764467,0,13.106373971111111,0.24597207303974222,1,-0.34909223235862674,0.0,-0.21951273954905887,-0.18700753900774347,-0.34863592979727426,0.6778913827617145,3.7114168018141793,-0.37718936916722506,-0.1177555835995132
CERT000136,0.1182205971968312,0,1.489639745,0.24597207303974222,1,-0.8680423489415822,0.0,-0.2634642782030263,-0.18700753900774347,-0.9390275667460759,0.6778913827617145,3.7114168018141793,-0.9379078525910962,-0.1177555835995132
CERT000554,0.19493294534412955,0,6.059902868611111,0.24597207303974222,1,1.2826676752593889,0.0,-0.17442579853958107,-0.18700753900774347,-0.7067553055136016,0.6778913827617145,3.7114168018141793,1.385904830976753,-0.1177555835995132
CERT000934,0.2315803603388617,0,0.2327935547222222,0.24597207303974222,1,1.4320753345001078,0.0,-0.1318898810043646,-0.18700753900774347,-1.0029036497508061,0.6778913827617145,3.7114168018141793,1.547337757619086,-0.1177555835995132
CERT000900,0.24993701184177378,0,3.1752640980555555,0.24597207303974222,1,-0.8447337774389108,0.0,-0.1105836847920857,-0.18700753900774347,-0.8533598995936024,0.6778913827617145,3.7114168018141793,-0.9127232607659481,-0.1177555835995132
CERT000153,0.24027286508337542,0,45.28173739138889,0.24597207303974222,1,-0.6260858115130233,0.0,-0.12180066557019928,-0.18700753900774347,1.2865969256142444,0.6778913827617145,3.7114168018141793,-0.676477132400198,-0.1177555835995132
CERT000337,0.11989229215752271,0,14.758051689166667,0.24597207303974222,1,-0.6363671063971641,0.0,-0.2615239754831146,-0.18700753900774347,-0.26469351597473445,0.6778913827617145,3.7114168018141793,-0.6875859305117165,-0.1177555835995132
CERT000757,0.43891037250966763,0,8.331090083333333,0.24597207303974222,1,1.7283593941731379,0.0,0.10875389432168497,-0.18700753900774347,-0.5913278616711571,0.6778913827617145,3.7114168018141793,1.8674686204781805,-0.1177555835995132
CERT000628,0.17266412726865338,0,54.23909940638889,0.24597207303974222,1,-0.42208568854919326,0.0,-0.2002727678115297,-0.18700753900774347,1.7418325813368452,0.6778913827617145,3.7114168018141793,-0.45605779745574376,-0.1177555835995132
CERT000905,0.3308767047035903,0,4.398069464166666,0.24597207303974222,1,1.0082759840118667,0.0,-0.01663861113843607,-0.18700753900774347,-0.7912138568490404,0.6778913827617145,3.7114168018141793,1.0894283719415474,-0.1177555835995132
CERT000548,0.24565289256198347,0,2.6847039625,0.24597207303974222,1,-0.2949239333366344,0.0,-0.11555617587835702,-0.18700753900774347,-0.8782913989130482,0.6778913827617145,3.7114168018141793,-0.3186612650071269,-0.1177555835995132
CERT000540,0.14651457541191382,0,10.703529166666668,0.24597207303974222,1,0.3413202618329426,0.0,-0.23062402673445853,-0.18700753900774347,-0.47075454332647304,0.6778913827617145,3.7114168018141793,0.3687918616089432,-0.1177555835995132
CERT001081,0.2531207769303008,0,19.85859389388889,0.24597207303974222,1,-0.7895561481795081,0.0,-0.10688835268539955,-0.18700753900774347,-0.005471138759301576,0.6778913827617145,3.7114168018141793,-0.8531045891275708,-0.1177555835995132