transaction_id,certificate_id,from_party_id,to_party_id,transfer_timestamp
TXN0000001,CERT000001,PTY00157,PTY00099,2026-07-25 11:43:18.333886
TXN0000002,CERT000001,PTY00099,PTY00275,2026-07-25 23:48:07.771943
TXN0000003,CERT000001,PTY00275,PTY00002,2026-07-26 16:21:10.450923
TXN0000004,CERT000001,PTY00002,PTY00157,2026-07-28 14:13:17.196404
TXN0000005,CERT000002,PTY00148,PTY00001,2026-08-26 15:06:35.734126
TXN0000006,CERT000002,PTY00001,PTY00002,2026-08-28 09:18:08.814246
TXN0000007,CERT000003,PTY00141,PTY00005,2026-08-30 16:46:40.346376
TXN0000008,CERT000003,PTY00005,PTY00001,2026-09-01 11:34:17.486024
TXN0000009,CERT000003,PTY00001,PTY00141,2026-09-02 19:50:55.511725
TXN0000010,CERT000004,PTY00051,PTY00154,2026-07-07 17:02:44.564687
TXN0000011,CERT000004,PTY00154,PTY00001,2026-07-08 01:12:31.742505
TXN0000012,CERT000004,PTY00001,PTY00015,2026-07-10 02:28:47.249086
TXN0000013,CERT000005,PTY00057,PTY00051,2026-08-13 12:12:31.684736
TXN0000014,CERT000005,PTY00051,PTY00001,2026-08-14 09:45:23.636144
TXN0000015,CERT000005,PTY00001,PTY00020,2026-08-16 06:17:17.612632
TXN0000016,CERT000005,PTY00020,PTY00004,2026-08-18 07:46:43.318049
TXN0000017,CERT000006,PTY00035,PTY00024,2026-08-07 12:14:26.096937
TXN0000018,CERT000006,PTY00024,PTY00018,2026-08-08 16:23:53.539300
TXN0000019,CERT000007,PTY00171,PTY00011,2026-09-09 17:49:28.603074
TXN0000020,CERT000007,PTY00011,PTY00002,2026-09-12 02:08:27.633358
TXN0000021,CERT000007,PTY00002,PTY00019,2026-09-12 07:22:02.529278
TXN0000022,CERT000007,PTY00019,PTY00006,2026-09-12 17:36:38.926934
TXN0000023,CERT000008,PTY00154,PTY00005,2026-09-10 23:49:12.067374
TXN0000024,CERT000008,PTY00005,PTY00002,2026-09-12 12:35:06.157075
TXN0000025,CERT000009,PTY00104,PTY00002,2026-07-28 00:49:33.400447
TXN0000026,CERT000009,PTY00002,PTY00006,2026-07-29 05:21:46.607927
TXN0000027,CERT000010,PTY00049,PTY00001,2026-09-08 16:15:33.314864
TXN0000028,CERT000010,PTY00001,PTY00005,2026-09-11 05:02:17.895813
TXN0000029,CERT000011,PTY00114,PTY00001,2026-07-29 08:29:21.289478
TXN0000030,CERT000011,PTY00001,PTY00003,2026-07-31 15:48:31.502535
TXN0000031,CERT000011,PTY00003,PTY00169,2026-08-02 19:42:15.092576
TXN0000032,CERT000012,PTY00087,PTY00008,2026-06-15 17:25:36.896288
TXN0000033,CERT000012,PTY00008,PTY00003,2026-06-15 23:46:29.054350
TXN0000034,CERT000012,PTY00003,PTY00001,2026-06-18 02:09:12.618781
TXN0000035,CERT000012,PTY00001,PTY00007,2026-06-19 18:21:38.790176
TXN0000036,CERT000013,PTY00051,PTY00001,2026-07-15 18:40:34.956930
TXN0000037,CERT000013,PTY00001,PTY00008,2026-07-16 23:15:16.954676
TXN0000038,CERT000014,PTY00165,PTY00002,2026-08-30 11:30:50.267739
TXN0000039,CERT000014,PTY00002,PTY00009,2026-09-02 06:57:20.997219
TXN0000040,CERT000014,PTY00009,PTY00024,2026-09-02 18:44:50.295924
TXN0000041,CERT000015,PTY00129,PTY00001,2026-06-30 20:49:06.058830
TXN0000042,CERT000015,PTY00001,PTY00004,2026-07-03 14:22:58.558341
TXN0000043,CERT000015,PTY00004,PTY00010,2026-07-03 21:11:02.090415
TXN0000044,CERT000015,PTY00010,PTY00001,2026-07-04 09:14:12.908104
TXN0000045,CERT000016,PTY00053,PTY00014,2026-08-16 23:50:55.856478
TXN0000046,CERT000016,PTY00014,PTY00005,2026-08-19 04:10:47.122526
TXN0000047,CERT000017,PTY00114,PTY00001,2026-09-09 12:33:17.305376
TXN0000048,CERT000017,PTY00001,PTY00008,2026-09-11 08:06:16.233791
TXN0000049,CERT000017,PTY00008,PTY00001,2026-09-12 05:28:28.780893
TXN0000050,CERT000018,PTY00004,PTY00001,2026-08-31 14:04:53.512123
TXN0000051,CERT000018,PTY00001,PTY00010,2026-09-02 18:06:55.989423
TXN0000052,CERT000018,PTY00010,PTY00001,2026-09-04 22:22:16.076535
TXN0000053,CERT000019,PTY00165,PTY00001,2026-07-15 20:16:11.052428
TXN0000054,CERT000019,PTY00001,PTY00012,2026-07-18 18:38:22.157852
TXN0000055,CERT000020,PTY00173,PTY00001,2026-06-28 21:59:14.983227
TXN0000056,CERT000020,PTY00001,PTY00023,2026-06-29 05:02:26.985444
TXN0000057,CERT000021,PTY00115,PTY00012,2026-08-20 14:06:26.048335
TXN0000058,CERT000021,PTY00012,PTY00002,2026-08-21 03:52:34.288946
TXN0000059,CERT000022,PTY00150,PTY00003,2026-07-08 02:46:28.412996
TXN0000060,CERT000022,PTY00003,PTY00001,2026-07-10 08:01:46.048322
TXN0000061,CERT000023,PTY00154,PTY00004,2026-07-31 09:42:12.600815
TXN0000062,CERT000023,PTY00004,PTY00002,2026-08-02 13:44:34.257844
TXN0000063,CERT000024,PTY00131,PTY00010,2026-09-05 15:41:42.724552
TXN0000064,CERT000024,PTY00010,PTY00003,2026-09-06 17:18:08.058253
TXN0000065,CERT000024,PTY00003,PTY00045,2026-09-09 00:09:06.844862
TXN0000066,CERT000024,PTY00045,PTY00002,2026-09-09 08:27:58.550961
TXN0000067,CERT000025,PTY00017,PTY00006,2026-06-18 15:18:32.099477
TXN0000068,CERT000025,PTY00006,PTY00002,2026-06-21 05:36:12.477871
TXN0000069,CERT000026,PTY00118,PTY00019,2026-07-16 09:14:28.955057
TXN0000070,CERT000026,PTY00019,PTY00020,2026-07-17 21:16:41.977922
TXN0000071,CERT000026,PTY00020,PTY00118,2026-07-18 09:49:55.928764
TXN0000072,CERT000027,PTY00135,PTY00001,2026-09-08 22:48:01.229577
TXN0000073,CERT000027,PTY00001,PTY00107,2026-09-09 17:43:26.815589
TXN0000074,CERT000028,PTY00116,PTY00107,2026-06-27 18:08:38.459397
TXN0000075,CERT000028,PTY00107,PTY00001,2026-06-29 19:37:11.129359
TXN0000076,CERT000029,PTY00108,PTY00001,2026-07-22 21:51:18.548982
TXN0000077,CERT000029,PTY00001,PTY00012,2026-07-25 00:14:43.943338
TXN0000078,CERT000029,PTY00012,PTY00001,2026-07-25 19:02:31.611837
TXN0000079,CERT000029,PTY00001,PTY00002,2026-07-26 23:44:39.246660
TXN0000080,CERT000030,PTY00108,PTY00016,2026-08-22 15:19:26.978727
TXN0000081,CERT000030,PTY00016,PTY00019,2026-08-22 19:34:09.131905
TXN0000082,CERT000030,PTY00019,PTY00001,2026-08-25 04:47:55.383851
TXN0000083,CERT000030,PTY00001,PTY00033,2026-08-26 15:37:04.338569
TXN0000084,CERT000031,PTY00016,PTY00003,2026-06-25 18:49:08.503515
TXN0000085,CERT000031,PTY00003,PTY00001,2026-06-26 07:43:10.707386
TXN0000086,CERT000031,PTY00001,PTY00020,2026-06-27 23:48:00.714545
TXN0000087,CERT000031,PTY00020,PTY00001,2026-06-28 08:48:06.287673
TXN0000088,CERT000032,PTY00003,PTY00001,2026-07-31 17:29:28.356603
TXN0000089,CERT000032,PTY00001,PTY00002,2026-08-03 05:56:19.644578
TXN0000090,CERT000032,PTY00002,PTY00009,2026-08-03 19:10:57.643119
TXN0000091,CERT000032,PTY00009,PTY00001,2026-08-03 22:25:29.749824
TXN0000092,CERT000033,PTY00088,PTY00116,2026-08-31 18:52:12.262366
TXN0000093,CERT000033,PTY00116,PTY00036,2026-09-02 12:19:09.588972
TXN0000094,CERT000033,PTY00036,PTY00002,2026-09-03 04:46:59.042796
TXN0000095,CERT000033,PTY00002,PTY00001,2026-09-05 02:24:22.474727
TXN0000096,CERT000034,PTY00088,PTY00206,2026-07-31 15:26:34.119544
TXN0000097,CERT000034,PTY00206,PTY00005,2026-08-02 20:34:02.873974
TXN0000098,CERT000034,PTY00005,PTY00172,2026-08-03 03:29:38.302999
TXN0000099,CERT000035,PTY00074,PTY00010,2026-09-07 20:28:42.004150
TXN0000100,CERT000035,PTY00010,PTY00003,2026-09-08 10:43:27.726673
TXN0000101,CERT000035,PTY00003,PTY00084,2026-09-09 05:22:13.528787
TXN0000102,CERT000035,PTY00084,PTY00001,2026-09-11 11:37:17.408598
TXN0000103,CERT000036,PTY00020,PTY00001,2026-06-14 12:34:28.388830
TXN0000104,CERT000036,PTY00001,PTY00055,2026-06-17 00:27:46.478727
TXN0000105,CERT000036,PTY00055,PTY00028,2026-06-19 05:04:01.323354
TXN0000106,CERT000037,PTY00089,PTY00010,2026-07-20 18:16:43.260116
TXN0000107,CERT000037,PTY00010,PTY00009,2026-07-22 07:46:32.597158
TXN0000108,CERT000038,PTY00153,PTY00001,2026-06-27 16:09:44.677311
TXN0000109,CERT000038,PTY00001,PTY00006,2026-06-29 12:42:19.900764
TXN0000110,CERT000039,PTY00037,PTY00008,2026-08-23 17:49:31.716678
TXN0000111,CERT000039,PTY00008,PTY00001,2026-08-24 20:19:34.019393
TXN0000112,CERT000039,PTY00001,PTY00028,2026-08-26 16:43:43.709552
TXN0000113,CERT000039,PTY00028,PTY00001,2026-08-27 20:26:06.961991
TXN0000114,CERT000040,PTY00067,PTY00001,2026-08-11 02:55:40.129931
TXN0000115,CERT000040,PTY00001,PTY00031,2026-08-12 23:31:47.963412
TXN0000116,CERT000040,PTY00031,PTY00001,2026-08-13 10:49:46.678282
TXN0000117,CERT000040,PTY00001,PTY00002,2026-08-15 08:24:12.012635
TXN0000118,CERT000041,PTY00059,PTY00001,2026-06-25 11:30:48.974492
TXN0000119,CERT000041,PTY00001,PTY00050,2026-06-25 15:05:15.725767
TXN0000120,CERT000041,PTY00050,PTY00294,2026-06-27 00:23:09.853464
TXN0000121,CERT000041,PTY00294,PTY00002,2026-06-27 22:10:10.219776
TXN0000122,CERT000042,PTY00031,PTY00001,2026-06-29 15:08:16.172766
TXN0000123,CERT000042,PTY00001,PTY00008,2026-06-30 05:56:41.770461
TXN0000124,CERT000043,PTY00013,PTY00036,2026-07-18 19:36:33.525948
TXN0000125,CERT000043,PTY00036,PTY00010,2026-07-20 03:29:35.482144
TXN0000126,CERT000043,PTY00010,PTY00005,2026-07-20 08:36:52.125886
TXN0000127,CERT000044,PTY00063,PTY00017,2026-08-07 19:06:26.056520
TXN0000128,CERT000044,PTY00017,PTY00001,2026-08-09 14:11:38.656228
TXN0000129,CERT000045,PTY00017,PTY00002,2026-07-04 15:12:32.032441
TXN0000130,CERT000045,PTY00002,PTY00009,2026-07-05 12:36:39.628382
TXN0000131,CERT000046,PTY00007,PTY00001,2026-09-06 06:58:13.914102
TXN0000132,CERT000046,PTY00001,PTY00009,2026-09-09 06:40:32.049901
TXN0000133,CERT000046,PTY00009,PTY00001,2026-09-12 05:25:39.564787
TXN0000134,CERT000047,PTY00099,PTY00001,2026-08-02 12:10:49.676904
TXN0000135,CERT000047,PTY00001,PTY00015,2026-08-03 04:20:19.610788
TXN0000136,CERT000048,PTY00108,PTY00007,2026-08-20 17:11:12.414099
TXN0000137,CERT000048,PTY00007,PTY00001,2026-08-23 00:28:14.900434
TXN0000138,CERT000048,PTY00001,PTY00002,2026-08-24 04:07:51.995316
TXN0000139,CERT000049,PTY00018,PTY00001,2026-06-26 16:56:35.426266
TXN0000140,CERT000049,PTY00001,PTY00002,2026-06-28 14:20:36.522524
TXN0000141,CERT000049,PTY00002,PTY00004,2026-06-30 06:51:49.596026
TXN0000142,CERT000049,PTY00004,PTY00001,2026-07-02 08:43:10.614074
TXN0000143,CERT000050,PTY00174,PTY00001,2026-07-26 15:38:52.151384
TXN0000144,CERT000050,PTY00001,PTY00079,2026-07-28 09:14:03.264652
TXN0000145,CERT000050,PTY00079,PTY00003,2026-07-28 20:51:30.410670
TXN0000146,CERT000050,PTY00003,PTY00004,2026-07-29 17:37:52.966728
TXN0000147,CERT000051,PTY00176,PTY00001,2026-07-30 00:49:15.145864
TXN0000148,CERT000051,PTY00001,PTY00010,2026-07-31 12:44:48.982753
TXN0000149,CERT000052,PTY00018,PTY00002,2026-07-12 12:34:09.251483
TXN0000150,CERT000052,PTY00002,PTY00006,2026-07-13 13:17:54.680469
TXN0000151,CERT000052,PTY00006,PTY00001,2026-07-15 23:07:17.714533
TXN0000152,CERT000052,PTY00001,PTY00016,2026-07-17 09:21:15.246218
TXN0000153,CERT000053,PTY00169,PTY00046,2026-09-08 15:51:58.355948
TXN0000154,CERT000053,PTY00046,PTY00239,2026-09-11 00:19:31.821839
TXN0000155,CERT000053,PTY00239,PTY00001,2026-09-13 13:53:47.204114
TXN0000156,CERT000053,PTY00001,PTY00006,2026-09-15 18:43:12.535919
TXN0000157,CERT000054,PTY00168,PTY00006,2026-09-11 04:03:00.935158
TXN0000158,CERT000054,PTY00006,PTY00014,2026-09-13 19:40:16.963358
TXN0000159,CERT000055,PTY00174,PTY00001,2026-07-11 17:02:20.594511
TXN0000160,CERT000055,PTY00001,PTY00010,2026-07-13 09:20:30.222216
TXN0000161,CERT000056,PTY00009,PTY00005,2026-06-19 14:07:50.669932
TXN0000162,CERT000056,PTY00005,PTY00020,2026-06-22 00:11:49.674564
TXN0000163,CERT000057,PTY00007,PTY00028,2026-07-14 21:01:51.610048
TXN0000164,CERT000057,PTY00028,PTY00001,2026-07-15 17:04:55.753275
TXN0000165,CERT000058,PTY00014,PTY00002,2026-09-04 15:38:27.663018
TXN0000166,CERT000058,PTY00002,PTY00030,2026-09-06 15:29:44.312886
TXN0000167,CERT000059,PTY00096,PTY00002,2026-07-25 18:17:10.752435
TXN0000168,CERT000059,PTY00002,PTY00005,2026-07-27 01:29:06.275157
TXN0000169,CERT000059,PTY00005,PTY00002,2026-07-29 16:23:17.877987
TXN0000170,CERT000060,PTY00135,PTY00069,2026-08-01 20:40:49.916057
TXN0000171,CERT000060,PTY00069,PTY00068,2026-08-02 16:57:21.282050
TXN0000172,CERT000060,PTY00068,PTY00001,2026-08-05 06:08:56.475155
TXN0000173,CERT000060,PTY00001,PTY00086,2026-08-07 01:28:53.139163
TXN0000174,CERT000061,PTY00152,PTY00031,2026-07-25 23:16:01.214900
TXN0000175,CERT000061,PTY00031,PTY00072,2026-07-27 15:30:43.462506
TXN0000176,CERT000061,PTY00072,PTY00219,2026-07-30 15:14:18.592493
TXN0000177,CERT000062,PTY00006,PTY00022,2026-07-15 20:23:18.127655
TXN0000178,CERT000062,PTY00022,PTY00041,2026-07-17 00:04:33.785052
TXN0000179,CERT000062,PTY00041,PTY00004,2026-07-19 19:57:18.885673
TXN0000180,CERT000063,PTY00099,PTY00057,2026-07-04 18:03:16.922603
TXN0000181,CERT000063,PTY00057,PTY00003,2026-07-07 13:45:28.237503
TXN0000182,CERT000064,PTY00060,PTY00007,2026-08-06 16:23:22.365467
TXN0000183,CERT000064,PTY00007,PTY00001,2026-08-07 02:17:09.274588
TXN0000184,CERT000064,PTY00001,PTY00004,2026-08-08 19:24:03.267222
TXN0000185,CERT000064,PTY00004,PTY00070,2026-08-11 04:34:12.035834
TXN0000186,CERT000065,PTY00066,PTY00001,2026-06-26 10:51:12.649608
TXN0000187,CERT000065,PTY00001,PTY00005,2026-06-28 07:59:43.562146
TXN0000188,CERT000065,PTY00005,PTY00001,2026-06-29 22:38:21.034676
TXN0000189,CERT000066,PTY00093,PTY00001,2026-08-12 12:04:27.457797
TXN0000190,CERT000066,PTY00001,PTY00002,2026-08-14 18:43:39.720011
TXN0000191,CERT000066,PTY00002,PTY00001,2026-08-15 17:44:21.303904
TXN0000192,CERT000067,PTY00121,PTY00012,2026-07-20 03:18:22.307509
TXN0000193,CERT000067,PTY00012,PTY00001,2026-07-21 23:08:37.280643
TXN0000194,CERT000068,PTY00148,PTY00045,2026-08-18 18:45:08.524318
TXN0000195,CERT000068,PTY00045,PTY00001,2026-08-20 01:37:34.833426
TXN0000196,CERT000068,PTY00001,PTY00026,2026-08-22 23:43:40.279430
TXN0000197,CERT000069,PTY00179,PTY00005,2026-09-08 12:34:48.679672
TXN0000198,CERT000069,PTY00005,PTY00003,2026-09-11 10:54:53.097654
TXN0000199,CERT000069,PTY00003,PTY00001,2026-09-12 00:44:21.403881
TXN0000200,CERT000070,PTY00038,PTY00001,2026-08-30 16:25:53.451123
TXN0000201,CERT000070,PTY00001,PTY00012,2026-09-02 14:22:22.376061
TXN0000202,CERT000070,PTY00012,PTY00068,2026-09-05 10:30:25.810728
TXN0000203,CERT000071,PTY00157,PTY00115,2026-08-03 17:27:30.765183
TXN0000204,CERT000071,PTY00115,PTY00002,2026-08-06 16:11:57.587066
TXN0000205,CERT000072,PTY00136,PTY00001,2026-06-26 21:38:08.685145
TXN0000206,CERT000072,PTY00001,PTY00002,2026-06-27 19:27:27.496661
TXN0000207,CERT000072,PTY00002,PTY00123,2026-06-28 08:39:01.981899
TXN0000208,CERT000073,PTY00105,PTY00001,2026-09-02 07:21:04.621992
TXN0000209,CERT000073,PTY00001,PTY00005,2026-09-05 00:49:43.175649
TXN0000210,CERT000073,PTY00005,PTY00157,2026-09-05 02:15:49.657902
TXN0000211,CERT000073,PTY00157,PTY00003,2026-09-05 05:00:51.745741
TXN0000212,CERT000074,PTY00098,PTY00005,2026-08-06 18:04:15.755907
TXN0000213,CERT000074,PTY00005,PTY00001,2026-08-09 12:25:49.402112
TXN0000214,CERT000074,PTY00001,PTY00176,2026-08-10 00:27:27.410061
TXN0000215,CERT000075,PTY00089,PTY00055,2026-08-13 17:30:03.539168
TXN0000216,CERT000075,PTY00055,PTY00001,2026-08-16 15:40:39.127237
TXN0000217,CERT000075,PTY00001,PTY00002,2026-08-19 11:57:38.889765
TXN0000218,CERT000076,PTY00102,PTY00001,2026-09-05 20:03:53.164371
TXN0000219,CERT000076,PTY00001,PTY00097,2026-09-08 07:15:01.864145
TXN0000220,CERT000076,PTY00097,PTY00007,2026-09-11 06:52:26.969217
TXN0000221,CERT000077,PTY00048,PTY00005,2026-06-28 00:20:01.354513
TXN0000222,CERT000077,PTY00005,PTY00018,2026-06-28 14:11:17.826650
TXN0000223,CERT000078,PTY00043,PTY00002,2026-07-05 10:22:06.828211
TXN0000224,CERT000078,PTY00002,PTY00210,2026-07-06 06:58:27.296218
TXN0000225,CERT000079,PTY00117,PTY00006,2026-06-23 08:23:42.394899
TXN0000226,CERT000079,PTY00006,PTY00177,2026-06-25 09:20:43.037562
TXN0000227,CERT000080,PTY00117,PTY00001,2026-08-17 17:06:41.877389
TXN0000228,CERT000080,PTY00001,PTY00003,2026-08-20 08:54:19.111759
TXN0000229,CERT000080,PTY00003,PTY00001,2026-08-22 10:10:00.798347
TXN0000230,CERT000081,PTY00090,PTY00002,2026-09-01 12:41:22.220537
TXN0000231,CERT000081,PTY00002,PTY00001,2026-09-01 16:41:49.930344
TXN0000232,CERT000082,PTY00042,PTY00018,2026-06-21 13:08:27.804806
TXN0000233,CERT000082,PTY00018,PTY00015,2026-06-22 22:31:19.278941
TXN0000234,CERT000083,PTY00026,PTY00005,2026-08-24 00:00:50.098165
TXN0000235,CERT000083,PTY00005,PTY00002,2026-08-25 19:52:05.294475
TXN0000236,CERT000083,PTY00002,PTY00001,2026-08-26 05:05:08.102227
TXN0000237,CERT000083,PTY00001,PTY00026,2026-08-27 21:18:12.447744
TXN0000238,CERT000084,PTY00019,PTY00280,2026-06-27 09:18:53.013047
TXN0000239,CERT000084,PTY00280,PTY00118,2026-06-28 15:14:07.818728
TXN0000240,CERT000084,PTY00118,PTY00391,2026-06-30 09:21:36.459732
TXN0000241,CERT000085,PTY00108,PTY00002,2026-06-26 17:03:10.625541
TXN0000242,CERT000085,PTY00002,PTY00003,2026-06-27 11:31:32.286727
TXN0000243,CERT000085,PTY00003,PTY00007,2026-06-28 18:11:27.552312
TXN0000244,CERT000086,PTY00153,PTY00001,2026-06-15 14:48:53.491756
TXN0000245,CERT000086,PTY00001,PTY00281,2026-06-16 17:29:30.037530
TXN0000246,CERT000086,PTY00281,PTY00007,2026-06-18 13:48:01.307093
TXN0000247,CERT000087,PTY00024,PTY00002,2026-08-31 21:08:47.056366
TXN0000248,CERT000087,PTY00002,PTY00001,2026-09-02 11:44:47.299627
TXN0000249,CERT000087,PTY00001,PTY00102,2026-09-05 07:48:05.642805
TXN0000250,CERT000087,PTY00102,PTY00001,2026-09-06 04:06:09.463531
TXN0000251,CERT000088,PTY00164,PTY00033,2026-08-25 13:37:59.629811
TXN0000252,CERT000088,PTY00033,PTY00041,2026-08-28 09:41:30.731899
TXN0000253,CERT000088,PTY00041,PTY00001,2026-08-28 22:44:16.104268
TXN0000254,CERT000088,PTY00001,PTY00008,2026-08-31 01:34:12.140564
TXN0000255,CERT000089,PTY00050,PTY00001,2026-07-12 14:04:25.941860
TXN0000256,CERT000089,PTY00001,PTY00263,2026-07-14 16:24:59.624791
TXN0000257,CERT000090,PTY00116,PTY00001,2026-09-06 14:48:01.714488
TXN0000258,CERT000090,PTY00001,PTY00287,2026-09-09 05:02:16.980540
TXN0000259,CERT000091,PTY00144,PTY00088,2026-09-11 18:14:21.093187
TXN0000260,CERT000091,PTY00088,PTY00001,2026-09-11 23:06:37.059236
TXN0000261,CERT000091,PTY00001,PTY00004,2026-09-13 08:53:17.145839
TXN0000262,CERT000091,PTY00004,PTY00001,2026-09-14 07:17:21.353295
TXN0000263,CERT000092,PTY00118,PTY00021,2026-06-14 10:14:27.833159
TXN0000264,CERT000092,PTY00021,PTY00005,2026-06-16 22:34:05.956977
TXN0000265,CERT000092,PTY00005,PTY00001,2026-06-19 08:31:22.679215
TXN0000266,CERT000093,PTY00032,PTY00001,2026-08-31 14:58:09.788504
TXN0000267,CERT000093,PTY00001,PTY00010,2026-08-31 22:26:53.434013
TXN0000268,CERT000094,PTY00075,PTY00006,2026-06-29 11:33:13.842651
TXN0000269,CERT000094,PTY00006,PTY00002,2026-07-01 03:04:02.990684
TXN0000270,CERT000095,PTY00101,PTY00001,2026-08-07 15:44:36.618052
TXN0000271,CERT000095,PTY00001,PTY00002,2026-08-07 21:27:32.651037
TXN0000272,CERT000095,PTY00002,PTY00007,2026-08-08 05:54:35.105529
TXN0000273,CERT000095,PTY00007,PTY00001,2026-08-08 19:05:13.827728
TXN0000274,CERT000096,PTY00134,PTY00002,2026-08-30 12:24:37.503095
TXN0000275,CERT000096,PTY00002,PTY00054,2026-08-31 16:09:06.649214
TXN0000276,CERT000096,PTY00054,PTY00006,2026-08-31 19:04:52.332891
TXN0000277,CERT000097,PTY00020,PTY00009,2026-07-22 18:51:46.920463
TXN0000278,CERT000097,PTY00009,PTY00139,2026-07-22 20:10:01.337766
TXN0000279,CERT000098,PTY00131,PTY00001,2026-06-18 11:07:34.709490
TXN0000280,CERT000098,PTY00001,PTY00004,2026-06-18 16:25:59.893806
TXN0000281,CERT000098,PTY00004,PTY00002,2026-06-18 22:42:36.444515
TXN0000282,CERT000098,PTY00002,PTY00131,2026-06-20 09:52:00.948152
TXN0000283,CERT000099,PTY00096,PTY00007,2026-07-20 17:49:37.654330
TXN0000284,CERT000099,PTY00007,PTY00021,2026-07-21 13:29:12.982906
TXN0000285,CERT000099,PTY00021,PTY00001,2026-07-21 14:37:11.656252
TXN0000286,CERT000100,PTY00130,PTY00001,2026-07-15 11:43:20.140141
TXN0000287,CERT000100,PTY00001,PTY00008,2026-07-17 02:22:04.220523
TXN0000288,CERT000100,PTY00008,PTY00001,2026-07-19 01:00:19.475879
TXN0000289,CERT000100,PTY00001,PTY00026,2026-07-19 23:14:33.559119
TXN0000290,CERT000101,PTY00149,PTY00001,2026-09-01 12:04:29.899253
TXN0000291,CERT000101,PTY00001,PTY00052,2026-09-03 03:12:09.421553
TXN0000292,CERT000101,PTY00052,PTY00091,2026-09-03 08:21:22.336676
TXN0000293,CERT000101,PTY00091,PTY00006,2026-09-05 01:14:27.030346
TXN0000294,CERT000102,PTY00101,PTY00003,2026-07-18 21:51:57.961859
TXN0000295,CERT000102,PTY00003,PTY00047,2026-07-19 14:26:28.439290
TXN0000296,CERT000102,PTY00047,PTY00016,2026-07-21 21:13:20.921494
TXN0000297,CERT000102,PTY00016,PTY00002,2026-07-22 19:19:50.954656
TXN0000298,CERT000103,PTY00007,PTY00001,2026-07-26 09:43:19.553885
TXN0000299,CERT000103,PTY00001,PTY00002,2026-07-27 00:00:33.823927
TXN0000300,CERT000103,PTY00002,PTY00005,2026-07-29 13:17:53.148130
TXN0000301,CERT000104,PTY00138,PTY00003,2026-07-12 15:21:13.869602
TXN0000302,CERT000104,PTY00003,PTY00313,2026-07-13 22:57:33.123643
TXN0000303,CERT000104,PTY00313,PTY00002,2026-07-15 01:54:03.580574
TXN0000304,CERT000105,PTY00173,PTY00005,2026-09-08 19:58:34.393869
TXN0000305,CERT000105,PTY00005,PTY00048,2026-09-11 19:41:29.706491
TXN0000306,CERT000105,PTY00048,PTY00004,2026-09-12 21:12:03.856825
TXN0000307,CERT000105,PTY00004,PTY00001,2026-09-12 22:32:30.692048
TXN0000308,CERT000106,PTY00034,PTY00001,2026-08-13 14:34:56.183815
TXN0000309,CERT000106,PTY00001,PTY00009,2026-08-14 08:01:58.872045
TXN0000310,CERT000107,PTY00017,PTY00007,2026-07-14 18:43:28.741700
TXN0000311,CERT000107,PTY00007,PTY00001,2026-07-17 08:27:12.656605
TXN0000312,CERT000107,PTY00001,PTY00022,2026-07-17 21:32:24.219696
TXN0000313,CERT000107,PTY00022,PTY00001,2026-07-20 16:19:17.777924
TXN0000314,CERT000108,PTY00021,PTY00003,2026-06-29 23:53:22.270859
TXN0000315,CERT000108,PTY00003,PTY00001,2026-07-02 19:40:31.220622
TXN0000316,CERT000108,PTY00001,PTY00038,2026-07-04 22:06:27.760327
TXN0000317,CERT000109,PTY00069,PTY00282,2026-07-07 21:55:37.386666
TXN0000318,CERT000109,PTY00282,PTY00079,2026-07-09 06:04:45.010265
TXN0000319,CERT000110,PTY00139,PTY00001,2026-06-16 18:46:00.790495
TXN0000320,CERT000110,PTY00001,PTY00003,2026-06-17 17:51:44.880339
TXN0000321,CERT000110,PTY00003,PTY00051,2026-06-19 13:41:19.943601
TXN0000322,CERT000110,PTY00051,PTY00001,2026-06-21 18:16:06.070119
TXN0000323,CERT000111,PTY00106,PTY00010,2026-08-14 16:47:44.212375
TXN0000324,CERT000111,PTY00010,PTY00001,2026-08-16 19:02:37.277665
TXN0000325,CERT000111,PTY00001,PTY00285,2026-08-19 16:21:55.549840
TXN0000326,CERT000111,PTY00285,PTY00001,2026-08-20 00:29:20.167041
TXN0000327,CERT000112,PTY00178,PTY00002,2026-09-11 05:30:19.993272
TXN0000328,CERT000112,PTY00002,PTY00003,2026-09-12 13:28:50.314173
TXN0000329,CERT000112,PTY00003,PTY00009,2026-09-12 23:04:50.637874
TXN0000330,CERT000113,PTY00164,PTY00003,2026-08-16 08:16:31.437285
TXN0000331,CERT000113,PTY00003,PTY00002,2026-08-17 09:19:07.743247
TXN0000332,CERT000113,PTY00002,PTY00001,2026-08-18 01:19:59.557052
TXN0000333,CERT000114,PTY00168,PTY00001,2026-07-20 10:33:26.242912
TXN0000334,CERT000114,PTY00001,PTY00002,2026-07-21 00:47:33.622248
TXN0000335,CERT000114,PTY00002,PTY00023,2026-07-22 00:54:03.495754
TXN0000336,CERT000114,PTY00023,PTY00010,2026-07-24 04:47:59.091037
TXN0000337,CERT000115,PTY00172,PTY00001,2026-08-25 16:54:13.054342
TXN0000338,CERT000115,PTY00001,PTY00003,2026-08-27 08:27:54.093150
TXN0000339,CERT000115,PTY00003,PTY00313,2026-08-28 16:09:51.039946
TXN0000340,CERT000115,PTY00313,PTY00008,2026-08-31 13:59:22.440774
TXN0000341,CERT000116,PTY00175,PTY00006,2026-08-20 15:25:51.872737
TXN0000342,CERT000116,PTY00006,PTY00002,2026-08-22 06:44:09.753047
TXN0000343,CERT000116,PTY00002,PTY00015,2026-08-23 13:39:04.210173
TXN0000344,CERT000116,PTY00015,PTY00048,2026-08-25 21:25:52.373633
TXN0000345,CERT000117,PTY00089,PTY00002,2026-06-19 16:12:32.472307
TXN0000346,CERT000117,PTY00002,PTY00032,2026-06-22 02:09:40.575350
TXN0000347,CERT000118,PTY00151,PTY00002,2026-06-28 14:10:53.754351
TXN0000348,CERT000118,PTY00002,PTY00001,2026-06-30 04:59:24.555061
TXN0000349,CERT000119,PTY00030,PTY00005,2026-06-25 15:52:35.326503
TXN0000350,CERT000119,PTY00005,PTY00002,2026-06-26 08:29:30.537118
TXN0000351,CERT000119,PTY00002,PTY00248,2026-06-28 13:07:33.674000
TXN0000352,CERT000119,PTY00248,PTY00002,2026-06-28 20:43:04.878117
TXN0000353,CERT000120,PTY00104,PTY00009,2026-08-25 13:39:42.614598
TXN0000354,CERT000120,PTY00009,PTY00067,2026-08-26 07:19:12.066045
TXN0000355,CERT000121,PTY00112,PTY00008,2026-07-03 22:52:52.483340
TXN0000356,CERT000121,PTY00008,PTY00120,2026-07-06 18:02:46.809478
TXN0000357,CERT000121,PTY00120,PTY00004,2026-07-07 16:45:18.934392
TXN0000358,CERT000122,PTY00144,PTY00001,2026-08-29 18:45:20.953257
TXN0000359,CERT000122,PTY00001,PTY00009,2026-08-30 03:05:24.555386
TXN0000360,CERT000123,PTY00037,PTY00001,2026-07-14 13:57:42.167405
TXN0000361,CERT000123,PTY00001,PTY00031,2026-07-16 15:28:56.302036
TXN0000362,CERT000123,PTY00031,PTY00001,2026-07-18 16:19:10.009624
TXN0000363,CERT000124,PTY00132,PTY00003,2026-09-08 03:32:48.919344
TXN0000364,CERT000124,PTY00003,PTY00001,2026-09-09 03:43:55.315932
TXN0000365,CERT000124,PTY00001,PTY00132,2026-09-09 18:38:37.268106
TXN0000366,CERT000125,PTY00150,PTY00038,2026-07-11 14:18:32.925048
TXN0000367,CERT000125,PTY00038,PTY00011,2026-07-13 13:35:34.839392
TXN0000368,CERT000125,PTY00011,PTY00001,2026-07-14 03:36:56.044439
TXN0000369,CERT000126,PTY00113,PTY00017,2026-08-03 23:00:57.385846
TXN0000370,CERT000126,PTY00017,PTY00002,2026-08-05 03:54:04.332758
TXN0000371,CERT000127,PTY00047,PTY00001,2026-09-01 08:08:15.535984
TXN0000372,CERT000127,PTY00001,PTY00002,2026-09-03 18:38:18.721811
TXN0000373,CERT000128,PTY00107,PTY00035,2026-09-09 16:16:11.676112
TXN0000374,CERT000128,PTY00035,PTY00001,2026-09-10 07:18:23.256424
TXN0000375,CERT000128,PTY00001,PTY00005,2026-09-12 07:39:40.668177
TXN0000376,CERT000129,PTY00090,PTY00001,2026-07-12 14:36:09.677386
TXN0000377,CERT000129,PTY00001,PTY00018,2026-07-12 17:02:48.793807
TXN0000378,CERT000129,PTY00018,PTY00014,2026-07-12 20:34:15.853709
TXN0000379,CERT000130,PTY00036,PTY00025,2026-09-10 13:59:03.446943
TXN0000380,CERT000130,PTY00025,PTY00001,2026-09-12 00:58:15.792379
TXN0000381,CERT000130,PTY00001,PTY00006,2026-09-14 15:57:55.324588
TXN0000382,CERT000130,PTY00006,PTY00001,2026-09-17 08:34:13.022991
TXN0000383,CERT000131,PTY00106,PTY00016,2026-06-27 10:42:50.382522
TXN0000384,CERT000131,PTY00016,PTY00007,2026-06-29 05:29:47.445967
TXN0000385,CERT000132,PTY00007,PTY00001,2026-09-04 14:26:30.090279
TXN0000386,CERT000132,PTY00001,PTY00016,2026-09-05 23:57:11.734699
TXN0000387,CERT000132,PTY00016,PTY00005,2026-09-08 16:48:22.887644
TXN0000388,CERT000133,PTY00154,PTY00031,2026-08-05 19:35:31.445140
TXN0000389,CERT000133,PTY00031,PTY00002,2026-08-07 10:12:50.386993
TXN0000390,CERT000133,PTY00002,PTY00012,2026-08-07 16:51:23.344785
TXN0000391,CERT000134,PTY00147,PTY00003,2026-08-15 12:51:20.827158
TXN0000392,CERT000134,PTY00003,PTY00008,2026-08-16 03:00:09.012766
TXN0000393,CERT000134,PTY00008,PTY00007,2026-08-16 16:20:32.000650
TXN0000394,CERT000134,PTY00007,PTY00001,2026-08-17 16:47:51.425881
TXN0000395,CERT000135,PTY00177,PTY00005,2026-07-25 11:23:08.717425
TXN0000396,CERT000135,PTY00005,PTY00016,2026-07-27 03:30:21.568318
TXN0000397,CERT000135,PTY00016,PTY00022,2026-07-28 06:50:21.132126
TXN0000398,CERT000136,PTY00074,PTY00001,2026-08-01 16:43:36.563087
TXN0000399,CERT000136,PTY00001,PTY00020,2026-08-02 19:40:14.370145
TXN0000400,CERT000137,PTY00138,PTY00003,2026-06-15 15:57:17.235534
TXN0000401,CERT000137,PTY00003,PTY00014,2026-06-17 23:27:43.924712
TXN0000402,CERT000137,PTY00014,PTY00078,2026-06-19 01:38:05.423833
TXN0000403,CERT000137,PTY00078,PTY00168,2026-06-20 23:52:54.143300
TXN0000404,CERT000138,PTY00079,PTY00012,2026-06-24 15:45:59.343446
TXN0000405,CERT000138,PTY00012,PTY00001,2026-06-26 20:19:58.163649
TXN0000406,CERT000139,PTY00153,PTY00192,2026-09-03 14:59:00.796617
TXN0000407,CERT000139,PTY00192,PTY00019,2026-09-06 10:15:36.442239
TXN0000408,CERT000139,PTY00019,PTY00001,2026-09-08 22:38:32.433532
TXN0000409,CERT000139,PTY00001,PTY00024,2026-09-11 13:23:42.897722
TXN0000410,CERT000140,PTY00051,PTY00021,2026-08-25 10:07:42.282824
TXN0000411,CERT000140,PTY00021,PTY00001,2026-08-27 11:49:41.289246
TXN0000412,CERT000141,PTY00137,PTY00001,2026-08-07 18:19:00.027323
TXN0000413,CERT000141,PTY00001,PTY00004,2026-08-09 08:16:51.129421
TXN0000414,CERT000141,PTY00004,PTY00002,2026-08-12 05:26:08.757042
TXN0000415,CERT000142,PTY00114,PTY00004,2026-08-27 13:28:03.047438
TXN0000416,CERT000142,PTY00004,PTY00023,2026-08-28 18:26:12.316780
TXN0000417,CERT000142,PTY00023,PTY00015,2026-08-29 10:08:19.964810
TXN0000418,CERT000142,PTY00015,PTY00002,2026-08-29 11:42:39.663452
TXN0000419,CERT000143,PTY00101,PTY00002,2026-08-03 09:15:52.112706
TXN0000420,CERT000143,PTY00002,PTY00047,2026-08-04 23:08:11.227663
TXN0000421,CERT000143,PTY00047,PTY00001,2026-08-06 04:09:21.973069
TXN0000422,CERT000143,PTY00001,PTY00101,2026-08-07 23:08:35.378866
TXN0000423,CERT000144,PTY00109,PTY00003,2026-06-15 20:04:16.587292
TXN0000424,CERT000144,PTY00003,PTY00001,2026-06-16 05:02:15.256637
TXN0000425,CERT000145,PTY00162,PTY00001,2026-08-24 23:55:54.537435
TXN0000426,CERT000145,PTY00001,PTY00003,2026-08-26 02:34:10.277068
TXN0000427,CERT000146,PTY00172,PTY00002,2026-06-15 15:17:09.580686
TXN0000428,CERT000146,PTY00002,PTY00001,2026-06-16 23:55:30.229587
TXN0000429,CERT000146,PTY00001,PTY00002,2026-06-17 22:15:03.069532
TXN0000430,CERT000147,PTY00156,PTY00003,2026-06-29 21:32:12.983220
TXN0000431,CERT000147,PTY00003,PTY00002,2026-07-01 02:00:49.942765
TXN0000432,CERT000147,PTY00002,PTY00005,2026-07-01 16:31:31.417750
TXN0000433,CERT000148,PTY00023,PTY00003,2026-07-18 19:22:37.144315
TXN0000434,CERT000148,PTY00003,PTY00014,2026-07-18 20:57:07.745000
TXN0000435,CERT000148,PTY00014,PTY00007,2026-07-19 04:36:23.820765
TXN0000436,CERT000149,PTY00168,PTY00338,2026-09-11 17:52:07.662390
TXN0000437,CERT000149,PTY00338,PTY00011,2026-09-12 11:43:05.161915
TXN0000438,CERT000150,PTY00004,PTY00158,2026-06-26 17:29:51.225700
TXN0000439,CERT000150,PTY00158,PTY00009,2026-06-28 19:23:13.093148
TXN0000440,CERT000150,PTY00009,PTY00059,2026-06-28 22:47:17.814251
TXN0000441,CERT000150,PTY00059,PTY00002,2026-07-01 07:30:16.109411
TXN0000442,CERT000151,PTY00137,PTY00117,2026-07-04 02:46:52.352203
TXN0000443,CERT000151,PTY00117,PTY00001,2026-07-05 15:41:00.516135
TXN0000444,CERT000152,PTY00100,PTY00001,2026-08-08 11:23:08.373824
TXN0000445,CERT000152,PTY00001,PTY00166,2026-08-10 03:33:35.899503
TXN0000446,CERT000152,PTY00166,PTY00027,2026-08-11 04:10:42.389934
TXN0000447,CERT000152,PTY00027,PTY00006,2026-08-12 16:19:12.155309
TXN0000448,CERT000153,PTY00154,PTY00001,2026-06-17 22:51:08.587492
TXN0000449,CERT000153,PTY00001,PTY00003,2026-06-19 11:58:48.308274
TXN0000450,CERT000153,PTY00003,PTY00001,2026-06-22 07:35:11.353575
TXN0000451,CERT000153,PTY00001,PTY00255,2026-06-25 05:43:35.107274
TXN0000452,CERT000154,PTY00071,PTY00155,2026-07-18 23:56:04.093169
TXN0000453,CERT000154,PTY00155,PTY00146,2026-07-21 00:34:16.077482
TXN0000454,CERT000154,PTY00146,PTY00012,2026-07-21 10:15:03.928914
TXN0000455,CERT000154,PTY00012,PTY00061,2026-07-21 15:29:07.806745
TXN0000456,CERT000155,PTY00030,PTY00001,2026-09-07 17:02:54.950017
TXN0000457,CERT000155,PTY00001,PTY00006,2026-09-08 21:59:58.582619
TXN0000458,CERT000155,PTY00006,PTY00001,2026-09-10 07:42:24.235767
TXN0000459,CERT000155,PTY00001,PTY00003,2026-09-11 11:19:16.476694
TXN0000460,CERT000156,PTY00008,PTY00002,2026-06-25 15:00:39.697701
TXN0000461,CERT000156,PTY00002,PTY00001,2026-06-26 11:02:22.793931
TXN0000462,CERT000156,PTY00001,PTY00002,2026-06-29 05:40:12.288981
TXN0000463,CERT000156,PTY00002,PTY00013,2026-07-01 21:37:13.038325
TXN0000464,CERT000157,PTY00012,PTY00001,2026-07-21 15:58:33.951840
TXN0000465,CERT000157,PTY00001,PTY00121,2026-07-22 09:20:08.424221
TXN0000466,CERT000157,PTY00121,PTY00012,2026-07-22 15:34:39.865409
TXN0000467,CERT000158,PTY00079,PTY00015,2026-07-03 19:02:14.648912
TXN0000468,CERT000158,PTY00015,PTY00001,2026-07-04 06:05:54.149912
TXN0000469,CERT000158,PTY00001,PTY00014,2026-07-06 03:03:24.174314
TXN0000470,CERT000159,PTY00093,PTY00001,2026-08-27 23:02:47.315244
TXN0000471,CERT000159,PTY00001,PTY00014,2026-08-29 15:31:50.447648
TXN0000472,CERT000159,PTY00014,PTY00002,2026-08-30 22:59:35.114907
TXN0000473,CERT000160,PTY00150,PTY00001,2026-07-03 03:57:17.616452
TXN0000474,CERT000160,PTY00001,PTY00186,2026-07-04 09:03:52.506587
TXN0000475,CERT000160,PTY00186,PTY00014,2026-07-06 05:32:07.499050
TXN0000476,CERT000161,PTY00006,PTY00004,2026-06-23 20:32:34.675364
TXN0000477,CERT000161,PTY00004,PTY00026,2026-06-24 19:53:09.177086
TXN0000478,CERT000161,PTY00026,PTY00003,2026-06-27 17:39:39.417686
TXN0000479,CERT000161,PTY00003,PTY00012,2026-06-28 05:34:36.647864
TXN0000480,CERT000162,PTY00109,PTY00003,2026-07-30 13:19:11.168207
TXN0000481,CERT000162,PTY00003,PTY00244,2026-07-31 15:48:14.892928
TXN0000482,CERT000162,PTY00244,PTY00002,2026-08-03 09:06:00.133608
TXN0000483,CERT000162,PTY00002,PTY00001,2026-08-03 12:07:48.974293
TXN0000484,CERT000163,PTY00046,PTY00001,2026-09-07 16:07:48.391528
TXN0000485,CERT000163,PTY00001,PTY00150,2026-09-10 07:33:08.056512
TXN0000486,CERT000163,PTY00150,PTY00003,2026-09-11 13:43:34.072228
TXN0000487,CERT000164,PTY00009,PTY00006,2026-06-30 12:01:52.279635
TXN0000488,CERT000164,PTY00006,PTY00001,2026-07-02 10:26:49.882757
TXN0000489,CERT000164,PTY00001,PTY00012,2026-07-02 19:27:47.943504
TXN0000490,CERT000164,PTY00012,PTY00093,2026-07-03 10:35:19.489296
TXN0000491,CERT000165,PTY00011,PTY00001,2026-09-07 17:03:52.008346
TXN0000492,CERT000165,PTY00001,PTY00023,2026-09-08 10:16:55.765912
TXN0000493,CERT000166,PTY00161,PTY00068,2026-06-29 08:19:31.982001
TXN0000494,CERT000166,PTY00068,PTY00017,2026-07-02 07:37:38.210253
TXN0000495,CERT000167,PTY00161,PTY00018,2026-08-01 18:21:11.421240
TXN0000496,CERT000167,PTY00018,PTY00003,2026-08-01 20:36:57.303347
TXN0000497,CERT000168,PTY00041,PTY00001,2026-06-19 15:24:32.708313
TXN0000498,CERT000168,PTY00001,PTY00078,2026-06-21 10:12:30.330195
TXN0000499,CERT000168,PTY00078,PTY00059,2026-06-23 19:15:35.050952
TXN0000500,CERT000169,PTY00121,PTY00004,2026-08-29 14:12:19.920775
TXN0000501,CERT000169,PTY00004,PTY00080,2026-09-01 14:05:06.207381
TXN0000502,CERT000169,PTY00080,PTY00001,2026-09-01 23:37:56.093177
TXN0000503,CERT000170,PTY00055,PTY00133,2026-07-22 09:46:22.207394
TXN0000504,CERT000170,PTY00133,PTY00005,2026-07-24 03:45:43.060832
TXN0000505,CERT000171,PTY00173,PTY00001,2026-08-18 22:02:30.487826
TXN0000506,CERT000171,PTY00001,PTY00021,2026-08-19 06:27:20.865064
TXN0000507,CERT000171,PTY00021,PTY00003,2026-08-20 18:26:30.429438
TXN0000508,CERT000172,PTY00041,PTY00001,2026-08-05 00:50:56.917454
TXN0000509,CERT000172,PTY00001,PTY00004,2026-08-06 13:17:49.223894
TXN0000510,CERT000172,PTY00004,PTY00012,2026-08-09 11:02:30.121467
TXN0000511,CERT000173,PTY00167,PTY00001,2026-07-27 17:01:08.638485
TXN0000512,CERT000173,PTY00001,PTY00014,2026-07-30 15:02:04.353882
TXN0000513,CERT000174,PTY00163,PTY00015,2026-08-12 09:51:33.059614
TXN0000514,CERT000174,PTY00015,PTY00002,2026-08-14 23:24:37.576520
TXN0000515,CERT000175,PTY00116,PTY00001,2026-07-21 14:30:17.139248
TXN0000516,CERT000175,PTY00001,PTY00023,2026-07-23 00:57:45.236520
TXN0000517,CERT000175,PTY00023,PTY00062,2026-07-24 09:28:19.197874
TXN0000518,CERT000175,PTY00062,PTY00001,2026-07-27 02:05:20.765543
TXN0000519,CERT000176,PTY00154,PTY00001,2026-09-08 21:57:37.412030
TXN0000520,CERT000176,PTY00001,PTY00002,2026-09-09 19:18:18.927100
TXN0000521,CERT000177,PTY00122,PTY00005,2026-09-01 12:17:44.079188
TXN0000522,CERT000177,PTY00005,PTY00075,2026-09-02 21:28:05.725514
TXN0000523,CERT000177,PTY00075,PTY00002,2026-09-05 17:17:41.437061
TXN0000524,CERT000178,PTY00059,PTY00042,2026-06-17 22:24:04.927942
TXN0000525,CERT000178,PTY00042,PTY00025,2026-06-18 12:08:07.646570
TXN0000526,CERT000178,PTY00025,PTY00005,2026-06-21 10:59:18.664450
TXN0000527,CERT000179,PTY00109,PTY00003,2026-07-05 19:09:54.900652
TXN0000528,CERT000179,PTY00003,PTY00004,2026-07-06 21:58:39.889365
TXN0000529,CERT000179,PTY00004,PTY00362,2026-07-08 15:32:02.015133
TXN0000530,CERT000179,PTY00362,PTY00003,2026-07-10 03:44:43.214444
TXN0000531,CERT000180,PTY00174,PTY00001,2026-07-13 23:30:00.110051
TXN0000532,CERT000180,PTY00001,PTY00002,2026-07-16 19:39:58.270668
TXN0000533,CERT000180,PTY00002,PTY00018,2026-07-19 01:19:26.793824
TXN0000534,CERT000181,PTY00099,PTY00006,2026-06-24 18:13:29.793623
TXN0000535,CERT000181,PTY00006,PTY00001,2026-06-27 10:26:14.105270
TXN0000536,CERT000181,PTY00001,PTY00301,2026-06-28 22:31:50.632045
TXN0000537,CERT000181,PTY00301,PTY00135,2026-06-28 23:36:39.107963
TXN0000538,CERT000182,PTY00145,PTY00024,2026-07-10 22:07:38.422013
TXN0000539,CERT000182,PTY00024,PTY00001,2026-07-11 14:08:43.066348
TXN0000540,CERT000182,PTY00001,PTY00011,2026-07-13 23:01:34.747108
TXN0000541,CERT000182,PTY00011,PTY00002,2026-07-14 06:02:16.351637
TXN0000542,CERT000183,PTY00139,PTY00001,2026-07-24 17:51:54.275893
TXN0000543,CERT000183,PTY00001,PTY00006,2026-07-25 06:53:00.116621
TXN0000544,CERT000183,PTY00006,PTY00004,2026-07-26 13:28:00.470181
TXN0000545,CERT000184,PTY00052,PTY00030,2026-06-26 16:07:34.031753
TXN0000546,CERT000184,PTY00030,PTY00001,2026-06-27 17:16:55.603486
TXN0000547,CERT000185,PTY00179,PTY00005,2026-06-23 19:02:24.343305
TXN0000548,CERT000185,PTY00005,PTY00001,2026-06-24 05:41:32.647344
TXN0000549,CERT000186,PTY00072,PTY00092,2026-06-27 20:30:10.966861
TXN0000550,CERT000186,PTY00092,PTY00001,2026-06-30 11:21:22.103710
TXN0000551,CERT000186,PTY00001,PTY00004,2026-06-30 18:05:52.410745
TXN0000552,CERT000187,PTY00031,PTY00011,2026-07-07 12:27:42.164376
TXN0000553,CERT000187,PTY00011,PTY00008,2026-07-08 15:19:00.999832
TXN0000554,CERT000188,PTY00169,PTY00015,2026-08-17 15:27:51.363146
TXN0000555,CERT000188,PTY00015,PTY00001,2026-08-18 12:07:27.435044
TXN0000556,CERT000189,PTY00136,PTY00020,2026-07-04 16:06:38.712347
TXN0000557,CERT000189,PTY00020,PTY00001,2026-07-07 12:54:15.614340
TXN0000558,CERT000189,PTY00001,PTY00002,2026-07-07 20:42:23.463279
TXN0000559,CERT000189,PTY00002,PTY00005,2026-07-10 07:52:29.138073
TXN0000560,CERT000190,PTY00128,PTY00003,2026-07-12 17:38:30.003811
TXN0000561,CERT000190,PTY00003,PTY00269,2026-07-15 02:46:25.351894
TXN0000562,CERT000191,PTY00124,PTY00051,2026-07-10 04:00:17.652135
TXN0000563,CERT000191,PTY00051,PTY00001,2026-07-12 07:16:13.354523
TXN0000564,CERT000191,PTY00001,PTY00005,2026-07-13 21:58:54.467241
TXN0000565,CERT000192,PTY00120,PTY00021,2026-08-07 02:18:53.550459
TXN0000566,CERT000192,PTY00021,PTY00064,2026-08-09 21:53:25.095771
TXN0000567,CERT000192,PTY00064,PTY00002,2026-08-11 15:16:22.478376
TXN0000568,CERT000193,PTY00053,PTY00001,2026-08-06 03:04:07.335672
TXN0000569,CERT000193,PTY00001,PTY00003,2026-08-06 22:13:09.438363
TXN0000570,CERT000193,PTY00003,PTY00001,2026-08-09 05:47:07.775959
TXN0000571,CERT000193,PTY00001,PTY00006,2026-08-11 16:57:29.705861
TXN0000572,CERT000194,PTY00148,PTY00001,2026-07-12 16:42:20.771633
TXN0000573,CERT000194,PTY00001,PTY00024,2026-07-13 11:30:46.307900
TXN0000574,CERT000195,PTY00059,PTY00008,2026-07-04 21:47:42.514280
TXN0000575,CERT000195,PTY00008,PTY00063,2026-07-07 11:17:49.386801
TXN0000576,CERT000196,PTY00093,PTY00001,2026-09-08 02:07:12.211344
TXN0000577,CERT000196,PTY00001,PTY00295,2026-09-09 21:21:17.277518
TXN0000578,CERT000196,PTY00295,PTY00046,2026-09-09 22:59:07.977777
TXN0000579,CERT000197,PTY00065,PTY00003,2026-08-31 13:15:06.406699
TXN0000580,CERT000197,PTY00003,PTY00001,2026-09-01 18:21:48.950789
TXN0000581,CERT000197,PTY00001,PTY00004,2026-09-02 16:04:16.932529
TXN0000582,CERT000197,PTY00004,PTY00001,2026-09-05 02:16:50.168127
TXN0000583,CERT000198,PTY00112,PTY00003,2026-06-19 21:12:25.065138
TXN0000584,CERT000198,PTY00003,PTY00051,2026-06-20 20:21:26.744599
TXN0000585,CERT000198,PTY00051,PTY00032,2026-06-21 06:02:19.685755
TXN0000586,CERT000198,PTY00032,PTY00001,2026-06-24 02:32:54.815628
TXN0000587,CERT000199,PTY00138,PTY00002,2026-08-30 17:28:32.814971
TXN0000588,CERT000199,PTY00002,PTY00164,2026-08-31 09:31:03.950543
TXN0000589,CERT000199,PTY00164,PTY00001,2026-09-02 00:40:40.787831
TXN0000590,CERT000200,PTY00084,PTY00001,2026-07-03 12:29:53.923179
TXN0000591,CERT000200,PTY00001,PTY00008,2026-07-04 17:48:11.237069
TXN0000592,CERT000200,PTY00008,PTY00001,2026-07-06 19:37:22.162301
TXN0000593,CERT000200,PTY00001,PTY00362,2026-07-08 00:42:49.489799
TXN0000594,CERT000201,PTY00047,PTY00001,2026-09-02 14:17:06.901554
TXN0000595,CERT000201,PTY00001,PTY00036,2026-09-03 06:58:43.484173
TXN0000596,CERT000201,PTY00036,PTY00001,2026-09-06 05:31:52.794227
TXN0000597,CERT000202,PTY00130,PTY00001,2026-08-23 12:58:24.116731
TXN0000598,CERT000202,PTY00001,PTY00006,2026-08-23 23:16:31.436844
TXN0000599,CERT000202,PTY00006,PTY00013,2026-08-25 08:40:06.392104
TXN0000600,CERT000202,PTY00013,PTY00004,2026-08-25 20:03:40.082028
TXN0000601,CERT000203,PTY00007,PTY00027,2026-08-31 15:19:30.822720
TXN0000602,CERT000203,PTY00027,PTY00002,2026-09-02 10:59:06.146771
TXN0000603,CERT000203,PTY00002,PTY00001,2026-09-03 02:56:16.143888
TXN0000604,CERT000203,PTY00001,PTY00004,2026-09-04 16:06:47.735774
TXN0000605,CERT000204,PTY00021,PTY00032,2026-08-17 06:45:29.936663
TXN0000606,CERT000204,PTY00032,PTY00098,2026-08-19 18:53:39.617017
TXN0000607,CERT000204,PTY00098,PTY00001,2026-08-20 19:24:59.071251
TXN0000608,CERT000204,PTY00001,PTY00009,2026-08-20 21:25:46.773245
TXN0000609,CERT000205,PTY00013,PTY00007,2026-08-09 01:50:12.806915
TXN0000610,CERT000205,PTY00007,PTY00025,2026-08-10 00:47:38.668752
TXN0000611,CERT000205,PTY00025,PTY00008,2026-08-12 16:25:52.161213
TXN0000612,CERT000205,PTY00008,PTY00002,2026-08-12 22:09:40.766744
TXN0000613,CERT000206,PTY00029,PTY00090,2026-08-01 05:37:25.653488
TXN0000614,CERT000206,PTY00090,PTY00001,2026-08-02 11:56:36.413731
TXN0000615,CERT000207,PTY00092,PTY00003,2026-06-17 01:50:24.381156
TXN0000616,CERT000207,PTY00003,PTY00001,2026-06-17 20:50:20.563045
TXN0000617,CERT000207,PTY00001,PTY00148,2026-06-19 21:24:17.895021
TXN0000618,CERT000207,PTY00148,PTY00001,2026-06-20 12:56:00.165807
TXN0000619,CERT000208,PTY00153,PTY00003,2026-07-04 08:46:47.880902
TXN0000620,CERT000208,PTY00003,PTY00013,2026-07-06 13:12:03.826012
TXN0000621,CERT000208,PTY00013,PTY00078,2026-07-08 20:12:34.276473
TXN0000622,CERT000209,PTY00160,PTY00006,2026-06-23 13:21:48.998761
TXN0000623,CERT000209,PTY00006,PTY00207,2026-06-23 23:05:15.996982
TXN0000624,CERT000209,PTY00207,PTY00001,2026-06-26 09:51:19.283167
TXN0000625,CERT000209,PTY00001,PTY00016,2026-06-28 22:21:50.209837
TXN0000626,CERT000210,PTY00157,PTY00002,2026-08-20 21:55:02.998410
TXN0000627,CERT000210,PTY00002,PTY00001,2026-08-23 11:42:09.882732
TXN0000628,CERT000210,PTY00001,PTY00003,2026-08-26 00:57:46.888106
TXN0000629,CERT000211,PTY00028,PTY00001,2026-07-04 13:40:20.010054
TXN0000630,CERT000211,PTY00001,PTY00002,2026-07-06 03:55:31.116921
TXN0000631,CERT000211,PTY00002,PTY00025,2026-07-07 04:41:09.519510
TXN0000632,CERT000212,PTY00083,PTY00114,2026-08-29 22:51:49.759056
TXN0000633,CERT000212,PTY00114,PTY00001,2026-08-30 03:15:30.266938
TXN0000634,CERT000213,PTY00102,PTY00017,2026-08-16 05:28:22.881662
TXN0000635,CERT000213,PTY00017,PTY00002,2026-08-19 02:58:13.629054
TXN0000636,CERT000214,PTY00163,PTY00001,2026-08-12 12:30:48.536145
TXN0000637,CERT000214,PTY00001,PTY00014,2026-08-13 14:56:15.139309
TXN0000638,CERT000214,PTY00014,PTY00077,2026-08-13 20:55:17.393185
TXN0000639,CERT000214,PTY00077,PTY00274,2026-08-15 17:40:41.574774
TXN0000640,CERT000215,PTY00046,PTY00002,2026-08-04 12:28:05.339969
TXN0000641,CERT000215,PTY00002,PTY00001,2026-08-07 06:35:27.166907
TXN0000642,CERT000215,PTY00001,PTY00044,2026-08-08 00:51:55.382101
TXN0000643,CERT000215,PTY00044,PTY00162,2026-08-09 03:13:24.861997
TXN0000644,CERT000216,PTY00070,PTY00001,2026-09-02 18:34:24.528975
TXN0000645,CERT000216,PTY00001,PTY00002,2026-09-04 01:55:11.833695
TXN0000646,CERT000216,PTY00002,PTY00006,2026-09-06 18:43:37.778247
TXN0000647,CERT000217,PTY00101,PTY00013,2026-08-03 18:59:36.427111
TXN0000648,CERT000217,PTY00013,PTY00001,2026-08-05 22:46:19.469250
TXN0000649,CERT000217,PTY00001,PTY00002,2026-08-08 16:53:29.510468
TXN0000650,CERT000217,PTY00002,PTY00022,2026-08-09 17:42:41.318313
TXN0000651,CERT000218,PTY00043,PTY00002,2026-07-27 03:16:40.674421
TXN0000652,CERT000218,PTY00002,PTY00008,2026-07-29 22:33:23.754106
TXN0000653,CERT000219,PTY00171,PTY00001,2026-07-14 17:18:46.925825
TXN0000654,CERT000219,PTY00001,PTY00023,2026-07-16 18:57:41.644978
TXN0000655,CERT000220,PTY00066,PTY00001,2026-07-27 18:06:26.806657
TXN0000656,CERT000220,PTY00001,PTY00039,2026-07-30 10:41:59.857407
TXN0000657,CERT000220,PTY00039,PTY00025,2026-07-31 01:33:50.086042
TXN0000658,CERT000221,PTY00009,PTY00006,2026-08-29 02:27:01.820202
TXN0000659,CERT000221,PTY00006,PTY00021,2026-08-29 10:31:16.678715
TXN0000660,CERT000221,PTY00021,PTY00002,2026-08-29 18:52:41.640842
TXN0000661,CERT000222,PTY00173,PTY00193,2026-08-20 22:12:37.801998
TXN0000662,CERT000222,PTY00193,PTY00001,2026-08-21 19:21:48.877515
TXN0000663,CERT000222,PTY00001,PTY00002,2026-08-22 03:39:46.745895
TXN0000664,CERT000222,PTY00002,PTY00001,2026-08-23 22:47:03.866472
TXN0000665,CERT000223,PTY00145,PTY00001,2026-08-30 00:16:21.097414
TXN0000666,CERT000223,PTY00001,PTY00005,2026-08-30 03:12:14.058642
TXN0000667,CERT000223,PTY00005,PTY00004,2026-08-30 19:13:13.704166
TXN0000668,CERT000223,PTY00004,PTY00001,2026-09-02 12:51:50.251815
TXN0000669,CERT000224,PTY00026,PTY00001,2026-06-28 12:41:46.921684
TXN0000670,CERT000224,PTY00001,PTY00008,2026-06-30 21:48:57.059666
TXN0000671,CERT000224,PTY00008,PTY00103,2026-07-02 02:23:23.633599
TXN0000672,CERT000225,PTY00116,PTY00015,2026-08-24 15:36:48.898670
TXN0000673,CERT000225,PTY00015,PTY00278,2026-08-27 10:45:33.195262
TXN0000674,CERT000225,PTY00278,PTY00016,2026-08-29 13:01:56.290308
TXN0000675,CERT000225,PTY00016,PTY00002,2026-08-29 21:25:03.099867
TXN0000676,CERT000226,PTY00129,PTY00151,2026-08-06 23:39:29.025811
TXN0000677,CERT000226,PTY00151,PTY00211,2026-08-07 11:15:20.366681
TXN0000678,CERT000226,PTY00211,PTY00033,2026-08-08 07:50:46.171245
TXN0000679,CERT000226,PTY00033,PTY00002,2026-08-09 00:14:09.442259
TXN0000680,CERT000227,PTY00034,PTY00002,2026-06-25 19:21:35.028159
TXN0000681,CERT000227,PTY00002,PTY00001,2026-06-26 00:55:49.248385
TXN0000682,CERT000227,PTY00001,PTY00002,2026-06-27 07:40:44.034350
TXN0000683,CERT000228,PTY00057,PTY00001,2026-07-20 14:09:41.042989
TXN0000684,CERT000228,PTY00001,PTY00004,2026-07-21 20:56:06.134636
TXN0000685,CERT000229,PTY00086,PTY00001,2026-07-08 14:08:37.324328
TXN0000686,CERT000229,PTY00001,PTY00010,2026-07-09 00:43:11.335070
TXN0000687,CERT000230,PTY00101,PTY00003,2026-07-09 21:35:18.381881
TXN0000688,CERT000230,PTY00003,PTY00043,2026-07-12 07:33:21.738712
TXN0000689,CERT000231,PTY00016,PTY00002,2026-09-04 17:04:14.960166
TXN0000690,CERT000231,PTY00002,PTY00001,2026-09-07 10:46:15.518230
TXN0000691,CERT000231,PTY00001,PTY00002,2026-09-09 10:09:52.718049
TXN0000692,CERT000231,PTY00002,PTY00003,2026-09-11 10:55:21.735848
TXN0000693,CERT000232,PTY00010,PTY00001,2026-07-30 13:59:35.394337
TXN0000694,CERT000232,PTY00001,PTY00012,2026-08-01 00:01:40.597343
TXN0000695,CERT000233,PTY00081,PTY00002,2026-06-20 20:17:35.721165
TXN0000696,CERT000233,PTY00002,PTY00027,2026-06-22 18:41:34.495870
TXN0000697,CERT000233,PTY00027,PTY00081,2026-06-23 19:51:58.536102
TXN0000698,CERT000234,PTY00167,PTY00019,2026-06-27 16:58:05.386426
TXN0000699,CERT000234,PTY00019,PTY00208,2026-06-28 17:00:40.853608
TXN0000700,CERT000234,PTY00208,PTY00027,2026-06-29 08:58:01.868364
TXN0000701,CERT000234,PTY00027,PTY00005,2026-06-29 22:44:11.055097
TXN0000702,CERT000235,PTY00049,PTY00007,2026-07-08 14:50:59.111825
TXN0000703,CERT000235,PTY00007,PTY00031,2026-07-09 15:17:41.385092
TXN0000704,CERT000235,PTY00031,PTY00002,2026-07-10 19:29:32.239874
TXN0000705,CERT000236,PTY00146,PTY00005,2026-09-10 07:55:06.673655
TXN0000706,CERT000236,PTY00005,PTY00030,2026-09-13 05:56:29.877492
TXN0000707,CERT000236,PTY00030,PTY00001,2026-09-13 20:12:44.575692
TXN0000708,CERT000237,PTY00059,PTY00018,2026-07-28 07:42:13.196961
TXN0000709,CERT000237,PTY00018,PTY00001,2026-07-29 23:07:49.189486
TXN0000710,CERT000237,PTY00001,PTY00226,2026-07-31 03:54:39.553728
TXN0000711,CERT000238,PTY00013,PTY00002,2026-06-17 03:08:54.565719
TXN0000712,CERT000238,PTY00002,PTY00005,2026-06-18 04:50:08.785584
TXN0000713,CERT000238,PTY00005,PTY00013,2026-06-19 14:49:38.471950
TXN0000714,CERT000239,PTY00002,PTY00004,2026-06-25 21:26:20.166548
TXN0000715,CERT000239,PTY00004,PTY00002,2026-06-28 09:09:01.917680
TXN0000716,CERT000240,PTY00179,PTY00024,2026-09-10 16:59:01.041582
TXN0000717,CERT000240,PTY00024,PTY00005,2026-09-11 11:41:15.492250
TXN0000718,CERT000240,PTY00005,PTY00035,2026-09-11 20:31:59.637624
TXN0000719,CERT000241,PTY00134,PTY00007,2026-08-12 14:17:02.958520
TXN0000720,CERT000241,PTY00007,PTY00004,2026-08-13 11:20:29.661218
TXN0000721,CERT000241,PTY00004,PTY00002,2026-08-14 13:18:00.228650
TXN0000722,CERT000241,PTY00002,PTY00001,2026-08-17 12:18:12.035183
TXN0000723,CERT000242,PTY00123,PTY00001,2026-09-06 15:28:37.073022
TXN0000724,CERT000242,PTY00001,PTY00007,2026-09-08 05:04:35.015861
TXN0000725,CERT000242,PTY00007,PTY00001,2026-09-11 03:36:48.564517
TXN0000726,CERT000243,PTY00128,PTY00012,2026-07-06 12:03:29.552484
TXN0000727,CERT000243,PTY00012,PTY00009,2026-07-07 08:56:14.370124
TXN0000728,CERT000243,PTY00009,PTY00001,2026-07-08 15:23:25.089859
TXN0000729,CERT000243,PTY00001,PTY00007,2026-07-10 01:33:34.798344
TXN0000730,CERT000244,PTY00058,PTY00001,2026-09-01 14:57:02.088341
TXN0000731,CERT000244,PTY00001,PTY00002,2026-09-02 10:16:00.710309
TXN0000732,CERT000244,PTY00002,PTY00001,2026-09-05 02:13:39.763492
TXN0000733,CERT000245,PTY00131,PTY00005,2026-08-24 03:40:27.791726
TXN0000734,CERT000245,PTY00005,PTY00004,2026-08-25 17:39:12.759294
TXN0000735,CERT000245,PTY00004,PTY00007,2026-08-25 22:55:10.525480
TXN0000736,CERT000246,PTY00157,PTY00001,2026-06-20 13:21:09.910008
TXN0000737,CERT000246,PTY00001,PTY00018,2026-06-23 04:19:36.321850
TXN0000738,CERT000246,PTY00018,PTY00002,2026-06-23 17:21:45.674830
TXN0000739,CERT000246,PTY00002,PTY00025,2026-06-26 05:28:09.984492
TXN0000740,CERT000247,PTY00134,PTY00038,2026-08-20 13:10:55.961399
TXN0000741,CERT000247,PTY00038,PTY00010,2026-08-22 15:53:36.778693
TXN0000742,CERT000247,PTY00010,PTY00011,2026-08-23 20:21:50.554917
TXN0000743,CERT000247,PTY00011,PTY00010,2026-08-26 13:04:47.776243
TXN0000744,CERT000248,PTY00065,PTY00003,2026-09-01 11:48:13.342840
TXN0000745,CERT000248,PTY00003,PTY00064,2026-09-02 00:54:16.069241
TXN0000746,CERT000248,PTY00064,PTY00002,2026-09-04 08:52:14.304647
TXN0000747,CERT000249,PTY00113,PTY00010,2026-08-08 11:43:08.287708
TXN0000748,CERT000249,PTY00010,PTY00128,2026-08-11 02:56:09.709018
TXN0000749,CERT000249,PTY00128,PTY00002,2026-08-12 21:34:04.383540
TXN0000750,CERT000249,PTY00002,PTY00001,2026-08-13 16:52:35.956447
TXN0000751,CERT000250,PTY00032,PTY00268,2026-08-23 13:52:30.333890
TXN0000752,CERT000250,PTY00268,PTY00003,2026-08-25 20:17:33.918567
TXN0000753,CERT000250,PTY00003,PTY00030,2026-08-26 13:50:17.167003
TXN0000754,CERT000250,PTY00030,PTY00122,2026-08-29 04:25:30.516944
TXN0000755,CERT000251,PTY00153,PTY00001,2026-08-03 14:10:03.102540
TXN0000756,CERT000251,PTY00001,PTY00007,2026-08-05 17:27:47.805087
TXN0000757,CERT000251,PTY00007,PTY00001,2026-08-07 16:14:52.821479
TXN0000758,CERT000251,PTY00001,PTY00015,2026-08-08 09:50:05.990850
TXN0000759,CERT000252,PTY00168,PTY00005,2026-07-15 23:14:31.128823
TXN0000760,CERT000252,PTY00005,PTY00074,2026-07-18 06:40:39.092595
TXN0000761,CERT000253,PTY00176,PTY00001,2026-06-21 13:00:49.339812
TXN0000762,CERT000253,PTY00001,PTY00003,2026-06-22 09:00:38.648916
TXN0000763,CERT000253,PTY00003,PTY00001,2026-06-23 18:59:52.601318
TXN0000764,CERT000253,PTY00001,PTY00176,2026-06-23 21:49:18.326784
TXN0000765,CERT000254,PTY00082,PTY00189,2026-07-01 20:20:04.891438
TXN0000766,CERT000254,PTY00189,PTY00059,2026-07-03 00:56:20.923845
TXN0000767,CERT000254,PTY00059,PTY00001,2026-07-03 07:39:02.205819
TXN0000768,CERT000255,PTY00091,PTY00008,2026-07-27 23:55:19.800264
TXN0000769,CERT000255,PTY00008,PTY00005,2026-07-29 06:04:57.121857
TXN0000770,CERT000255,PTY00005,PTY00043,2026-08-01 04:43:48.401260
TXN0000771,CERT000255,PTY00043,PTY00008,2026-08-03 19:48:41.727995
TXN0000772,CERT000256,PTY00097,PTY00004,2026-06-23 15:17:23.375798
TXN0000773,CERT000256,PTY00004,PTY00001,2026-06-23 23:13:26.886711
TXN0000774,CERT000256,PTY00001,PTY00002,2026-06-26 02:16:18.536640
TXN0000775,CERT000256,PTY00002,PTY00001,2026-06-28 18:47:47.461816
TXN0000776,CERT000257,PTY00168,PTY00020,2026-08-03 14:08:31.054375
TXN0000777,CERT000257,PTY00020,PTY00001,2026-08-06 02:36:51.068682
TXN0000778,CERT000257,PTY00001,PTY00103,2026-08-07 12:42:36.746100
TXN0000779,CERT000257,PTY00103,PTY00001,2026-08-10 08:59:24.966325
TXN0000780,CERT000258,PTY00004,PTY00002,2026-07-20 14:57:37.233311
TXN0000781,CERT000258,PTY00002,PTY00001,2026-07-20 18:49:03.796681
TXN0000782,CERT000258,PTY00001,PTY00036,2026-07-22 02:01:04.604799
TXN0000783,CERT000259,PTY00157,PTY00003,2026-09-05 17:30:42.306400
TXN0000784,CERT000259,PTY00003,PTY00002,2026-09-07 08:24:35.552639
TXN0000785,CERT000260,PTY00069,PTY00002,2026-09-11 14:29:40.167394
TXN0000786,CERT000260,PTY00002,PTY00035,2026-09-12 11:11:59.132252
TXN0000787,CERT000260,PTY00035,PTY00038,2026-09-12 18:58:58.034005
TXN0000788,CERT000260,PTY00038,PTY00001,2026-09-15 11:58:36.288441
TXN0000789,CERT000261,PTY00133,PTY00037,2026-08-13 18:06:06.547755
TXN0000790,CERT000261,PTY00037,PTY00001,2026-08-16 14:28:20.691079
TXN0000791,CERT000261,PTY00001,PTY00002,2026-08-19 07:15:00.984327
TXN0000792,CERT000262,PTY00150,PTY00004,2026-07-27 07:16:52.753776
TXN0000793,CERT000262,PTY00004,PTY00001,2026-07-28 09:42:35.092828
TXN0000794,CERT000262,PTY00001,PTY00003,2026-07-29 01:11:08.475956
TXN0000795,CERT000263,PTY00029,PTY00005,2026-08-02 02:41:24.498302
TXN0000796,CERT000263,PTY00005,PTY00001,2026-08-02 20:07:40.260946
TXN0000797,CERT000263,PTY00001,PTY00209,2026-08-02 23:05:37.796002
TXN0000798,CERT000263,PTY00209,PTY00001,2026-08-04 16:35:14.764139
TXN0000799,CERT000264,PTY00134,PTY00011,2026-07-02 22:24:12.592535
TXN0000800,CERT000264,PTY00011,PTY00052,2026-07-05 06:37:41.376399
TXN0000801,CERT000264,PTY00052,PTY00001,2026-07-07 14:09:30.471706
TXN0000802,CERT000265,PTY00115,PTY00001,2026-08-22 20:32:05.394028
TXN0000803,CERT000265,PTY00001,PTY00003,2026-08-23 02:42:38.448132
TXN0000804,CERT000265,PTY00003,PTY00001,2026-08-24 17:35:55.715476
TXN0000805,CERT000266,PTY00072,PTY00004,2026-06-15 14:24:16.720835
TXN0000806,CERT000266,PTY00004,PTY00001,2026-06-17 13:32:23.230787
TXN0000807,CERT000266,PTY00001,PTY00002,2026-06-18 03:24:50.119607
TXN0000808,CERT000266,PTY00002,PTY00005,2026-06-20 02:49:01.372632
TXN0000809,CERT000267,PTY00157,PTY00001,2026-07-28 16:51:50.440836
TXN0000810,CERT000267,PTY00001,PTY00003,2026-07-29 09:56:57.604519
TXN0000811,CERT000267,PTY00003,PTY00002,2026-07-31 09:22:06.239273
TXN0000812,CERT000267,PTY00002,PTY00004,2026-08-02 17:27:45.170349
TXN0000813,CERT000268,PTY00128,PTY00012,2026-06-15 18:52:55.166959
TXN0000814,CERT000268,PTY00012,PTY00014,2026-06-15 22:29:39.642889
TXN0000815,CERT000268,PTY00014,PTY00002,2026-06-18 08:58:28.623750
TXN0000816,CERT000268,PTY00002,PTY00205,2026-06-19 12:15:22.377451
TXN0000817,CERT000269,PTY00062,PTY00310,2026-07-02 07:34:26.444098
TXN0000818,CERT000269,PTY00310,PTY00002,2026-07-03 10:57:23.785035
TXN0000819,CERT000269,PTY00002,PTY00001,2026-07-03 22:46:38.993797
TXN0000820,CERT000269,PTY00001,PTY00002,2026-07-04 09:10:10.709564
TXN0000821,CERT000270,PTY00120,PTY00003,2026-07-07 02:36:07.721862
TXN0000822,CERT000270,PTY00003,PTY00035,2026-07-09 11:22:01.353143
TXN0000823,CERT000270,PTY00035,PTY00003,2026-07-09 15:02:04.982765
TXN0000824,CERT000270,PTY00003,PTY00004,2026-07-12 07:49:27.661292
TXN0000825,CERT000271,PTY00169,PTY00001,2026-06-24 16:10:29.482161
TXN0000826,CERT000271,PTY00001,PTY00333,2026-06-24 20:21:48.349469
TXN0000827,CERT000271,PTY00333,PTY00001,2026-06-26 03:26:01.107461
TXN0000828,CERT000271,PTY00001,PTY00003,2026-06-27 06:16:08.936072
TXN0000829,CERT000272,PTY00036,PTY00021,2026-06-27 19:38:28.432847
TXN0000830,CERT000272,PTY00021,PTY00001,2026-06-28 00:35:30.214346
TXN0000831,CERT000272,PTY00001,PTY00051,2026-06-28 20:00:28.770123
TXN0000832,CERT000272,PTY00051,PTY00006,2026-06-30 04:30:41.264717
TXN0000833,CERT000273,PTY00123,PTY00042,2026-09-08 08:01:03.720805
TXN0000834,CERT000273,PTY00042,PTY00025,2026-09-10 07:50:56.669801
TXN0000835,CERT000273,PTY00025,PTY00049,2026-09-10 14:13:11.450177
TXN0000836,CERT000273,PTY00049,PTY00003,2026-09-13 13:27:25.344767
TXN0000837,CERT000274,PTY00116,PTY00022,2026-09-07 15:59:02.016452
TXN0000838,CERT000274,PTY00022,PTY00168,2026-09-10 11:35:59.886516
TXN0000839,CERT000274,PTY00168,PTY00001,2026-09-11 00:50:06.898354
TXN0000840,CERT000274,PTY00001,PTY00059,2026-09-12 01:38:08.282996
TXN0000841,CERT000275,PTY00048,PTY00042,2026-09-06 11:13:11.713304
TXN0000842,CERT000275,PTY00042,PTY00002,2026-09-06 14:44:58.689006
TXN0000843,CERT000276,PTY00099,PTY00009,2026-07-13 13:04:36.365597
TXN0000844,CERT000276,PTY00009,PTY00001,2026-07-14 14:14:25.099154
TXN0000845,CERT000277,PTY00144,PTY00113,2026-07-05 22:07:29.793681
TXN0000846,CERT000277,PTY00113,PTY00001,2026-07-08 03:21:14.515596
TXN0000847,CERT000278,PTY00054,PTY00030,2026-08-08 13:08:00.990928
TXN0000848,CERT000278,PTY00030,PTY00001,2026-08-10 20:12:45.449488
TXN0000849,CERT000278,PTY00001,PTY00002,2026-08-11 05:30:37.775806
TXN0000850,CERT000278,PTY00002,PTY00009,2026-08-14 04:20:25.620980
TXN0000851,CERT000279,PTY00139,PTY00001,2026-08-26 13:31:20.382590
TXN0000852,CERT000279,PTY00001,PTY00006,2026-08-26 19:00:02.397152
TXN0000853,CERT000279,PTY00006,PTY00027,2026-08-28 09:35:58.723889
TXN0000854,CERT000279,PTY00027,PTY00001,2026-08-28 13:28:30.699354
TXN0000855,CERT000280,PTY00166,PTY00001,2026-07-06 18:07:13.504046
TXN0000856,CERT000280,PTY00001,PTY00006,2026-07-08 22:40:56.816448
TXN0000857,CERT000281,PTY00022,PTY00007,2026-09-06 15:56:55.907448
TXN0000858,CERT000281,PTY00007,PTY00006,2026-09-08 13:33:24.137185
TXN0000859,CERT000282,PTY00136,PTY00001,2026-09-09 19:20:05.767443
TXN0000860,CERT000282,PTY00001,PTY00017,2026-09-11 11:52:46.669072
TXN0000861,CERT000283,PTY00110,PTY00005,2026-06-24 18:43:04.348424
TXN0000862,CERT000283,PTY00005,PTY00001,2026-06-25 22:44:19.559040
TXN0000863,CERT000284,PTY00176,PTY00001,2026-06-29 13:50:32.706378
TXN0000864,CERT000284,PTY00001,PTY00008,2026-06-30 03:56:13.910409
TXN0000865,CERT000285,PTY00144,PTY00078,2026-08-05 13:02:01.753228
TXN0000866,CERT000285,PTY00078,PTY00050,2026-08-08 07:18:47.959131
TXN0000867,CERT000285,PTY00050,PTY00002,2026-08-10 11:23:52.582161
TXN0000868,CERT000286,PTY00048,PTY00002,2026-08-15 00:02:08.262744
TXN0000869,CERT000286,PTY00002,PTY00036,2026-08-17 15:57:54.634592
TXN0000870,CERT000286,PTY00036,PTY00001,2026-08-20 04:20:56.189601
TXN0000871,CERT000286,PTY00001,PTY00007,2026-08-21 00:47:24.739891
TXN0000872,CERT000287,PTY00099,PTY00075,2026-06-19 11:20:12.289811
TXN0000873,CERT000287,PTY00075,PTY00005,2026-06-22 08:14:53.210504
TXN0000874,CERT000287,PTY00005,PTY00073,2026-06-22 21:16:48.901296
TXN0000875,CERT000287,PTY00073,PTY00003,2026-06-25 19:14:32.217027
TXN0000876,CERT000288,PTY00153,PTY00004,2026-08-23 00:49:50.404538
TXN0000877,CERT000288,PTY00004,PTY00007,2026-08-24 22:54:44.573574
TXN0000878,CERT000288,PTY00007,PTY00001,2026-08-27 22:54:17.139184
TXN0000879,CERT000288,PTY00001,PTY00005,2026-08-28 04:16:27.439734
TXN0000880,CERT000289,PTY00051,PTY00001,2026-08-03 21:36:09.690044
TXN0000881,CERT000289,PTY00001,PTY00004,2026-08-04 20:45:09.616290
TXN0000882,CERT000289,PTY00004,PTY00093,2026-08-06 15:17:41.150358
TXN0000883,CERT000290,PTY00075,PTY00021,2026-08-27 15:07:47.885250
TXN0000884,CERT000290,PTY00021,PTY00001,2026-08-29 06:45:07.532036
TXN0000885,CERT000290,PTY00001,PTY00009,2026-08-31 08:51:03.679966
TXN0000886,CERT000291,PTY00064,PTY00099,2026-07-01 06:05:13.574118
TXN0000887,CERT000291,PTY00099,PTY00001,2026-07-01 22:11:58.231175
TXN0000888,CERT000292,PTY00148,PTY00005,2026-07-12 07:30:17.957359
TXN0000889,CERT000292,PTY00005,PTY00002,2026-07-12 13:42:54.912015
TXN0000890,CERT000293,PTY00026,PTY00095,2026-07-07 18:03:34.368688
TXN0000891,CERT000293,PTY00095,PTY00001,2026-07-08 12:03:35.256561
TXN0000892,CERT000293,PTY00001,PTY00003,2026-07-09 14:17:51.251810
TXN0000893,CERT000293,PTY00003,PTY00001,2026-07-10 08:39:09.974200
TXN0000894,CERT000294,PTY00084,PTY00014,2026-06-24 15:30:33.522177
TXN0000895,CERT000294,PTY00014,PTY00021,2026-06-26 00:07:30.865996
TXN0000896,CERT000294,PTY00021,PTY00002,2026-06-27 09:09:38.968335
TXN0000897,CERT000294,PTY00002,PTY00023,2026-06-30 02:13:06.473575
TXN0000898,CERT000295,PTY00073,PTY00001,2026-06-14 12:05:26.959729
TXN0000899,CERT000295,PTY00001,PTY00024,2026-06-17 05:27:55.169968
TXN0000900,CERT000295,PTY00024,PTY00190,2026-06-17 08:18:02.088446
TXN0000901,CERT000295,PTY00190,PTY00329,2026-06-18 08:11:52.377458
TXN0000902,CERT000296,PTY00110,PTY00019,2026-08-12 14:12:04.962940
TXN0000903,CERT000296,PTY00019,PTY00001,2026-08-13 19:11:14.931132
TXN0000904,CERT000297,PTY00138,PTY00001,2026-09-05 09:15:06.053599
TXN0000905,CERT000297,PTY00001,PTY00134,2026-09-08 04:52:25.042589
TXN0000906,CERT000297,PTY00134,PTY00001,2026-09-10 09:31:17.617072
TXN0000907,CERT000298,PTY00056,PTY00002,2026-08-31 13:04:34.747188
TXN0000908,CERT000298,PTY00002,PTY00004,2026-09-02 02:38:22.046629
TXN0000909,CERT000298,PTY00004,PTY00007,2026-09-03 12:41:48.257666
TXN0000910,CERT000298,PTY00007,PTY00013,2026-09-05 16:43:02.842688
TXN0000911,CERT000299,PTY00088,PTY00285,2026-08-29 13:49:34.959741
TXN0000912,CERT000299,PTY00285,PTY00004,2026-08-31 21:47:05.132036
TXN0000913,CERT000300,PTY00010,PTY00006,2026-07-28 15:15:11.710694
TXN0000914,CERT000300,PTY00006,PTY00009,2026-07-29 16:01:40.959140
TXN0000915,CERT000301,PTY00106,PTY00002,2026-08-17 15:10:53.637980
TXN0000916,CERT000301,PTY00002,PTY00001,2026-08-18 12:24:31.174084
TXN0000917,CERT000302,PTY00106,PTY00002,2026-08-14 18:28:31.357710
TXN0000918,CERT000302,PTY00002,PTY00014,2026-08-17 01:02:49.056714
TXN0000919,CERT000302,PTY00014,PTY00001,2026-08-18 18:10:21.985790
TXN0000920,CERT000303,PTY00076,PTY00222,2026-07-30 12:17:15.520704
TXN0000921,CERT000303,PTY00222,PTY00292,2026-08-01 05:48:35.450342
TXN0000922,CERT000304,PTY00089,PTY00005,2026-07-27 12:59:53.731254
TXN0000923,CERT000304,PTY00005,PTY00002,2026-07-28 22:32:42.062809
TXN0000924,CERT000304,PTY00002,PTY00055,2026-07-31 05:24:32.643114
TXN0000925,CERT000305,PTY00077,PTY00036,2026-07-14 08:23:38.813254
TXN0000926,CERT000305,PTY00036,PTY00001,2026-07-17 07:19:53.464038
TXN0000927,CERT000305,PTY00001,PTY00109,2026-07-19 15:05:41.228690
TXN0000928,CERT000306,PTY00150,PTY00002,2026-07-19 09:44:55.132955
TXN0000929,CERT000306,PTY00002,PTY00079,2026-07-20 19:37:08.698847
TXN0000930,CERT000306,PTY00079,PTY00150,2026-07-21 12:40:27.801397
TXN0000931,CERT000307,PTY00076,PTY00001,2026-07-23 12:35:58.389791
TXN0000932,CERT000307,PTY00001,PTY00002,2026-07-23 22:52:16.262784
TXN0000933,CERT000307,PTY00002,PTY00001,2026-07-24 14:15:43.367363
TXN0000934,CERT000308,PTY00084,PTY00003,2026-08-20 15:54:09.303486
TXN0000935,CERT000308,PTY00003,PTY00027,2026-08-21 18:06:12.469609
TXN0000936,CERT000308,PTY00027,PTY00286,2026-08-22 07:56:17.260982
TXN0000937,CERT000309,PTY00058,PTY00001,2026-08-21 16:32:47.982915
TXN0000938,CERT000309,PTY00001,PTY00014,2026-08-24 11:40:07.892959
TXN0000939,CERT000310,PTY00156,PTY00005,2026-07-05 15:14:51.906431
TXN0000940,CERT000310,PTY00005,PTY00042,2026-07-08 10:42:06.882483
TXN0000941,CERT000310,PTY00042,PTY00324,2026-07-09 15:51:22.309048
TXN0000942,CERT000310,PTY00324,PTY00334,2026-07-10 03:55:37.059104
TXN0000943,CERT000311,PTY00171,PTY00001,2026-09-09 12:02:58.726090
TXN0000944,CERT000311,PTY00001,PTY00040,2026-09-12 01:36:26.192040
TXN0000945,CERT000312,PTY00161,PTY00008,2026-06-27 12:01:42.648726
TXN0000946,CERT000312,PTY00008,PTY00014,2026-06-28 16:46:39.703919
TXN0000947,CERT000312,PTY00014,PTY00042,2026-06-30 17:51:29.491939
TXN0000948,CERT000312,PTY00042,PTY00012,2026-07-02 08:54:34.731783
TXN0000949,CERT000313,PTY00136,PTY00001,2026-08-17 17:02:49.940402
TXN0000950,CERT000313,PTY00001,PTY00002,2026-08-20 09:49:15.259673
TXN0000951,CERT000314,PTY00085,PTY00071,2026-06-28 14:46:13.521552
TXN0000952,CERT000314,PTY00071,PTY00002,2026-07-01 06:52:14.389319
TXN0000953,CERT000315,PTY00088,PTY00002,2026-09-09 12:16:03.236369
TXN0000954,CERT000315,PTY00002,PTY00047,2026-09-09 16:28:28.114930
TXN0000955,CERT000316,PTY00028,PTY00001,2026-06-27 15:59:50.750899
TXN0000956,CERT000316,PTY00001,PTY00043,2026-06-28 06:32:26.007102
TXN0000957,CERT000317,PTY00083,PTY00002,2026-08-14 05:53:14.286293
TXN0000958,CERT000317,PTY00002,PTY00001,2026-08-16 20:12:35.101214
TXN0000959,CERT000318,PTY00114,PTY00012,2026-06-20 16:35:32.485203
TXN0000960,CERT000318,PTY00012,PTY00004,2026-06-23 00:08:58.220023
TXN0000961,CERT000318,PTY00004,PTY00021,2026-06-24 21:01:03.019801
TXN0000962,CERT000319,PTY00025,PTY00166,2026-06-21 07:17:00.992017
TXN0000963,CERT000319,PTY00166,PTY00004,2026-06-23 05:46:03.859956
TXN0000964,CERT000319,PTY00004,PTY00002,2026-06-24 03:59:03.742577
TXN0000965,CERT000320,PTY00067,PTY00001,2026-08-16 05:06:03.399385
TXN0000966,CERT000320,PTY00001,PTY00120,2026-08-18 09:26:38.349043
TXN0000967,CERT000320,PTY00120,PTY00001,2026-08-18 12:05:02.625570
TXN0000968,CERT000320,PTY00001,PTY00009,2026-08-19 23:27:57.706742
TXN0000969,CERT000321,PTY00084,PTY00002,2026-07-05 15:42:16.206409
TXN0000970,CERT000321,PTY00002,PTY00001,2026-07-07 03:29:50.483175
TXN0000971,CERT000321,PTY00001,PTY00006,2026-07-07 16:35:06.236451
TXN0000972,CERT000322,PTY00116,PTY00005,2026-09-01 18:28:29.852734
TXN0000973,CERT000322,PTY00005,PTY00002,2026-09-03 06:52:17.923635
TXN0000974,CERT000323,PTY00021,PTY00026,2026-07-21 05:12:14.826663
TXN0000975,CERT000323,PTY00026,PTY00001,2026-07-21 19:22:47.695125
TXN0000976,CERT000324,PTY00040,PTY00023,2026-08-07 20:35:28.569801
TXN0000977,CERT000324,PTY00023,PTY00002,2026-08-08 00:34:11.028522
TXN0000978,CERT000324,PTY00002,PTY00014,2026-08-08 23:23:55.144994
TXN0000979,CERT000325,PTY00056,PTY00025,2026-09-03 10:04:17.498158
TXN0000980,CERT000325,PTY00025,PTY00002,2026-09-05 17:07:18.475570
TXN0000981,CERT000325,PTY00002,PTY00192,2026-09-06 20:29:36.993355
TXN0000982,CERT000326,PTY00167,PTY00001,2026-08-27 16:22:56.052009
TXN0000983,CERT000326,PTY00001,PTY00072,2026-08-30 02:40:12.380129
TXN0000984,CERT000326,PTY00072,PTY00007,2026-08-30 22:47:42.980283
TXN0000985,CERT000326,PTY00007,PTY00001,2026-08-31 08:35:58.145709
TXN0000986,CERT000327,PTY00052,PTY00008,2026-09-09 14:34:49.288414
TXN0000987,CERT000327,PTY00008,PTY00001,2026-09-10 17:00:12.920822
TXN0000988,CERT000327,PTY00001,PTY00052,2026-09-11 20:57:57.309127
TXN0000989,CERT000328,PTY00022,PTY00010,2026-07-31 16:07:42.444804
TXN0000990,CERT000328,PTY00010,PTY00001,2026-08-01 21:28:00.507937
TXN0000991,CERT000329,PTY00081,PTY00215,2026-08-10 05:04:53.582895
TXN0000992,CERT000329,PTY00215,PTY00024,2026-08-11 19:54:43.617447
TXN0000993,CERT000329,PTY00024,PTY00007,2026-08-14 19:03:58.566909
TXN0000994,CERT000329,PTY00007,PTY00003,2026-08-15 00:46:13.267450
TXN0000995,CERT000330,PTY00163,PTY00001,2026-09-10 16:11:55.756577
TXN0000996,CERT000330,PTY00001,PTY00015,2026-09-10 23:59:33.151164
TXN0000997,CERT000330,PTY00015,PTY00002,2026-09-11 18:49:17.451675
TXN0000998,CERT000330,PTY00002,PTY00115,2026-09-14 08:20:59.170311
TXN0000999,CERT000331,PTY00134,PTY00001,2026-08-28 18:01:17.457783
TXN0001000,CERT000331,PTY00001,PTY00010,2026-08-30 10:27:41.643003
TXN0001001,CERT000331,PTY00010,PTY00001,2026-09-02 07:55:05.095348
TXN0001002,CERT000332,PTY00019,PTY00010,2026-07-04 18:01:14.068283
TXN0001003,CERT000332,PTY00010,PTY00001,2026-07-04 23:25:14.887482
TXN0001004,CERT000333,PTY00104,PTY00001,2026-08-14 16:49:06.512167
TXN0001005,CERT000333,PTY00001,PTY00006,2026-08-15 17:46:29.711707
TXN0001006,CERT000333,PTY00006,PTY00010,2026-08-18 12:28:02.841572
TXN0001007,CERT000333,PTY00010,PTY00001,2026-08-21 02:11:20.634919
TXN0001008,CERT000334,PTY00165,PTY00003,2026-09-05 13:19:17.054677
TXN0001009,CERT000334,PTY00003,PTY00001,2026-09-08 12:42:39.370872
TXN0001010,CERT000334,PTY00001,PTY00003,2026-09-09 03:48:29.365216
TXN0001011,CERT000334,PTY00003,PTY00005,2026-09-10 18:56:59.775869
TXN0001012,CERT000335,PTY00031,PTY00001,2026-09-03 03:03:14.000193
TXN0001013,CERT000335,PTY00001,PTY00063,2026-09-05 10:07:09.741619
TXN0001014,CERT000335,PTY00063,PTY00004,2026-09-06 06:38:06.878639
TXN0001015,CERT000335,PTY00004,PTY00012,2026-09-06 10:21:50.378343
TXN0001016,CERT000336,PTY00108,PTY00002,2026-06-21 21:08:22.071042
TXN0001017,CERT000336,PTY00002,PTY00003,2026-06-23 06:42:33.158508
TXN0001018,CERT000336,PTY00003,PTY00287,2026-06-23 21:51:40.336856
TXN0001019,CERT000336,PTY00287,PTY00001,2026-06-26 11:52:48.751080
TXN0001020,CERT000337,PTY00171,PTY00150,2026-06-23 19:53:10.509389
TXN0001021,CERT000337,PTY00150,PTY00011,2026-06-26 18:19:36.048068
TXN0001022,CERT000337,PTY00011,PTY00038,2026-06-28 18:07:05.172484
TXN0001023,CERT000338,PTY00015,PTY00003,2026-07-30 12:29:08.297806
TXN0001024,CERT000338,PTY00003,PTY00085,2026-08-02 09:22:39.713779
TXN0001025,CERT000339,PTY00035,PTY00002,2026-06-18 11:12:29.172459
TXN0001026,CERT000339,PTY00002,PTY00003,2026-06-21 07:09:28.586689
TXN0001027,CERT000340,PTY00113,PTY00005,2026-08-15 08:59:03.833393
TXN0001028,CERT000340,PTY00005,PTY00120,2026-08-16 18:19:55.841978
TXN0001029,CERT000341,PTY00156,PTY00014,2026-08-31 10:37:40.628613
TXN0001030,CERT000341,PTY00014,PTY00001,2026-09-02 02:01:44.336961
TXN0001031,CERT000342,PTY00099,PTY00001,2026-07-19 12:45:14.166586
TXN0001032,CERT000342,PTY00001,PTY00006,2026-07-21 17:37:25.323263
TXN0001033,CERT000343,PTY00054,PTY00001,2026-08-23 16:19:14.979981
TXN0001034,CERT000343,PTY00001,PTY00043,2026-08-25 09:33:40.002502
TXN0001035,CERT000344,PTY00042,PTY00001,2026-07-21 18:56:55.454562
TXN0001036,CERT000344,PTY00001,PTY00002,2026-07-22 20:18:51.339087
TXN0001037,CERT000345,PTY00007,PTY00003,2026-08-31 12:02:37.347741
TXN0001038,CERT000345,PTY00003,PTY00001,2026-09-02 06:56:25.220650
TXN0001039,CERT000345,PTY00001,PTY00007,2026-09-03 15:39:27.250361
TXN0001040,CERT000346,PTY00008,PTY00001,2026-06-20 18:46:16.302832
TXN0001041,CERT000346,PTY00001,PTY00004,2026-06-20 19:51:53.661344
TXN0001042,CERT000346,PTY00004,PTY00001,2026-06-21 16:38:51.063282
TXN0001043,CERT000347,PTY00071,PTY00001,2026-09-07 14:05:19.204435
TXN0001044,CERT000347,PTY00001,PTY00024,2026-09-09 11:49:54.635885
TXN0001045,CERT000347,PTY00024,PTY00029,2026-09-10 20:55:27.954294
TXN0001046,CERT000348,PTY00021,PTY00010,2026-07-02 00:32:39.077305
TXN0001047,CERT000348,PTY00010,PTY00002,2026-07-04 03:56:24.195542
TXN0001048,CERT000348,PTY00002,PTY00005,2026-07-06 23:01:13.163330
TXN0001049,CERT000349,PTY00100,PTY00001,2026-07-21 17:48:44.566044
TXN0001050,CERT000349,PTY00001,PTY00003,2026-07-22 20:18:33.067467
TXN0001051,CERT000349,PTY00003,PTY00001,2026-07-24 14:26:49.146773
TXN0001052,CERT000349,PTY00001,PTY00050,2026-07-26 23:17:47.445220
TXN0001053,CERT000350,PTY00147,PTY00002,2026-07-15 16:14:02.914610
TXN0001054,CERT000350,PTY00002,PTY00008,2026-07-15 22:00:18.492885
TXN0001055,CERT000351,PTY00087,PTY00015,2026-07-07 20:59:57.608154
TXN0001056,CERT000351,PTY00015,PTY00001,2026-07-09 07:15:01.301117
TXN0001057,CERT000352,PTY00032,PTY00008,2026-07-18 10:19:34.446956
TXN0001058,CERT000352,PTY00008,PTY00002,2026-07-21 00:33:28.370249
TXN0001059,CERT000352,PTY00002,PTY00001,2026-07-22 05:17:19.181162
TXN0001060,CERT000353,PTY00004,PTY00001,2026-07-19 17:57:09.076897
TXN0001061,CERT000353,PTY00001,PTY00031,2026-07-19 21:59:38.296193
TXN0001062,CERT000354,PTY00106,PTY00017,2026-07-02 15:16:18.997597
TXN0001063,CERT000354,PTY00017,PTY00021,2026-07-02 17:50:37.969592
TXN0001064,CERT000354,PTY00021,PTY00004,2026-07-03 12:37:03.484083
TXN0001065,CERT000355,PTY00010,PTY00068,2026-07-11 12:56:05.992948
TXN0001066,CERT000355,PTY00068,PTY00034,2026-07-12 19:16:25.709315
TXN0001067,CERT000355,PTY00034,PTY00001,2026-07-15 00:17:01.100484
TXN0001068,CERT000355,PTY00001,PTY00014,2026-07-16 01:43:11.433822
TXN0001069,CERT000356,PTY00022,PTY00006,2026-09-01 13:06:44.314018
TXN0001070,CERT000356,PTY00006,PTY00002,2026-09-04 05:16:55.140882
TXN0001071,CERT000357,PTY00010,PTY00001,2026-09-04 17:14:53.606566
TXN0001072,CERT000357,PTY00001,PTY00150,2026-09-05 16:14:21.022326
TXN0001073,CERT000357,PTY00150,PTY00011,2026-09-05 21:36:12.845148
TXN0001074,CERT000357,PTY00011,PTY00010,2026-09-07 11:46:07.426811
TXN0001075,CERT000358,PTY00155,PTY00001,2026-07-16 13:17:25.449521
TXN0001076,CERT000358,PTY00001,PTY00006,2026-07-18 07:54:43.463387
TXN0001077,CERT000358,PTY00006,PTY00108,2026-07-19 12:55:27.685014
TXN0001078,CERT000358,PTY00108,PTY00001,2026-07-20 14:37:43.925196
TXN0001079,CERT000359,PTY00101,PTY00001,2026-07-19 17:53:13.883978
TXN0001080,CERT000359,PTY00001,PTY00054,2026-07-21 03:01:01.483392
TXN0001081,CERT000360,PTY00080,PTY00001,2026-06-14 16:25:56.277392
TXN0001082,CERT000360,PTY00001,PTY00003,2026-06-16 08:02:56.713726
TXN0001083,CERT000360,PTY00003,PTY00019,2026-06-18 04:00:15.496204
TXN0001084,CERT000361,PTY00109,PTY00024,2026-08-18 16:12:59.019472
TXN0001085,CERT000361,PTY00024,PTY00010,2026-08-19 16:12:00.883725
TXN0001086,CERT000361,PTY00010,PTY00004,2026-08-21 17:02:27.779382
TXN0001087,CERT000362,PTY00142,PTY00089,2026-08-31 21:17:33.666921
TXN0001088,CERT000362,PTY00089,PTY00004,2026-09-02 10:36:35.204955
TXN0001089,CERT000362,PTY00004,PTY00001,2026-09-05 06:03:05.641894
TXN0001090,CERT000363,PTY00027,PTY00001,2026-08-06 09:32:39.943780
TXN0001091,CERT000363,PTY00001,PTY00010,2026-08-08 03:51:49.010267
TXN0001092,CERT000363,PTY00010,PTY00093,2026-08-09 08:16:18.546398
TXN0001093,CERT000364,PTY00168,PTY00001,2026-06-24 01:14:04.015097
TXN0001094,CERT000364,PTY00001,PTY00041,2026-06-26 13:47:42.019274
TXN0001095,CERT000364,PTY00041,PTY00002,2026-06-28 20:48:50.430547
TXN0001096,CERT000365,PTY00089,PTY00001,2026-08-07 15:14:14.172308
TXN0001097,CERT000365,PTY00001,PTY00232,2026-08-09 19:42:01.071381
TXN0001098,CERT000365,PTY00232,PTY00067,2026-08-12 13:56:56.490664
TXN0001099,CERT000365,PTY00067,PTY00004,2026-08-14 11:36:44.147588
TXN0001100,CERT000366,PTY00020,PTY00002,2026-07-22 01:29:12.507256
TXN0001101,CERT000366,PTY00002,PTY00001,2026-07-24 10:08:40.511734
TXN0001102,CERT000366,PTY00001,PTY00004,2026-07-26 05:07:47.677687
TXN0001103,CERT000366,PTY00004,PTY00015,2026-07-28 21:15:06.842969
TXN0001104,CERT000367,PTY00112,PTY00031,2026-08-31 07:04:08.653785
TXN0001105,CERT000367,PTY00031,PTY00001,2026-09-01 22:09:25.594829
TXN0001106,CERT000367,PTY00001,PTY00006,2026-09-04 17:48:58.153686
TXN0001107,CERT000367,PTY00006,PTY00007,2026-09-05 06:03:42.448845
TXN0001108,CERT000368,PTY00019,PTY00003,2026-07-08 14:45:48.517709
TXN0001109,CERT000368,PTY00003,PTY00002,2026-07-10 10:33:55.634988
TXN0001110,CERT000368,PTY00002,PTY00399,2026-07-11 22:34:04.499867
TXN0001111,CERT000369,PTY00043,PTY00015,2026-08-25 21:16:21.532322
TXN0001112,CERT000369,PTY00015,PTY00071,2026-08-27 19:34:09.061184
TXN0001113,CERT000370,PTY00156,PTY00002,2026-08-31 09:06:46.650414
TXN0001114,CERT000370,PTY00002,PTY00001,2026-09-01 18:26:12.217603
TXN0001115,CERT000371,PTY00116,PTY00332,2026-08-15 14:59:56.377297
TXN0001116,CERT000371,PTY00332,PTY00020,2026-08-17 00:08:32.996344
TXN0001117,CERT000371,PTY00020,PTY00027,2026-08-19 07:44:35.336177
TXN0001118,CERT000372,PTY00011,PTY00005,2026-06-22 14:23:23.200847
TXN0001119,CERT000372,PTY00005,PTY00003,2026-06-24 06:22:01.117549
TXN0001120,CERT000372,PTY00003,PTY00001,2026-06-25 22:11:40.297040
TXN0001121,CERT000372,PTY00001,PTY00385,2026-06-27 15:23:02.056679
TXN0001122,CERT000373,PTY00004,PTY00001,2026-08-07 18:55:52.104247
TXN0001123,CERT000373,PTY00001,PTY00003,2026-08-09 07:24:27.818544
TXN0001124,CERT000373,PTY00003,PTY00020,2026-08-11 00:21:25.447680
TXN0001125,CERT000374,PTY00028,PTY00001,2026-07-21 16:51:56.530629
TXN0001126,CERT000374,PTY00001,PTY00003,2026-07-23 10:00:33.637612
TXN0001127,CERT000374,PTY00003,PTY00005,2026-07-24 01:26:01.343418
TXN0001128,CERT000375,PTY00158,PTY00007,2026-06-19 16:40:54.941020
TXN0001129,CERT000375,PTY00007,PTY00001,2026-06-19 22:06:29.425330
TXN0001130,CERT000376,PTY00064,PTY00013,2026-06-30 14:06:15.135427
TXN0001131,CERT000376,PTY00013,PTY00008,2026-07-03 07:21:39.933733
TXN0001132,CERT000377,PTY00050,PTY00001,2026-08-07 00:32:32.998935
TXN0001133,CERT000377,PTY00001,PTY00002,2026-08-09 08:26:07.243724
TXN0001134,CERT000377,PTY00002,PTY00001,2026-08-11 23:59:59.212674
TXN0001135,CERT000378,PTY00004,PTY00001,2026-07-24 18:28:44.532255
TXN0001136,CERT000378,PTY00001,PTY00003,2026-07-27 12:32:27.453538
TXN0001137,CERT000378,PTY00003,PTY00002,2026-07-29 13:38:04.592162
TXN0001138,CERT000378,PTY00002,PTY00020,2026-07-31 15:07:24.489308
TXN0001139,CERT000379,PTY00078,PTY00030,2026-08-29 14:49:52.504011
TXN0001140,CERT000379,PTY00030,PTY00003,2026-09-01 05:31:10.756171
TXN0001141,CERT000380,PTY00039,PTY00242,2026-06-19 14:56:34.663735
TXN0001142,CERT000380,PTY00242,PTY00012,2026-06-20 00:48:31.115247
TXN0001143,CERT000380,PTY00012,PTY00001,2026-06-21 10:12:16.340760
TXN0001144,CERT000380,PTY00001,PTY00039,2026-06-21 14:18:04.444732
TXN0001145,CERT000381,PTY00001,PTY00007,2026-08-13 15:37:04.212838
TXN0001146,CERT000381,PTY00007,PTY00003,2026-08-16 06:24:40.314070
TXN0001147,CERT000381,PTY00003,PTY00026,2026-08-16 13:22:28.030625
TXN0001148,CERT000382,PTY00146,PTY00017,2026-07-21 13:39:09.967093
TXN0001149,CERT000382,PTY00017,PTY00001,2026-07-22 22:41:08.486496
TXN0001150,CERT000382,PTY00001,PTY00087,2026-07-23 10:23:40.490762
TXN0001151,CERT000383,PTY00180,PTY00001,2026-09-09 12:52:57.209950
TXN0001152,CERT000383,PTY00001,PTY00002,2026-09-10 06:54:15.820553
TXN0001153,CERT000383,PTY00002,PTY00001,2026-09-12 09:01:48.023357
TXN0001154,CERT000384,PTY00095,PTY00012,2026-07-01 02:02:31.858729
TXN0001155,CERT000384,PTY00012,PTY00002,2026-07-02 05:42:31.799048
TXN0001156,CERT000385,PTY00134,PTY00001,2026-08-02 03:03:52.168031
TXN0001157,CERT000385,PTY00001,PTY00005,2026-08-02 20:01:20.511672
TXN0001158,CERT000385,PTY00005,PTY00001,2026-08-03 09:49:23.730991
TXN0001159,CERT000385,PTY00001,PTY00123,2026-08-03 22:49:29.720173
TXN0001160,CERT000386,PTY00119,PTY00010,2026-07-30 16:44:51.461647
TXN0001161,CERT000386,PTY00010,PTY00002,2026-07-31 02:12:28.002487
TXN0001162,CERT000387,PTY00131,PTY00001,2026-08-26 19:25:56.273060
TXN0001163,CERT000387,PTY00001,PTY00002,2026-08-28 14:42:13.705550
TXN0001164,CERT000387,PTY00002,PTY00003,2026-08-29 07:44:53.780668
TXN0001165,CERT000388,PTY00179,PTY00001,2026-09-06 16:05:21.125756
TXN0001166,CERT000388,PTY00001,PTY00008,2026-09-07 02:48:27.364068
TXN0001167,CERT000388,PTY00008,PTY00135,2026-09-09 23:39:36.274122
TXN0001168,CERT000388,PTY00135,PTY00049,2026-09-12 12:34:29.011734
TXN0001169,CERT000389,PTY00071,PTY00003,2026-09-03 11:03:58.192965
TXN0001170,CERT000389,PTY00003,PTY00001,2026-09-05 03:51:44.225395
TXN0001171,CERT000389,PTY00001,PTY00088,2026-09-07 19:32:29.356996
TXN0001172,CERT000390,PTY00110,PTY00001,2026-08-02 17:18:17.475162
TXN0001173,CERT000390,PTY00001,PTY00011,2026-08-04 01:57:55.639326
TXN0001174,CERT000390,PTY00011,PTY00001,2026-08-05 13:23:46.055543
TXN0001175,CERT000391,PTY00134,PTY00001,2026-07-12 15:56:31.817977
TXN0001176,CERT000391,PTY00001,PTY00006,2026-07-15 06:17:39.815485
TXN0001177,CERT000391,PTY00006,PTY00001,2026-07-16 05:56:04.849328
TXN0001178,CERT000392,PTY00092,PTY00005,2026-07-16 14:27:16.724603
TXN0001179,CERT000392,PTY00005,PTY00004,2026-07-18 10:43:50.116174
TXN0001180,CERT000393,PTY00173,PTY00001,2026-08-21 23:45:57.977635
TXN0001181,CERT000393,PTY00001,PTY00008,2026-08-24 13:41:06.268509
TXN0001182,CERT000393,PTY00008,PTY00002,2026-08-25 09:37:04.477193
TXN0001183,CERT000393,PTY00002,PTY00308,2026-08-28 03:18:30.780038
TXN0001184,CERT000394,PTY00114,PTY00021,2026-07-17 19:39:13.510596
TXN0001185,CERT000394,PTY00021,PTY00001,2026-07-18 16:05:10.084477
TXN0001186,CERT000394,PTY00001,PTY00003,2026-07-21 03:15:27.960133
TXN0001187,CERT000394,PTY00003,PTY00016,2026-07-24 01:57:07.329759
TXN0001188,CERT000395,PTY00051,PTY00110,2026-07-07 12:53:06.143409
TXN0001189,CERT000395,PTY00110,PTY00011,2026-07-08 00:32:33.638792
TXN0001190,CERT000395,PTY00011,PTY00051,2026-07-08 03:11:46.998784
TXN0001191,CERT000396,PTY00180,PTY00137,2026-06-26 17:22:38.952790
TXN0001192,CERT000396,PTY00137,PTY00013,2026-06-29 06:47:04.955646
TXN0001193,CERT000396,PTY00013,PTY00178,2026-06-29 22:45:48.706096
TXN0001194,CERT000396,PTY00178,PTY00004,2026-07-02 00:04:58.525154
TXN0001195,CERT000397,PTY00054,PTY00002,2026-09-06 14:06:23.701791
TXN0001196,CERT000397,PTY00002,PTY00235,2026-09-08 15:29:11.346337
TXN0001197,CERT000398,PTY00065,PTY00004,2026-08-11 21:07:46.531113
TXN0001198,CERT000398,PTY00004,PTY00003,2026-08-12 19:19:45.817220
TXN0001199,CERT000398,PTY00003,PTY00001,2026-08-12 23:41:28.471425
TXN0001200,CERT000399,PTY00149,PTY00006,2026-07-31 22:01:40.092111
TXN0001201,CERT000399,PTY00006,PTY00001,2026-08-01 06:44:06.841558
TXN0001202,CERT000399,PTY00001,PTY00035,2026-08-02 05:24:05.310843
TXN0001203,CERT000399,PTY00035,PTY00169,2026-08-04 09:07:04.984131
TXN0001204,CERT000400,PTY00134,PTY00001,2026-08-13 23:56:19.353724
TXN0001205,CERT000400,PTY00001,PTY00002,2026-08-14 09:17:37.470356
TXN0001206,CERT000400,PTY00002,PTY00001,2026-08-16 17:17:56.820805
TXN0001207,CERT000400,PTY00001,PTY00009,2026-08-16 19:02:57.777386
TXN0001208,CERT000401,PTY00101,PTY00001,2026-06-21 17:28:47.620493
TXN0001209,CERT000401,PTY00001,PTY00040,2026-06-23 21:30:47.579050
TXN0001210,CERT000401,PTY00040,PTY00001,2026-06-24 12:56:46.991264
TXN0001211,CERT000402,PTY00134,PTY00002,2026-09-09 17:59:04.821561
TXN0001212,CERT000402,PTY00002,PTY00031,2026-09-12 10:17:12.812175
TXN0001213,CERT000402,PTY00031,PTY00005,2026-09-13 12:17:03.560414
TXN0001214,CERT000403,PTY00035,PTY00005,2026-06-23 19:26:51.734169
TXN0001215,CERT000403,PTY00005,PTY00004,2026-06-25 03:16:01.660526
TXN0001216,CERT000403,PTY00004,PTY00001,2026-06-26 14:55:50.528737
TXN0001217,CERT000403,PTY00001,PTY00006,2026-06-29 00:24:56.524193
TXN0001218,CERT000404,PTY00044,PTY00001,2026-08-14 13:29:19.991050
TXN0001219,CERT000404,PTY00001,PTY00002,2026-08-17 08:49:10.825388
TXN0001220,CERT000405,PTY00089,PTY00062,2026-07-24 12:51:32.543570
TXN0001221,CERT000405,PTY00062,PTY00029,2026-07-25 04:43:30.412399
TXN0001222,CERT000405,PTY00029,PTY00001,2026-07-25 19:23:27.115796
TXN0001223,CERT000405,PTY00001,PTY00003,2026-07-28 07:39:58.802859
TXN0001224,CERT000406,PTY00030,PTY00002,2026-07-09 16:58:25.106615
TXN0001225,CERT000406,PTY00002,PTY00004,2026-07-12 14:49:35.755269
TXN0001226,CERT000406,PTY00004,PTY00001,2026-07-15 08:03:21.337240
TXN0001227,CERT000407,PTY00016,PTY00005,2026-08-13 17:32:36.632855
TXN0001228,CERT000407,PTY00005,PTY00004,2026-08-15 09:50:17.131901
TXN0001229,CERT000408,PTY00004,PTY00387,2026-06-14 15:58:43.012722
TXN0001230,CERT000408,PTY00387,PTY00198,2026-06-17 14:29:37.150831
TXN0001231,CERT000408,PTY00198,PTY00026,2026-06-20 13:41:00.877270
TXN0001232,CERT000408,PTY00026,PTY00075,2026-06-21 20:12:53.259295
TXN0001233,CERT000409,PTY00077,PTY00003,2026-07-30 06:34:24.072971
TXN0001234,CERT000409,PTY00003,PTY00001,2026-07-30 21:00:33.204182
TXN0001235,CERT000409,PTY00001,PTY00054,2026-07-31 16:31:41.628236
TXN0001236,CERT000410,PTY00056,PTY00002,2026-06-20 16:20:08.484523
TXN0001237,CERT000410,PTY00002,PTY00001,2026-06-22 10:42:06.759273
TXN0001238,CERT000411,PTY00130,PTY00019,2026-06-17 14:50:37.080210
TXN0001239,CERT000411,PTY00019,PTY00112,2026-06-19 23:26:08.904327
TXN0001240,CERT000412,PTY00084,PTY00133,2026-07-06 14:45:00.093107
TXN0001241,CERT000412,PTY00133,PTY00001,2026-07-08 03:10:39.638035
TXN0001242,CERT000412,PTY00001,PTY00019,2026-07-10 15:41:37.453938
TXN0001243,CERT000412,PTY00019,PTY00135,2026-07-11 15:13:49.017716
TXN0001244,CERT000413,PTY00035,PTY00001,2026-06-27 17:32:34.325681
TXN0001245,CERT000413,PTY00001,PTY00003,2026-06-28 00:13:00.627630
TXN0001246,CERT000414,PTY00179,PTY00002,2026-08-20 21:35:05.994552
TXN0001247,CERT000414,PTY00002,PTY00116,2026-08-21 15:08:48.759082
TXN0001248,CERT000414,PTY00116,PTY00023,2026-08-23 12:21:30.980359
TXN0001249,CERT000415,PTY00153,PTY00009,2026-06-21 13:57:27.395801
TXN0001250,CERT000415,PTY00009,PTY00208,2026-06-24 09:25:26.565576
TXN0001251,CERT000415,PTY00208,PTY00045,2026-06-27 03:45:55.314734
TXN0001252,CERT000416,PTY00078,PTY00005,2026-08-02 13:24:12.640709
TXN0001253,CERT000416,PTY00005,PTY00018,2026-08-03 18:55:29.597449
TXN0001254,CERT000416,PTY00018,PTY00003,2026-08-06 17:06:00.608144
TXN0001255,CERT000416,PTY00003,PTY00002,2026-08-08 16:07:25.368179
TXN0001256,CERT000417,PTY00109,PTY00012,2026-07-10 18:14:19.048096
TXN0001257,CERT000417,PTY00012,PTY00002,2026-07-13 03:00:58.866239
TXN0001258,CERT000417,PTY00002,PTY00096,2026-07-13 19:31:59.853004
TXN0001259,CERT000418,PTY00172,PTY00002,2026-08-25 17:58:38.340490
TXN0001260,CERT000418,PTY00002,PTY00001,2026-08-27 15:54:14.541940
TXN0001261,CERT000419,PTY00176,PTY00002,2026-06-29 06:49:13.527400
TXN0001262,CERT000419,PTY00002,PTY00001,2026-07-01 02:40:34.178209
TXN0001263,CERT000420,PTY00017,PTY00003,2026-08-15 06:57:52.289665
TXN0001264,CERT000420,PTY00003,PTY00002,2026-08-16 22:29:08.898774
TXN0001265,CERT000420,PTY00002,PTY00001,2026-08-18 13:38:27.169464
TXN0001266,CERT000421,PTY00079,PTY00001,2026-08-20 16:48:54.856555
TXN0001267,CERT000421,PTY00001,PTY00002,2026-08-21 10:22:07.307360
TXN0001268,CERT000421,PTY00002,PTY00025,2026-08-23 04:58:57.160336
TXN0001269,CERT000422,PTY00013,PTY00010,2026-06-16 17:00:05.147265
TXN0001270,CERT000422,PTY00010,PTY00001,2026-06-19 08:49:38.645309
TXN0001271,CERT000422,PTY00001,PTY00308,2026-06-19 11:14:54.400884
TXN0001272,CERT000422,PTY00308,PTY00005,2026-06-20 12:30:33.528984
TXN0001273,CERT000423,PTY00054,PTY00004,2026-07-31 13:02:37.330854
TXN0001274,CERT000423,PTY00004,PTY00142,2026-08-02 07:40:07.391574
TXN0001275,CERT000423,PTY00142,PTY00012,2026-08-03 21:57:22.323481
TXN0001276,CERT000424,PTY00016,PTY00021,2026-06-27 10:27:44.203170
TXN0001277,CERT000424,PTY00021,PTY00003,2026-06-28 12:41:19.803586
TXN0001278,CERT000424,PTY00003,PTY00002,2026-06-29 13:37:15.243736
TXN0001279,CERT000425,PTY00069,PTY00001,2026-08-19 14:23:01.766706
TXN0001280,CERT000425,PTY00001,PTY00029,2026-08-22 02:35:03.426054
TXN0001281,CERT000425,PTY00029,PTY00002,2026-08-23 19:38:37.540984
TXN0001282,CERT000425,PTY00002,PTY00001,2026-08-25 16:49:11.259373
TXN0001283,CERT000426,PTY00100,PTY00001,2026-07-27 18:31:40.603073
TXN0001284,CERT000426,PTY00001,PTY00002,2026-07-29 19:10:55.775897
TXN0001285,CERT000427,PTY00132,PTY00020,2026-07-27 21:04:16.872516
TXN0001286,CERT000427,PTY00020,PTY00118,2026-07-29 02:21:22.206415
TXN0001287,CERT000427,PTY00118,PTY00002,2026-07-31 18:20:35.701281
TXN0001288,CERT000428,PTY00062,PTY00005,2026-08-23 04:45:04.775445
TXN0001289,CERT000428,PTY00005,PTY00038,2026-08-24 00:32:41.680788
TXN0001290,CERT000429,PTY00171,PTY00003,2026-07-13 10:48:41.496923
TXN0001291,CERT000429,PTY00003,PTY00002,2026-07-14 01:04:27.791894
TXN0001292,CERT000429,PTY00002,PTY00010,2026-07-16 02:18:31.898598
TXN0001293,CERT000429,PTY00010,PTY00003,2026-07-16 06:11:08.689300
TXN0001294,CERT000430,PTY00106,PTY00002,2026-07-23 16:39:38.370906
TXN0001295,CERT000430,PTY00002,PTY00131,2026-07-24 09:07:25.750509
TXN0001296,CERT000431,PTY00175,PTY00071,2026-08-06 10:50:58.388892
TXN0001297,CERT000431,PTY00071,PTY00001,2026-08-08 23:43:49.293694
TXN0001298,CERT000431,PTY00001,PTY00190,2026-08-10 23:16:29.968954
TXN0001299,CERT000431,PTY00190,PTY00001,2026-08-11 18:08:55.854025
TXN0001300,CERT000432,PTY00113,PTY00008,2026-08-21 17:17:10.601137
TXN0001301,CERT000432,PTY00008,PTY00002,2026-08-22 04:32:25.353941
TXN0001302,CERT000433,PTY00169,PTY00106,2026-07-25 13:55:13.969841
TXN0001303,CERT000433,PTY00106,PTY00002,2026-07-27 23:52:41.738970
TXN0001304,CERT000433,PTY00002,PTY00006,2026-07-30 01:28:26.915757
TXN0001305,CERT000434,PTY00056,PTY00001,2026-08-17 16:59:21.489483
TXN0001306,CERT000434,PTY00001,PTY00048,2026-08-19 16:20:21.776329
TXN0001307,CERT000434,PTY00048,PTY00001,2026-08-21 00:20:43.979631
TXN0001308,CERT000434,PTY00001,PTY00080,2026-08-21 13:57:32.829678
TXN0001309,CERT000435,PTY00123,PTY00002,2026-06-27 11:56:00.231476
TXN0001310,CERT000435,PTY00002,PTY00007,2026-06-30 03:37:22.879191
TXN0001311,CERT000435,PTY00007,PTY00002,2026-07-02 05:45:16.167829
TXN0001312,CERT000436,PTY00135,PTY00002,2026-08-25 07:04:38.368737
TXN0001313,CERT000436,PTY00002,PTY00003,2026-08-25 17:19:59.668917
TXN0001314,CERT000436,PTY00003,PTY00002,2026-08-28 02:30:20.084937
TXN0001315,CERT000436,PTY00002,PTY00010,2026-08-29 11:07:44.600419
TXN0001316,CERT000437,PTY00081,PTY00131,2026-07-28 17:45:04.795350
TXN0001317,CERT000437,PTY00131,PTY00007,2026-07-28 23:38:43.994013
TXN0001318,CERT000437,PTY00007,PTY00055,2026-07-29 20:54:44.448421
TXN0001319,CERT000437,PTY00055,PTY00007,2026-08-01 19:25:45.519008
TXN0001320,CERT000438,PTY00023,PTY00001,2026-06-18 15:25:11.981275
TXN0001321,CERT000438,PTY00001,PTY00005,2026-06-19 18:21:46.825347
TXN0001322,CERT000438,PTY00005,PTY00004,2026-06-22 15:18:57.704686
TXN0001323,CERT000438,PTY00004,PTY00085,2026-06-24 01:42:34.075257
TXN0001324,CERT000439,PTY00130,PTY00001,2026-07-05 18:33:37.126563
TXN0001325,CERT000439,PTY00001,PTY00014,2026-07-07 04:02:45.732688
TXN0001326,CERT000439,PTY00014,PTY00002,2026-07-08 14:15:39.066792
TXN0001327,CERT000440,PTY00001,PTY00207,2026-07-23 14:01:29.331703
TXN0001328,CERT000440,PTY00207,PTY00001,2026-07-26 13:34:56.954526
TXN0001329,CERT000441,PTY00097,PTY00006,2026-08-25 11:16:49.764740
TXN0001330,CERT000441,PTY00006,PTY00079,2026-08-26 04:42:00.919730
TXN0001331,CERT000442,PTY00130,PTY00001,2026-08-08 20:20:38.764964
TXN0001332,CERT000442,PTY00001,PTY00026,2026-08-11 03:54:52.003396
TXN0001333,CERT000443,PTY00074,PTY00092,2026-07-08 15:26:11.024908
TXN0001334,CERT000443,PTY00092,PTY00018,2026-07-11 13:22:23.361415
TXN0001335,CERT000443,PTY00018,PTY00002,2026-07-13 09:45:08.225536
TXN0001336,CERT000443,PTY00002,PTY00107,2026-07-15 18:54:19.439414
TXN0001337,CERT000444,PTY00096,PTY00022,2026-07-30 17:06:23.125674
TXN0001338,CERT000444,PTY00022,PTY00001,2026-08-01 06:12:55.642504
TXN0001339,CERT000445,PTY00031,PTY00066,2026-08-10 13:02:15.600156
TXN0001340,CERT000445,PTY00066,PTY00002,2026-08-12 13:46:41.436028
TXN0001341,CERT000445,PTY00002,PTY00005,2026-08-12 21:07:01.679125
TXN0001342,CERT000446,PTY00177,PTY00007,2026-09-01 07:39:47.079678
TXN0001343,CERT000446,PTY00007,PTY00015,2026-09-03 18:31:59.991696
TXN0001344,CERT000446,PTY00015,PTY00048,2026-09-04 01:01:10.644930
TXN0001345,CERT000447,PTY00019,PTY00106,2026-09-04 16:45:04.542660
TXN0001346,CERT000447,PTY00106,PTY00013,2026-09-05 19:08:46.807198
TXN0001347,CERT000447,PTY00013,PTY00019,2026-09-07 16:11:58.618689
TXN0001348,CERT000447,PTY00019,PTY00003,2026-09-08 06:57:25.922663
TXN0001349,CERT000448,PTY00161,PTY00001,2026-08-04 23:29:15.265318
TXN0001350,CERT000448,PTY00001,PTY00080,2026-08-07 20:41:24.832357
TXN0001351,CERT000449,PTY00152,PTY00001,2026-06-27 04:23:01.763765
TXN0001352,CERT000449,PTY00001,PTY00106,2026-06-28 07:16:49.059690
TXN0001353,CERT000450,PTY00144,PTY00001,2026-07-30 14:30:21.943616
TXN0001354,CERT000450,PTY00001,PTY00046,2026-08-02 05:03:55.220263
TXN0001355,CERT000450,PTY00046,PTY00001,2026-08-03 07:22:04.546628
TXN0001356,CERT000451,PTY00063,PTY00015,2026-09-02 06:15:50.289317
TXN0001357,CERT000451,PTY00015,PTY00001,2026-09-02 11:18:26.185004
TXN0001358,CERT000451,PTY00001,PTY00005,2026-09-03 21:14:19.016321
TXN0001359,CERT000451,PTY00005,PTY00007,2026-09-03 22:41:57.737988
TXN0001360,CERT000452,PTY00078,PTY00001,2026-08-20 14:53:54.552301
TXN0001361,CERT000452,PTY00001,PTY00047,2026-08-21 08:09:33.362568
TXN0001362,CERT000452,PTY00047,PTY00002,2026-08-22 04:13:55.587162
TXN0001363,CERT000452,PTY00002,PTY00306,2026-08-24 17:52:48.198454
TXN0001364,CERT000453,PTY00084,PTY00009,2026-06-26 19:13:36.847108
TXN0001365,CERT000453,PTY00009,PTY00001,2026-06-27 14:56:10.373894
TXN0001366,CERT000453,PTY00001,PTY00124,2026-06-28 12:07:28.677244
TXN0001367,CERT000453,PTY00124,PTY00009,2026-06-30 03:05:48.200203
TXN0001368,CERT000454,PTY00044,PTY00001,2026-07-15 16:11:43.960836
TXN0001369,CERT000454,PTY00001,PTY00014,2026-07-16 16:10:31.951811
TXN0001370,CERT000454,PTY00014,PTY00044,2026-07-18 00:28:00.006344
TXN0001371,CERT000455,PTY00155,PTY00010,2026-06-27 16:30:37.781660
TXN0001372,CERT000455,PTY00010,PTY00001,2026-06-27 19:05:49.146731
TXN0001373,CERT000456,PTY00037,PTY00004,2026-09-01 13:19:57.241896
TXN0001374,CERT000456,PTY00004,PTY00001,2026-09-01 18:47:08.880530
TXN0001375,CERT000456,PTY00001,PTY00005,2026-09-04 04:55:19.674284
TXN0001376,CERT000457,PTY00119,PTY00001,2026-06-18 16:40:50.991801
TXN0001377,CERT000457,PTY00001,PTY00050,2026-06-19 08:04:57.098768
TXN0001378,CERT000458,PTY00145,PTY00004,2026-07-02 19:12:12.723664
TXN0001379,CERT000458,PTY00004,PTY00126,2026-07-04 14:11:17.671715
TXN0001380,CERT000458,PTY00126,PTY00001,2026-07-05 04:15:15.705128
TXN0001381,CERT000459,PTY00082,PTY00001,2026-07-08 03:57:41.403269
TXN0001382,CERT000459,PTY00001,PTY00094,2026-07-09 21:28:14.712994
TXN0001383,CERT000459,PTY00094,PTY00062,2026-07-10 12:22:39.643500
TXN0001384,CERT000459,PTY00062,PTY00001,2026-07-12 06:14:37.156829
TXN0001385,CERT000460,PTY00140,PTY00009,2026-07-29 12:39:52.873041
TXN0001386,CERT000460,PTY00009,PTY00019,2026-08-01 08:33:54.829028
TXN0001387,CERT000460,PTY00019,PTY00002,2026-08-02 00:13:07.280347
TXN0001388,CERT000460,PTY00002,PTY00007,2026-08-02 09:04:53.221868
TXN0001389,CERT000461,PTY00086,PTY00001,2026-07-23 19:56:01.013345
TXN0001390,CERT000461,PTY00001,PTY00002,2026-07-23 23:11:39.763251
TXN0001391,CERT000462,PTY00044,PTY00001,2026-08-14 12:30:33.248623
TXN0001392,CERT000462,PTY00001,PTY00002,2026-08-16 09:11:25.397359
TXN0001393,CERT000462,PTY00002,PTY00004,2026-08-16 19:12:31.906116
TXN0001394,CERT000462,PTY00004,PTY00001,2026-08-18 12:39:17.180773
TXN0001395,CERT000463,PTY00120,PTY00001,2026-06-17 01:12:09.408268
TXN0001396,CERT000463,PTY00001,PTY00256,2026-06-18 20:23:16.540142
TXN0001397,CERT000463,PTY00256,PTY00028,2026-06-19 16:10:26.008629
TXN0001398,CERT000463,PTY00028,PTY00001,2026-06-22 00:49:55.175642
TXN0001399,CERT000464,PTY00096,PTY00008,2026-06-27 14:51:41.370554
TXN0001400,CERT000464,PTY00008,PTY00314,2026-06-29 18:48:07.625082
TXN0001401,CERT000464,PTY00314,PTY00009,2026-07-01 12:18:14.577315
TXN0001402,CERT000464,PTY00009,PTY00380,2026-07-04 10:54:59.941385
TXN0001403,CERT000465,PTY00126,PTY00003,2026-08-08 09:29:07.320958
TXN0001404,CERT000465,PTY00003,PTY00002,2026-08-10 00:12:52.728226
TXN0001405,CERT000465,PTY00002,PTY00001,2026-08-12 19:00:59.941190
TXN0001406,CERT000465,PTY00001,PTY00008,2026-08-15 07:47:57.137896
TXN0001407,CERT000466,PTY00114,PTY00007,2026-08-11 17:33:55.982746
TXN0001408,CERT000466,PTY00007,PTY00069,2026-08-12 02:16:08.159746
TXN0001409,CERT000467,PTY00177,PTY00001,2026-06-17 06:31:08.247670
TXN0001410,CERT000467,PTY00001,PTY00003,2026-06-19 20:39:13.928985
TXN0001411,CERT000468,PTY00023,PTY00001,2026-08-19 12:47:16.366340
TXN0001412,CERT000468,PTY00001,PTY00121,2026-08-20 01:34:42.438329
TXN0001413,CERT000468,PTY00121,PTY00010,2026-08-20 17:05:55.289043
TXN0001414,CERT000469,PTY00104,PTY00001,2026-07-23 16:39:38.553473
TXN0001415,CERT000469,PTY00001,PTY00054,2026-07-26 03:55:30.455061
TXN0001416,CERT000469,PTY00054,PTY00001,2026-07-26 15:05:56.910471
TXN0001417,CERT000469,PTY00001,PTY00002,2026-07-27 08:55:44.720151
TXN0001418,CERT000470,PTY00135,PTY00001,2026-06-21 03:35:21.153744
TXN0001419,CERT000470,PTY00001,PTY00003,2026-06-22 08:39:17.916220
TXN0001420,CERT000470,PTY00003,PTY00295,2026-06-23 03:02:11.794736
TXN0001421,CERT000470,PTY00295,PTY00002,2026-06-24 01:24:49.678063
TXN0001422,CERT000471,PTY00074,PTY00006,2026-07-09 18:00:47.630678
TXN0001423,CERT000471,PTY00006,PTY00003,2026-07-12 09:02:18.306483
TXN0001424,CERT000471,PTY00003,PTY00005,2026-07-12 20:16:49.442059
TXN0001425,CERT000471,PTY00005,PTY00008,2026-07-14 06:05:55.676945
TXN0001426,CERT000472,PTY00099,PTY00007,2026-08-15 17:08:33.036122
TXN0001427,CERT000472,PTY00007,PTY00001,2026-08-18 04:18:57.911735
TXN0001428,CERT000472,PTY00001,PTY00136,2026-08-20 15:02:42.939762
TXN0001429,CERT000473,PTY00168,PTY00002,2026-08-24 17:13:17.711542
TXN0001430,CERT000473,PTY00002,PTY00064,2026-08-24 18:27:39.835914
TXN0001431,CERT000473,PTY00064,PTY00001,2026-08-26 13:22:58.009434
TXN0001432,CERT000473,PTY00001,PTY00002,2026-08-29 12:22:29.492082
TXN0001433,CERT000474,PTY00009,PTY00026,2026-07-25 16:29:04.770037
TXN0001434,CERT000474,PTY00026,PTY00001,2026-07-26 09:57:20.132199
TXN0001435,CERT000474,PTY00001,PTY00126,2026-07-26 23:32:21.704350
TXN0001436,CERT000474,PTY00126,PTY00011,2026-07-28 14:12:08.047160
TXN0001437,CERT000475,PTY00106,PTY00001,2026-07-30 20:40:37.625643
TXN0001438,CERT000475,PTY00001,PTY00015,2026-07-31 06:19:39.702505
TXN0001439,CERT000475,PTY00015,PTY00005,2026-07-31 08:10:31.131973
TXN0001440,CERT000476,PTY00051,PTY00002,2026-08-24 10:41:15.761916
TXN0001441,CERT000476,PTY00002,PTY00003,2026-08-24 13:42:45.088960
TXN0001442,CERT000477,PTY00101,PTY00138,2026-08-03 21:01:43.142519
TXN0001443,CERT000477,PTY00138,PTY00164,2026-08-04 03:09:39.291742
TXN0001444,CERT000477,PTY00164,PTY00101,2026-08-05 01:51:04.380840
TXN0001445,CERT000478,PTY00169,PTY00001,2026-08-30 10:33:29.832993
TXN0001446,CERT000478,PTY00001,PTY00048,2026-09-01 05:51:57.690781
TXN0001447,CERT000479,PTY00091,PTY00009,2026-06-26 14:48:38.279994
TXN0001448,CERT000479,PTY00009,PTY00126,2026-06-28 16:29:50.088689
TXN0001449,CERT000480,PTY00068,PTY00001,2026-07-28 20:39:29.842210
TXN0001450,CERT000480,PTY00001,PTY00002,2026-07-31 15:07:43.825642
TXN0001451,CERT000480,PTY00002,PTY00001,2026-08-02 02:09:39.366640
TXN0001452,CERT000481,PTY00051,PTY00006,2026-07-27 12:48:23.426055
TXN0001453,CERT000481,PTY00006,PTY00002,2026-07-28 02:51:50.940941
TXN0001454,CERT000482,PTY00158,PTY00110,2026-06-16 14:40:57.746946
TXN0001455,CERT000482,PTY00110,PTY00004,2026-06-17 17:27:53.376937
TXN0001456,CERT000482,PTY00004,PTY00001,2026-06-19 23:47:17.401906
TXN0001457,CERT000483,PTY00056,PTY00163,2026-07-08 14:03:17.990578
TXN0001458,CERT000483,PTY00163,PTY00001,2026-07-10 05:23:42.390110
TXN0001459,CERT000483,PTY00001,PTY00026,2026-07-12 06:35:50.481151
TXN0001460,CERT000483,PTY00026,PTY00007,2026-07-12 17:58:47.444795
TXN0001461,CERT000484,PTY00037,PTY00001,2026-06-26 09:09:35.894576
TXN0001462,CERT000484,PTY00001,PTY00002,2026-06-27 18:35:38.147554
TXN0001463,CERT000485,PTY00007,PTY00002,2026-09-11 14:23:03.562289
TXN0001464,CERT000485,PTY00002,PTY00107,2026-09-14 02:48:16.082912
TXN0001465,CERT000485,PTY00107,PTY00010,2026-09-14 22:44:51.129615
TXN0001466,CERT000485,PTY00010,PTY00001,2026-09-15 00:53:15.764692
TXN0001467,CERT000486,PTY00010,PTY00002,2026-07-10 18:18:47.980195
TXN0001468,CERT000486,PTY00002,PTY00013,2026-07-12 20:55:50.808336
TXN0001469,CERT000486,PTY00013,PTY00079,2026-07-14 05:46:05.991093
TXN0001470,CERT000487,PTY00058,PTY00017,2026-08-30 21:24:23.686835
TXN0001471,CERT000487,PTY00017,PTY00001,2026-09-02 05:10:43.691816
TXN0001472,CERT000487,PTY00001,PTY00002,2026-09-04 09:09:02.612896
TXN0001473,CERT000488,PTY00122,PTY00271,2026-08-20 09:51:16.289599
TXN0001474,CERT000488,PTY00271,PTY00101,2026-08-22 08:29:21.119342
TXN0001475,CERT000488,PTY00101,PTY00001,2026-08-25 08:15:33.636065
TXN0001476,CERT000489,PTY00021,PTY00001,2026-07-21 09:44:42.114610
TXN0001477,CERT000489,PTY00001,PTY00031,2026-07-22 14:40:05.420660
TXN0001478,CERT000489,PTY00031,PTY00014,2026-07-23 14:43:50.132210
TXN0001479,CERT000490,PTY00040,PTY00002,2026-08-29 14:44:38.482003
TXN0001480,CERT000490,PTY00002,PTY00207,2026-09-01 00:26:43.968873
TXN0001481,CERT000490,PTY00207,PTY00003,2026-09-01 15:37:58.196112
TXN0001482,CERT000490,PTY00003,PTY00035,2026-09-02 03:47:34.035855
TXN0001483,CERT000491,PTY00115,PTY00007,2026-08-19 17:02:28.421577
TXN0001484,CERT000491,PTY00007,PTY00013,2026-08-20 11:25:08.860511
TXN0001485,CERT000491,PTY00013,PTY00008,2026-08-22 08:22:45.996178
TXN0001486,CERT000491,PTY00008,PTY00035,2026-08-22 22:01:36.687970
TXN0001487,CERT000492,PTY00042,PTY00003,2026-06-17 12:31:39.305893
TXN0001488,CERT000492,PTY00003,PTY00001,2026-06-19 23:49:26.990288
TXN0001489,CERT000492,PTY00001,PTY00106,2026-06-20 17:29:12.101293
TXN0001490,CERT000492,PTY00106,PTY00001,2026-06-20 22:16:45.402639
TXN0001491,CERT000493,PTY00036,PTY00010,2026-09-03 12:27:57.681553
TXN0001492,CERT000493,PTY00010,PTY00016,2026-09-05 15:56:55.088172
TXN0001493,CERT000493,PTY00016,PTY00002,2026-09-08 09:39:36.419511
TXN0001494,CERT000493,PTY00002,PTY00001,2026-09-09 01:14:06.078663
TXN0001495,CERT000494,PTY00170,PTY00055,2026-06-14 16:03:50.551279
TXN0001496,CERT000494,PTY00055,PTY00006,2026-06-14 23:00:14.918888
TXN0001497,CERT000495,PTY00148,PTY00031,2026-08-21 16:20:44.167134
TXN0001498,CERT000495,PTY00031,PTY00019,2026-08-22 06:15:32.873582
TXN0001499,CERT000495,PTY00019,PTY00001,2026-08-24 20:31:04.562305
TXN0001500,CERT000495,PTY00001,PTY00009,2026-08-25 14:58:46.114268
TXN0001501,CERT000496,PTY00018,PTY00029,2026-07-15 14:34:04.897066
TXN0001502,CERT000496,PTY00029,PTY00084,2026-07-17 02:44:47.428585
TXN0001503,CERT000496,PTY00084,PTY00144,2026-07-19 19:04:08.941625
TXN0001504,CERT000496,PTY00144,PTY00006,2026-07-22 14:22:32.104416
TXN0001505,CERT000497,PTY00137,PTY00007,2026-06-25 13:51:10.877154
TXN0001506,CERT000497,PTY00007,PTY00001,2026-06-25 17:47:28.677575
TXN0001507,CERT000497,PTY00001,PTY00002,2026-06-26 14:34:43.082335
TXN0001508,CERT000497,PTY00002,PTY00006,2026-06-28 07:04:51.636826
TXN0001509,CERT000498,PTY00150,PTY00010,2026-08-18 16:21:31.780950
TXN0001510,CERT000498,PTY00010,PTY00088,2026-08-19 09:44:01.996381
TXN0001511,CERT000499,PTY00106,PTY00001,2026-08-14 13:03:48.794775
TXN0001512,CERT000499,PTY00001,PTY00375,2026-08-15 13:14:41.414560
TXN0001513,CERT000499,PTY00375,PTY00134,2026-08-16 18:05:43.619018
TXN0001514,CERT000499,PTY00134,PTY00003,2026-08-19 03:41:12.891964
TXN0001515,CERT000500,PTY00062,PTY00005,2026-09-11 19:33:10.657276
TXN0001516,CERT000500,PTY00005,PTY00030,2026-09-14 14:15:04.507844
TXN0001517,CERT000501,PTY00126,PTY00001,2026-08-07 19:40:14.792123
TXN0001518,CERT000501,PTY00001,PTY00094,2026-08-09 05:13:01.603858
TXN0001519,CERT000501,PTY00094,PTY00001,2026-08-11 17:10:02.349244
TXN0001520,CERT000502,PTY00067,PTY00001,2026-09-05 15:25:31.311504
TXN0001521,CERT000502,PTY00001,PTY00002,2026-09-06 08:17:05.051013
TXN0001522,CERT000502,PTY00002,PTY00001,2026-09-07 20:59:11.903453
TXN0001523,CERT000503,PTY00069,PTY00001,2026-07-08 15:39:57.785752
TXN0001524,CERT000503,PTY00001,PTY00003,2026-07-10 17:29:09.649566
TXN0001525,CERT000504,PTY00176,PTY00001,2026-08-15 00:47:15.802431
TXN0001526,CERT000504,PTY00001,PTY00005,2026-08-16 17:41:39.386406
TXN0001527,CERT000504,PTY00005,PTY00007,2026-08-18 05:12:53.912194
TXN0001528,CERT000504,PTY00007,PTY00017,2026-08-20 10:33:34.702600
TXN0001529,CERT000505,PTY00099,PTY00011,2026-07-16 16:19:45.844635
TXN0001530,CERT000505,PTY00011,PTY00001,2026-07-16 22:24:31.167510
TXN0001531,CERT000505,PTY00001,PTY00004,2026-07-17 15:56:09.654852
TXN0001532,CERT000506,PTY00069,PTY00004,2026-07-11 14:34:45.672651
TXN0001533,CERT000506,PTY00004,PTY00001,2026-07-13 12:00:32.335146
TXN0001534,CERT000506,PTY00001,PTY00003,2026-07-14 06:18:30.297447
TXN0001535,CERT000507,PTY00040,PTY00128,2026-08-04 17:07:33.368198
TXN0001536,CERT000507,PTY00128,PTY00025,2026-08-05 01:33:49.579336
TXN0001537,CERT000507,PTY00025,PTY00040,2026-08-06 07:32:43.731049
TXN0001538,CERT000508,PTY00116,PTY00003,2026-07-27 08:24:00.450580
TXN0001539,CERT000508,PTY00003,PTY00009,2026-07-29 05:23:26.913397
TXN0001540,CERT000509,PTY00045,PTY00119,2026-06-25 08:52:43.712797
TXN0001541,CERT000509,PTY00119,PTY00003,2026-06-25 10:55:02.767418
TXN0001542,CERT000510,PTY00113,PTY00001,2026-06-28 10:42:50.241919
TXN0001543,CERT000510,PTY00001,PTY00002,2026-07-01 09:56:10.249761
TXN0001544,CERT000511,PTY00037,PTY00001,2026-08-03 15:43:40.905495
TXN0001545,CERT000511,PTY00001,PTY00108,2026-08-03 18:32:30.821222
TXN0001546,CERT000512,PTY00119,PTY00001,2026-08-03 23:29:21.292579
TXN0001547,CERT000512,PTY00001,PTY00005,2026-08-05 16:40:29.573241
TXN0001548,CERT000513,PTY00007,PTY00064,2026-08-30 13:02:48.685446
TXN0001549,CERT000513,PTY00064,PTY00001,2026-09-01 07:53:23.574850
TXN0001550,CERT000513,PTY00001,PTY00002,2026-09-02 03:18:24.069707
TXN0001551,CERT000514,PTY00093,PTY00001,2026-06-26 18:52:43.310582
TXN0001552,CERT000514,PTY00001,PTY00177,2026-06-29 13:16:19.699783
TXN0001553,CERT000514,PTY00177,PTY00001,2026-06-30 02:33:40.116596
TXN0001554,CERT000515,PTY00021,PTY00001,2026-08-06 07:03:15.422809
TXN0001555,CERT000515,PTY00001,PTY00199,2026-08-06 14:01:49.386394
TXN0001556,CERT000516,PTY00159,PTY00001,2026-08-20 06:17:45.384805
TXN0001557,CERT000516,PTY00001,PTY00147,2026-08-22 10:10:36.419149
TXN0001558,CERT000516,PTY00147,PTY00003,2026-08-23 00:40:45.950589
TXN0001559,CERT000517,PTY00069,PTY00010,2026-06-26 18:44:07.014252
TXN0001560,CERT000517,PTY00010,PTY00005,2026-06-28 06:21:08.721106
TXN0001561,CERT000518,PTY00131,PTY00006,2026-07-30 14:55:29.371655
TXN0001562,CERT000518,PTY00006,PTY00005,2026-07-31 19:24:40.027975
TXN0001563,CERT000518,PTY00005,PTY00001,2026-08-02 01:00:10.476736
TXN0001564,CERT000518,PTY00001,PTY00148,2026-08-02 22:48:49.873043
TXN0001565,CERT000519,PTY00123,PTY00039,2026-09-02 16:44:54.644965
TXN0001566,CERT000519,PTY00039,PTY00001,2026-09-04 00:38:58.800575
TXN0001567,CERT000519,PTY00001,PTY00123,2026-09-05 18:32:46.997114
TXN0001568,CERT000520,PTY00155,PTY00183,2026-06-30 11:27:43.342334
TXN0001569,CERT000520,PTY00183,PTY00005,2026-07-01 10:09:17.108452
TXN0001570,CERT000521,PTY00021,PTY00002,2026-08-21 01:50:21.512918
TXN0001571,CERT000521,PTY00002,PTY00006,2026-08-22 22:02:37.267667
TXN0001572,CERT000521,PTY00006,PTY00002,2026-08-25 19:32:46.058538
TXN0001573,CERT000521,PTY00002,PTY00007,2026-08-28 15:07:44.576883
TXN0001574,CERT000522,PTY00080,PTY00005,2026-07-01 22:13:35.049538
TXN0001575,CERT000522,PTY00005,PTY00019,2026-07-04 15:28:47.140521
TXN0001576,CERT000522,PTY00019,PTY00001,2026-07-04 16:30:11.529228
TXN0001577,CERT000522,PTY00001,PTY00008,2026-07-04 19:34:59.000227
TXN0001578,CERT000523,PTY00102,PTY00001,2026-09-07 16:30:49.398852
TXN0001579,CERT000523,PTY00001,PTY00002,2026-09-09 06:34:44.974025
TXN0001580,CERT000523,PTY00002,PTY00003,2026-09-09 10:45:00.077406
TXN0001581,CERT000523,PTY00003,PTY00002,2026-09-10 15:32:31.124175
TXN0001582,CERT000524,PTY00090,PTY00003,2026-08-03 19:14:24.625358
TXN0001583,CERT000524,PTY00003,PTY00001,2026-08-06 07:20:54.735633
TXN0001584,CERT000525,PTY00027,PTY00351,2026-07-11 07:12:54.656203
TXN0001585,CERT000525,PTY00351,PTY00004,2026-07-13 09:39:28.323430
TXN0001586,CERT000525,PTY00004,PTY00001,2026-07-14 17:58:45.963112
TXN0001587,CERT000526,PTY00067,PTY00009,2026-07-19 09:51:33.090436
TXN0001588,CERT000526,PTY00009,PTY00008,2026-07-19 22:27:55.495416
TXN0001589,CERT000527,PTY00024,PTY00001,2026-08-17 05:46:07.822723
TXN0001590,CERT000527,PTY00001,PTY00002,2026-08-18 13:12:39.264092
TXN0001591,CERT000528,PTY00045,PTY00034,2026-06-21 17:24:34.515727
TXN0001592,CERT000528,PTY00034,PTY00002,2026-06-22 16:23:42.403859
TXN0001593,CERT000529,PTY00144,PTY00001,2026-07-22 15:56:09.258464
TXN0001594,CERT000529,PTY00001,PTY00002,2026-07-25 06:13:19.944707
TXN0001595,CERT000529,PTY00002,PTY00003,2026-07-27 04:36:54.932658
TXN0001596,CERT000529,PTY00003,PTY00118,2026-07-27 16:23:11.143581
TXN0001597,CERT000530,PTY00075,PTY00020,2026-08-16 14:56:17.080607
TXN0001598,CERT000530,PTY00020,PTY00004,2026-08-18 12:17:40.486559
TXN0001599,CERT000530,PTY00004,PTY00021,2026-08-21 01:00:27.150770
TXN0001600,CERT000530,PTY00021,PTY00019,2026-08-22 03:08:30.814247
TXN0001601,CERT000531,PTY00079,PTY00314,2026-08-24 13:20:16.195541
TXN0001602,CERT000531,PTY00314,PTY00034,2026-08-25 17:02:23.959342
TXN0001603,CERT000532,PTY00056,PTY00211,2026-09-05 14:34:34.789810
TXN0001604,CERT000532,PTY00211,PTY00005,2026-09-07 12:12:35.043445
TXN0001605,CERT000532,PTY00005,PTY00135,2026-09-08 07:26:18.832193
TXN0001606,CERT000533,PTY00109,PTY00002,2026-08-25 12:15:22.660747
TXN0001607,CERT000533,PTY00002,PTY00001,2026-08-27 09:19:36.357518
TXN0001608,CERT000533,PTY00001,PTY00102,2026-08-28 11:16:32.379907
TXN0001609,CERT000534,PTY00128,PTY00008,2026-09-07 14:32:17.169776
TXN0001610,CERT000534,PTY00008,PTY00087,2026-09-08 17:17:37.388979
TXN0001611,CERT000534,PTY00087,PTY00001,2026-09-09 04:31:08.992497
TXN0001612,CERT000534,PTY00001,PTY00111,2026-09-12 03:40:03.848249
TXN0001613,CERT000535,PTY00142,PTY00040,2026-06-15 15:03:25.912237
TXN0001614,CERT000535,PTY00040,PTY00058,2026-06-17 13:53:13.294048
TXN0001615,CERT000535,PTY00058,PTY00155,2026-06-18 10:51:43.436641
TXN0001616,CERT000535,PTY00155,PTY00006,2026-06-20 12:51:41.009174
TXN0001617,CERT000536,PTY00082,PTY00002,2026-08-08 15:42:30.872862
TXN0001618,CERT000536,PTY00002,PTY00004,2026-08-09 13:08:20.856750
TXN0001619,CERT000536,PTY00004,PTY00001,2026-08-11 03:37:05.504287
TXN0001620,CERT000536,PTY00001,PTY00014,2026-08-12 21:00:07.124773
TXN0001621,CERT000537,PTY00171,PTY00005,2026-08-27 13:44:42.454607
TXN0001622,CERT000537,PTY00005,PTY00025,2026-08-28 14:03:19.071724
TXN0001623,CERT000537,PTY00025,PTY00003,2026-08-30 23:45:41.195594
TXN0001624,CERT000538,PTY00143,PTY00015,2026-08-14 18:55:31.655990
TXN0001625,CERT000538,PTY00015,PTY00005,2026-08-15 00:15:52.286048
TXN0001626,CERT000538,PTY00005,PTY00010,2026-08-16 10:24:57.594633
TXN0001627,CERT000538,PTY00010,PTY00003,2026-08-17 14:19:35.667794
TXN0001628,CERT000539,PTY00075,PTY00002,2026-07-15 18:28:53.914584
TXN0001629,CERT000539,PTY00002,PTY00001,2026-07-18 06:25:11.797114
TXN0001630,CERT000540,PTY00008,PTY00001,2026-07-28 16:31:38.725421
TXN0001631,CERT000540,PTY00001,PTY00003,2026-07-30 19:38:55.082432
TXN0001632,CERT000541,PTY00148,PTY00002,2026-08-31 16:34:26.050408
TXN0001633,CERT000541,PTY00002,PTY00004,2026-09-02 22:33:58.906085
TXN0001634,CERT000542,PTY00025,PTY00001,2026-07-10 12:34:20.702411
TXN0001635,CERT000542,PTY00001,PTY00007,2026-07-10 21:29:44.900725
TXN0001636,CERT000542,PTY00007,PTY00012,2026-07-11 20:13:59.215879
TXN0001637,CERT000542,PTY00012,PTY00001,2026-07-13 03:15:12.867434
TXN0001638,CERT000543,PTY00047,PTY00003,2026-06-20 18:26:51.810445
TXN0001639,CERT000543,PTY00003,PTY00083,2026-06-23 15:55:58.505936
TXN0001640,CERT000543,PTY00083,PTY00003,2026-06-24 00:19:03.538035
TXN0001641,CERT000543,PTY00003,PTY00028,2026-06-26 02:48:52.867221
TXN0001642,CERT000544,PTY00162,PTY00069,2026-07-16 18:45:28.669339
TXN0001643,CERT000544,PTY00069,PTY00005,2026-07-18 11:55:28.723479
TXN0001644,CERT000544,PTY00005,PTY00001,2026-07-20 06:25:28.466276
TXN0001645,CERT000544,PTY00001,PTY00007,2026-07-21 04:52:48.492759
TXN0001646,CERT000545,PTY00049,PTY00003,2026-06-24 21:16:23.627743
TXN0001647,CERT000545,PTY00003,PTY00006,2026-06-26 20:14:29.834079
TXN0001648,CERT000545,PTY00006,PTY00002,2026-06-27 08:42:02.630655
TXN0001649,CERT000546,PTY00044,PTY00003,2026-06-25 14:59:48.224246
TXN0001650,CERT000546,PTY00003,PTY00004,2026-06-28 14:07:43.087940
TXN0001651,CERT000546,PTY00004,PTY00003,2026-06-30 13:14:55.977384
TXN0001652,CERT000547,PTY00073,PTY00002,2026-08-25 15:50:48.999145
TXN0001653,CERT000547,PTY00002,PTY00001,2026-08-28 03:19:54.356507
TXN0001654,CERT000548,PTY00083,PTY00013,2026-07-27 14:39:06.958175
TXN0001655,CERT000548,PTY00013,PTY00310,2026-07-28 09:21:54.962892
TXN0001656,CERT000548,PTY00310,PTY00001,2026-07-29 19:10:01.739310
TXN0001657,CERT000549,PTY00135,PTY00003,2026-07-21 12:52:20.330260
TXN0001658,CERT000549,PTY00003,PTY00001,2026-07-23 14:25:10.619473
TXN0001659,CERT000549,PTY00001,PTY00004,2026-07-26 07:59:48.677943
TXN0001660,CERT000550,PTY00156,PTY00038,2026-07-13 18:31:39.862552
TXN0001661,CERT000550,PTY00038,PTY00001,2026-07-14 15:00:05.926715
TXN0001662,CERT000550,PTY00001,PTY00348,2026-07-16 16:02:42.460663
TXN0001663,CERT000550,PTY00348,PTY00082,2026-07-19 00:03:38.023036
TXN0001664,CERT000551,PTY00154,PTY00001,2026-08-03 20:26:39.076396
TXN0001665,CERT000551,PTY00001,PTY00039,2026-08-06 04:43:07.330160
TXN0001666,CERT000552,PTY00072,PTY00001,2026-07-18 15:41:59.858705
TXN0001667,CERT000552,PTY00001,PTY00011,2026-07-19 05:13:53.571181
TXN0001668,CERT000552,PTY00011,PTY00007,2026-07-20 00:56:29.651880
TXN0001669,CERT000552,PTY00007,PTY00001,2026-07-21 06:17:00.255411
TXN0001670,CERT000553,PTY00104,PTY00220,2026-09-03 13:02:35.941950
TXN0001671,CERT000553,PTY00220,PTY00004,2026-09-04 20:26:04.957570
TXN0001672,CERT000554,PTY00051,PTY00008,2026-06-20 11:27:00.623990
TXN0001673,CERT000554,PTY00008,PTY00015,2026-06-23 10:04:19.970835
TXN0001674,CERT000554,PTY00015,PTY00030,2026-06-26 00:08:00.252879
TXN0001675,CERT000555,PTY00073,PTY00006,2026-08-27 10:38:36.413717
TXN0001676,CERT000555,PTY00006,PTY00003,2026-08-28 11:57:45.422200
TXN0001677,CERT000555,PTY00003,PTY00182,2026-08-29 06:10:02.473338
TXN0001678,CERT000556,PTY00130,PTY00001,2026-09-09 18:12:59.553464
TXN0001679,CERT000556,PTY00001,PTY00002,2026-09-09 21:55:25.994026
TXN0001680,CERT000556,PTY00002,PTY00019,2026-09-10 18:49:21.804751
TXN0001681,CERT000557,PTY00143,PTY00001,2026-08-05 10:26:20.774313
TXN0001682,CERT000557,PTY00001,PTY00026,2026-08-07 08:48:17.841912
TXN0001683,CERT000557,PTY00026,PTY00063,2026-08-10 06:06:05.810010
TXN0001684,CERT000558,PTY00059,PTY00007,2026-07-28 07:49:42.911102
TXN0001685,CERT000558,PTY00007,PTY00001,2026-07-29 23:21:03.855093
TXN0001686,CERT000558,PTY00001,PTY00007,2026-07-31 04:02:56.792447
TXN0001687,CERT000559,PTY00106,PTY00047,2026-08-30 15:53:05.993635
TXN0001688,CERT000559,PTY00047,PTY00006,2026-08-31 20:34:03.095368
TXN0001689,CERT000560,PTY00158,PTY00001,2026-08-29 09:00:02.534409
TXN0001690,CERT000560,PTY00001,PTY00002,2026-09-01 08:44:02.014816
TXN0001691,CERT000561,PTY00121,PTY00002,2026-09-10 04:39:22.495226
TXN0001692,CERT000561,PTY00002,PTY00023,2026-09-11 03:59:23.294082
TXN0001693,CERT000562,PTY00093,PTY00025,2026-07-09 10:52:43.631043
TXN0001694,CERT000562,PTY00025,PTY00006,2026-07-10 01:09:48.543941
TXN0001695,CERT000562,PTY00006,PTY00025,2026-07-12 22:01:34.025496
TXN0001696,CERT000562,PTY00025,PTY00006,2026-07-14 23:26:52.573021
TXN0001697,CERT000563,PTY00001,PTY00062,2026-08-27 15:33:33.211390
TXN0001698,CERT000563,PTY00062,PTY00005,2026-08-30 10:44:50.611046
TXN0001699,CERT000563,PTY00005,PTY00001,2026-09-01 16:27:42.177469
TXN0001700,CERT000564,PTY00175,PTY00001,2026-09-01 14:14:12.416748
TXN0001701,CERT000564,PTY00001,PTY00003,2026-09-03 12:19:17.156696
TXN0001702,CERT000564,PTY00003,PTY00001,2026-09-05 21:31:12.894027
TXN0001703,CERT000565,PTY00016,PTY00012,2026-09-03 19:11:58.796629
TXN0001704,CERT000565,PTY00012,PTY00008,2026-09-06 05:15:45.903008
TXN0001705,CERT000566,PTY00128,PTY00007,2026-07-18 12:18:37.854431
TXN0001706,CERT000566,PTY00007,PTY00001,2026-07-19 12:03:22.374089
TXN0001707,CERT000566,PTY00001,PTY00003,2026-07-21 22:46:58.262635
TXN0001708,CERT000567,PTY00074,PTY00085,2026-06-25 10:56:00.256264
TXN0001709,CERT000567,PTY00085,PTY00001,2026-06-27 11:00:29.047100
TXN0001710,CERT000568,PTY00153,PTY00009,2026-08-25 15:56:00.839521
TXN0001711,CERT000568,PTY00009,PTY00007,2026-08-26 20:19:45.473811
TXN0001712,CERT000569,PTY00077,PTY00001,2026-07-01 18:51:04.812166
TXN0001713,CERT000569,PTY00001,PTY00003,2026-07-02 03:52:04.694778
TXN0001714,CERT000569,PTY00003,PTY00013,2026-07-03 12:09:29.261458
TXN0001715,CERT000569,PTY00013,PTY00028,2026-07-06 02:19:14.586733
TXN0001716,CERT000570,PTY00070,PTY00002,2026-07-02 10:08:06.795722
TXN0001717,CERT000570,PTY00002,PTY00012,2026-07-03 09:59:45.672832
TXN0001718,CERT000570,PTY00012,PTY00001,2026-07-04 22:11:17.488947
TXN0001719,CERT000571,PTY00127,PTY00006,2026-08-24 16:25:08.128279
TXN0001720,CERT000571,PTY00006,PTY00097,2026-08-27 13:29:33.473247
TXN0001721,CERT000571,PTY00097,PTY00022,2026-08-30 06:49:03.982087
TXN0001722,CERT000571,PTY00022,PTY00001,2026-08-30 21:50:45.671463
TXN0001723,CERT000572,PTY00171,PTY00013,2026-08-09 16:01:17.803069
TXN0001724,CERT000572,PTY00013,PTY00001,2026-08-11 14:14:40.580948
TXN0001725,CERT000572,PTY00001,PTY00034,2026-08-14 09:06:18.779452
TXN0001726,CERT000573,PTY00001,PTY00014,2026-06-18 13:37:31.233775
TXN0001727,CERT000573,PTY00014,PTY00072,2026-06-20 20:57:08.586004
TXN0001728,CERT000574,PTY00122,PTY00001,2026-08-04 13:17:08.895732
TXN0001729,CERT000574,PTY00001,PTY00006,2026-08-05 12:38:00.655307
TXN0001730,CERT000574,PTY00006,PTY00304,2026-08-06 22:43:46.585156
TXN0001731,CERT000575,PTY00091,PTY00001,2026-08-09 22:42:51.415513
TXN0001732,CERT000575,PTY00001,PTY00002,2026-08-10 05:23:49.977951
TXN0001733,CERT000576,PTY00106,PTY00004,2026-07-26 17:03:23.503312
TXN0001734,CERT000576,PTY00004,PTY00002,2026-07-27 16:08:15.822354
TXN0001735,CERT000576,PTY00002,PTY00116,2026-07-28 22:01:14.484773
TXN0001736,CERT000577,PTY00159,PTY00002,2026-07-13 09:19:03.568147
TXN0001737,CERT000577,PTY00002,PTY00003,2026-07-14 04:48:44.193354
TXN0001738,CERT000577,PTY00003,PTY00055,2026-07-15 08:24:45.523581
TXN0001739,CERT000578,PTY00090,PTY00156,2026-07-27 01:21:42.860349
TXN0001740,CERT000578,PTY00156,PTY00058,2026-07-28 06:18:57.796259
TXN0001741,CERT000578,PTY00058,PTY00001,2026-07-28 07:33:38.630608
TXN0001742,CERT000579,PTY00137,PTY00002,2026-06-18 16:17:56.741121
TXN0001743,CERT000579,PTY00002,PTY00001,2026-06-19 07:38:12.826090
TXN0001744,CERT000579,PTY00001,PTY00002,2026-06-20 18:50:12.219760
TXN0001745,CERT000579,PTY00002,PTY00006,2026-06-23 15:12:41.317316
TXN0001746,CERT000580,PTY00138,PTY00001,2026-07-08 15:47:34.184540
TXN0001747,CERT000580,PTY00001,PTY00002,2026-07-10 05:57:02.059714
TXN0001748,CERT000580,PTY00002,PTY00021,2026-07-11 22:14:16.472957
TXN0001749,CERT000581,PTY00009,PTY00011,2026-08-24 12:42:47.144538
TXN0001750,CERT000581,PTY00011,PTY00001,2026-08-25 07:33:38.340801
TXN0001751,CERT000581,PTY00001,PTY00004,2026-08-27 04:21:22.229907
TXN0001752,CERT000581,PTY00004,PTY00001,2026-08-28 10:40:58.921244
TXN0001753,CERT000582,PTY00095,PTY00212,2026-07-27 20:20:50.805761
TXN0001754,CERT000582,PTY00212,PTY00091,2026-07-29 02:29:56.408126
TXN0001755,CERT000582,PTY00091,PTY00002,2026-07-31 05:15:53.852768
TXN0001756,CERT000583,PTY00156,PTY00003,2026-08-07 07:15:55.516598
TXN0001757,CERT000583,PTY00003,PTY00070,2026-08-09 23:52:36.373850
TXN0001758,CERT000583,PTY00070,PTY00001,2026-08-10 15:01:22.598016
TXN0001759,CERT000584,PTY00120,PTY00081,2026-07-16 03:39:52.822184
TXN0001760,CERT000584,PTY00081,PTY00009,2026-07-18 06:56:36.393570
TXN0001761,CERT000585,PTY00107,PTY00002,2026-09-05 13:38:12.837295
TXN0001762,CERT000585,PTY00002,PTY00012,2026-09-08 10:31:55.858461
TXN0001763,CERT000585,PTY00012,PTY00021,2026-09-09 16:18:19.491575
TXN0001764,CERT000585,PTY00021,PTY00017,2026-09-12 12:44:01.324218
TXN0001765,CERT000586,PTY00106,PTY00001,2026-06-24 13:11:07.699566
TXN0001766,CERT000586,PTY00001,PTY00010,2026-06-26 14:41:53.201190
TXN0001767,CERT000587,PTY00037,PTY00001,2026-07-02 05:54:37.202055
TXN0001768,CERT000587,PTY00001,PTY00073,2026-07-03 11:46:53.122272
TXN0001769,CERT000587,PTY00073,PTY00024,2026-07-06 00:09:55.941734
TXN0001770,CERT000587,PTY00024,PTY00003,2026-07-07 19:07:24.056588
TXN0001771,CERT000588,PTY00067,PTY00009,2026-07-28 18:54:11.229102
TXN0001772,CERT000588,PTY00009,PTY00013,2026-07-30 20:22:28.966923
TXN0001773,CERT000589,PTY00110,PTY00002,2026-08-23 02:50:03.202170
TXN0001774,CERT000589,PTY00002,PTY00005,2026-08-25 17:52:58.094621
TXN0001775,CERT000589,PTY00005,PTY00002,2026-08-26 03:59:27.001157
TXN0001776,CERT000589,PTY00002,PTY00001,2026-08-27 12:45:48.070814
TXN0001777,CERT000590,PTY00078,PTY00002,2026-09-04 14:21:09.923364
TXN0001778,CERT000590,PTY00002,PTY00001,2026-09-04 16:53:21.566066
TXN0001779,CERT000590,PTY00001,PTY00045,2026-09-04 23:11:59.589294
TXN0001780,CERT000590,PTY00045,PTY00320,2026-09-07 00:06:37.556700
TXN0001781,CERT000591,PTY00161,PTY00001,2026-06-24 22:33:53.900967
TXN0001782,CERT000591,PTY00001,PTY00002,2026-06-27 11:03:02.154979
TXN0001783,CERT000591,PTY00002,PTY00001,2026-06-29 13:33:46.876862
TXN0001784,CERT000592,PTY00107,PTY00048,2026-08-12 20:59:07.956005
TXN0001785,CERT000592,PTY00048,PTY00006,2026-08-14 11:13:41.419189
TXN0001786,CERT000592,PTY00006,PTY00034,2026-08-16 17:25:51.491144
TXN0001787,CERT000593,PTY00101,PTY00005,2026-07-18 02:32:57.726216
TXN0001788,CERT000593,PTY00005,PTY00002,2026-07-20 13:27:30.650894
TXN0001789,CERT000593,PTY00002,PTY00001,2026-07-20 20:17:41.377166
TXN0001790,CERT000593,PTY00001,PTY00004,2026-07-22 03:25:32.078815
TXN0001791,CERT000594,PTY00033,PTY00116,2026-08-03 12:20:13.359927
TXN0001792,CERT000594,PTY00116,PTY00015,2026-08-04 10:42:25.511694
TXN0001793,CERT000594,PTY00015,PTY00001,2026-08-05 14:40:08.214725
TXN0001794,CERT000595,PTY00174,PTY00214,2026-07-08 18:52:01.373637
TXN0001795,CERT000595,PTY00214,PTY00310,2026-07-09 17:19:36.318977
TXN0001796,CERT000595,PTY00310,PTY00001,2026-07-10 06:05:19.824584
TXN0001797,CERT000595,PTY00001,PTY00006,2026-07-11 05:32:54.771773
TXN0001798,CERT000596,PTY00054,PTY00174,2026-07-28 19:29:02.266354
TXN0001799,CERT000596,PTY00174,PTY00010,2026-07-29 04:53:36.970510
TXN0001800,CERT000596,PTY00010,PTY00054,2026-07-30 05:02:46.528172
TXN0001801,CERT000597,PTY00149,PTY00003,2026-08-14 13:53:38.556484
TXN0001802,CERT000597,PTY00003,PTY00004,2026-08-14 19:21:23.189847
TXN0001803,CERT000597,PTY00004,PTY00093,2026-08-16 11:02:18.130680
TXN0001804,CERT000598,PTY00136,PTY00002,2026-08-25 13:33:13.400249
TXN0001805,CERT000598,PTY00002,PTY00001,2026-08-28 05:01:01.829579
TXN0001806,CERT000598,PTY00001,PTY00007,2026-08-30 02:24:25.076616
TXN0001807,CERT000598,PTY00007,PTY00003,2026-09-01 17:21:33.078708
TXN0001808,CERT000599,PTY00056,PTY00001,2026-08-27 20:27:49.336397
TXN0001809,CERT000599,PTY00001,PTY00003,2026-08-29 05:09:40.747972
TXN0001810,CERT000599,PTY00003,PTY00001,2026-08-29 08:48:34.768005
TXN0001811,CERT000600,PTY00087,PTY00039,2026-08-05 15:29:54.853210
TXN0001812,CERT000600,PTY00039,PTY00005,2026-08-07 13:21:56.918515
TXN0001813,CERT000601,PTY00055,PTY00145,2026-07-04 20:57:44.165202
TXN0001814,CERT000601,PTY00145,PTY00067,2026-07-05 04:55:11.621265
TXN0001815,CERT000601,PTY00067,PTY00008,2026-07-07 15:17:41.720679
TXN0001816,CERT000602,PTY00172,PTY00002,2026-08-21 14:12:41.889970
TXN0001817,CERT000602,PTY00002,PTY00011,2026-08-22 18:22:44.969205
TXN0001818,CERT000602,PTY00011,PTY00007,2026-08-25 05:09:19.033552
TXN0001819,CERT000603,PTY00020,PTY00003,2026-06-21 11:03:30.918454
TXN0001820,CERT000603,PTY00003,PTY00002,2026-06-24 10:01:08.323512
TXN0001821,CERT000603,PTY00002,PTY00003,2026-06-26 00:24:59.237723
TXN0001822,CERT000604,PTY00122,PTY00001,2026-06-23 07:12:16.792014
TXN0001823,CERT000604,PTY00001,PTY00002,2026-06-23 19:32:57.981690
TXN0001824,CERT000604,PTY00002,PTY00003,2026-06-24 07:35:34.029078
TXN0001825,CERT000605,PTY00062,PTY00103,2026-07-07 09:17:42.403555
TXN0001826,CERT000605,PTY00103,PTY00001,2026-07-08 14:54:02.521735
TXN0001827,CERT000606,PTY00112,PTY00032,2026-07-23 18:55:28.944753
TXN0001828,CERT000606,PTY00032,PTY00001,2026-07-26 02:06:36.317715
TXN0001829,CERT000606,PTY00001,PTY00034,2026-07-27 15:18:01.441258
TXN0001830,CERT000606,PTY00034,PTY00085,2026-07-30 08:48:00.291432
TXN0001831,CERT000607,PTY00016,PTY00007,2026-09-06 19:17:41.128808
TXN0001832,CERT000607,PTY00007,PTY00001,2026-09-07 19:20:33.295943
TXN0001833,CERT000607,PTY00001,PTY00003,2026-09-10 11:56:56.885592
TXN0001834,CERT000607,PTY00003,PTY00020,2026-09-10 20:26:59.197763
TXN0001835,CERT000608,PTY00044,PTY00002,2026-08-25 03:01:06.917611
TXN0001836,CERT000608,PTY00002,PTY00001,2026-08-26 17:14:21.137694
TXN0001837,CERT000608,PTY00001,PTY00003,2026-08-29 05:06:43.578841
TXN0001838,CERT000609,PTY00171,PTY00010,2026-08-30 19:29:08.645111
TXN0001839,CERT000609,PTY00010,PTY00002,2026-09-02 08:44:28.358599
TXN0001840,CERT000609,PTY00002,PTY00001,2026-09-03 04:58:26.834264
TXN0001841,CERT000609,PTY00001,PTY00002,2026-09-04 07:50:54.327241
TXN0001842,CERT000610,PTY00126,PTY00169,2026-07-21 03:24:27.334372
TXN0001843,CERT000610,PTY00169,PTY00009,2026-07-22 17:28:10.905031
TXN0001844,CERT000610,PTY00009,PTY00006,2026-07-23 21:37:23.516043
TXN0001845,CERT000610,PTY00006,PTY00315,2026-07-26 00:40:46.949970
TXN0001846,CERT000611,PTY00023,PTY00021,2026-09-01 15:14:00.714882
TXN0001847,CERT000611,PTY00021,PTY00014,2026-09-03 16:47:46.087884
TXN0001848,CERT000612,PTY00075,PTY00002,2026-07-17 12:54:33.329287
TXN0001849,CERT000612,PTY00002,PTY00010,2026-07-18 04:54:30.038482
TXN0001850,CERT000612,PTY00010,PTY00001,2026-07-19 15:21:58.213842
TXN0001851,CERT000612,PTY00001,PTY00108,2026-07-21 01:36:57.096416
TXN0001852,CERT000613,PTY00023,PTY00001,2026-06-22 13:25:49.286918
TXN0001853,CERT000613,PTY00001,PTY00012,2026-06-23 14:16:33.650052
TXN0001854,CERT000614,PTY00138,PTY00005,2026-07-30 13:30:36.511808
TXN0001855,CERT000614,PTY00005,PTY00011,2026-07-31 08:36:07.946080
TXN0001856,CERT000615,PTY00123,PTY00032,2026-07-24 17:09:22.030516
TXN0001857,CERT000615,PTY00032,PTY00085,2026-07-26 04:28:18.167945
TXN0001858,CERT000616,PTY00082,PTY00001,2026-08-10 22:41:30.370261
TXN0001859,CERT000616,PTY00001,PTY00085,2026-08-11 20:30:17.084683
TXN0001860,CERT000616,PTY00085,PTY00003,2026-08-12 13:42:53.229473
TXN0001861,CERT000617,PTY00113,PTY00004,2026-07-19 09:46:43.523798
TXN0001862,CERT000617,PTY00004,PTY00002,2026-07-20 23:19:40.377261
TXN0001863,CERT000617,PTY00002,PTY00045,2026-07-21 05:43:51.807132
TXN0001864,CERT000618,PTY00135,PTY00051,2026-08-23 20:47:45.734213
TXN0001865,CERT000618,PTY00051,PTY00085,2026-08-24 09:40:01.320505
TXN0001866,CERT000618,PTY00085,PTY00003,2026-08-26 06:41:41.316888
TXN0001867,CERT000618,PTY00003,PTY00008,2026-08-28 20:49:43.379753
TXN0001868,CERT000619,PTY00141,PTY00001,2026-06-27 16:37:08.523050
TXN0001869,CERT000619,PTY00001,PTY00188,2026-06-29 10:03:45.977701
TXN0001870,CERT000620,PTY00130,PTY00007,2026-08-24 16:40:20.374483
TXN0001871,CERT000620,PTY00007,PTY00001,2026-08-26 18:24:26.995826
TXN0001872,CERT000620,PTY00001,PTY00007,2026-08-28 08:08:29.824508
TXN0001873,CERT000620,PTY00007,PTY00001,2026-08-30 15:25:30.499783
TXN0001874,CERT000621,PTY00037,PTY00057,2026-06-14 18:55:24.208422
TXN0001875,CERT000621,PTY00057,PTY00001,2026-06-15 07:07:17.521468
TXN0001876,CERT000621,PTY00001,PTY00016,2026-06-18 00:04:51.453628
TXN0001877,CERT000622,PTY00103,PTY00003,2026-07-09 13:10:44.722090
TXN0001878,CERT000622,PTY00003,PTY00009,2026-07-11 16:02:36.312989
TXN0001879,CERT000622,PTY00009,PTY00025,2026-07-13 05:26:45.878884
TXN0001880,CERT000622,PTY00025,PTY00032,2026-07-14 17:45:04.828731
TXN0001881,CERT000623,PTY00127,PTY00002,2026-07-13 14:26:45.089190
TXN0001882,CERT000623,PTY00002,PTY00003,2026-07-16 09:30:35.986675
TXN0001883,CERT000623,PTY00003,PTY00009,2026-07-16 16:28:15.064380
TXN0001884,CERT000624,PTY00031,PTY00001,2026-08-10 13:20:33.959482
TXN0001885,CERT000624,PTY00001,PTY00009,2026-08-13 01:54:45.836450
TXN0001886,CERT000624,PTY00009,PTY00016,2026-08-14 05:08:14.270498
TXN0001887,CERT000625,PTY00164,PTY00014,2026-06-30 15:52:27.261414
TXN0001888,CERT000625,PTY00014,PTY00024,2026-07-01 05:19:19.482408
TXN0001889,CERT000626,PTY00046,PTY00010,2026-07-10 16:23:46.344495
TXN0001890,CERT000626,PTY00010,PTY00003,2026-07-12 16:45:11.936248
TXN0001891,CERT000626,PTY00003,PTY00001,2026-07-15 06:12:48.401766
TXN0001892,CERT000626,PTY00001,PTY00002,2026-07-15 17:46:26.731689
TXN0001893,CERT000627,PTY00079,PTY00001,2026-06-25 10:29:52.033976
TXN0001894,CERT000627,PTY00001,PTY00029,2026-06-26 14:02:25.559949
TXN0001895,CERT000628,PTY00067,PTY00007,2026-08-08 19:25:55.610992
TXN0001896,CERT000628,PTY00007,PTY00018,2026-08-09 19:44:43.750247
TXN0001897,CERT000628,PTY00018,PTY00004,2026-08-12 13:47:31.952701
TXN0001898,CERT000629,PTY00177,PTY00116,2026-07-25 01:06:21.812161
TXN0001899,CERT000629,PTY00116,PTY00001,2026-07-26 07:05:26.581243
TXN0001900,CERT000629,PTY00001,PTY00024,2026-07-28 20:09:06.745658
TXN0001901,CERT000629,PTY00024,PTY00002,2026-07-29 13:40:05.554058
TXN0001902,CERT000630,PTY00043,PTY00020,2026-08-25 17:02:28.256131
TXN0001903,CERT000630,PTY00020,PTY00032,2026-08-25 20:19:34.589593
TXN0001904,CERT000630,PTY00032,PTY00001,2026-08-28 05:22:20.874345
TXN0001905,CERT000631,PTY00051,PTY00002,2026-08-15 20:49:43.778844
TXN0001906,CERT000631,PTY00002,PTY00096,2026-08-16 20:34:00.121127
TXN0001907,CERT000631,PTY00096,PTY00003,2026-08-17 13:51:14.921311
TXN0001908,CERT000632,PTY00011,PTY00023,2026-08-11 12:52:53.105838
TXN0001909,CERT000632,PTY00023,PTY00026,2026-08-12 20:21:20.984288
TXN0001910,CERT000633,PTY00010,PTY00089,2026-08-02 15:22:52.170995
TXN0001911,CERT000633,PTY00089,PTY00092,2026-08-03 17:01:36.503337
TXN0001912,CERT000633,PTY00092,PTY00001,2026-08-05 09:37:22.787495
TXN0001913,CERT000633,PTY00001,PTY00010,2026-08-05 15:50:48.999902
TXN0001914,CERT000634,PTY00116,PTY00061,2026-07-08 14:09:19.290156
TXN0001915,CERT000634,PTY00061,PTY00001,2026-07-09 17:37:14.885405
TXN0001916,CERT000635,PTY00094,PTY00003,2026-08-30 14:07:56.665736
TXN0001917,CERT000635,PTY00003,PTY00009,2026-09-01 09:24:09.482429
TXN0001918,CERT000635,PTY00009,PTY00003,2026-09-02 10:48:28.852160
TXN0001919,CERT000635,PTY00003,PTY00094,2026-09-03 11:35:01.599071
TXN0001920,CERT000636,PTY00068,PTY00109,2026-08-13 12:30:00.955919
TXN0001921,CERT000636,PTY00109,PTY00004,2026-08-15 22:33:12.834837
TXN0001922,CERT000636,PTY00004,PTY00001,2026-08-17 12:59:49.447754
TXN0001923,CERT000637,PTY00024,PTY00011,2026-06-30 01:42:44.693176
TXN0001924,CERT000637,PTY00011,PTY00002,2026-06-30 17:16:23.488221
TXN0001925,CERT000637,PTY00002,PTY00017,2026-07-01 00:45:32.350686
TXN0001926,CERT000638,PTY00075,PTY00267,2026-06-26 16:49:58.928363
TXN0001927,CERT000638,PTY00267,PTY00001,2026-06-27 23:08:09.323805
TXN0001928,CERT000638,PTY00001,PTY00247,2026-06-29 04:33:28.789648
TXN0001929,CERT000639,PTY00142,PTY00003,2026-08-05 13:13:31.436255
TXN0001930,CERT000639,PTY00003,PTY00004,2026-08-07 01:19:18.158057
TXN0001931,CERT000639,PTY00004,PTY00007,2026-08-08 04:04:54.957845
TXN0001932,CERT000639,PTY00007,PTY00006,2026-08-10 19:26:07.046751
TXN0001933,CERT000640,PTY00106,PTY00011,2026-08-16 17:24:04.267895
TXN0001934,CERT000640,PTY00011,PTY00003,2026-08-17 01:08:18.961492
TXN0001935,CERT000640,PTY00003,PTY00008,2026-08-17 22:05:36.458764
TXN0001936,CERT000640,PTY00008,PTY00001,2026-08-18 04:32:38.036778
TXN0001937,CERT000641,PTY00137,PTY00083,2026-08-22 16:38:42.917265
TXN0001938,CERT000641,PTY00083,PTY00012,2026-08-25 04:26:27.452234
TXN0001939,CERT000641,PTY00012,PTY00026,2026-08-27 20:06:21.449659
TXN0001940,CERT000642,PTY00007,PTY00040,2026-08-01 00:45:26.889698
TXN0001941,CERT000642,PTY00040,PTY00001,2026-08-02 16:56:09.570609
TXN0001942,CERT000643,PTY00125,PTY00011,2026-06-17 18:29:04.861850
TXN0001943,CERT000643,PTY00011,PTY00089,2026-06-18 21:57:46.314909
TXN0001944,CERT000643,PTY00089,PTY00006,2026-06-18 23:49:41.452948
TXN0001945,CERT000644,PTY00089,PTY00004,2026-08-26 15:03:57.749442
TXN0001946,CERT000644,PTY00004,PTY00015,2026-08-27 21:10:28.974669
TXN0001947,CERT000645,PTY00085,PTY00025,2026-08-03 15:48:48.277791
TXN0001948,CERT000645,PTY00025,PTY00165,2026-08-04 23:15:08.132338
TXN0001949,CERT000646,PTY00009,PTY00001,2026-08-17 16:09:13.946592
TXN0001950,CERT000646,PTY00001,PTY00014,2026-08-17 19:12:43.005924
TXN0001951,CERT000646,PTY00014,PTY00005,2026-08-20 07:44:44.251397
TXN0001952,CERT000647,PTY00014,PTY00001,2026-07-27 12:11:31.161514
TXN0001953,CERT000647,PTY00001,PTY00021,2026-07-27 14:56:30.680850
TXN0001954,CERT000647,PTY00021,PTY00014,2026-07-29 08:08:35.506391
TXN0001955,CERT000648,PTY00170,PTY00001,2026-09-10 22:35:23.211088
TXN0001956,CERT000648,PTY00001,PTY00002,2026-09-12 02:19:14.105018
TXN0001957,CERT000648,PTY00002,PTY00001,2026-09-14 09:55:02.285715
TXN0001958,CERT000649,PTY00148,PTY00010,2026-06-25 17:42:33.920560
TXN0001959,CERT000649,PTY00010,PTY00002,2026-06-28 10:24:01.809476
TXN0001960,CERT000649,PTY00002,PTY00001,2026-06-30 13:01:00.350042
TXN0001961,CERT000650,PTY00065,PTY00037,2026-09-02 06:50:23.624544
TXN0001962,CERT000650,PTY00037,PTY00074,2026-09-02 16:13:01.154992
TXN0001963,CERT000651,PTY00141,PTY00036,2026-07-21 10:45:15.539330
TXN0001964,CERT000651,PTY00036,PTY00003,2026-07-22 09:54:46.233036
TXN0001965,CERT000652,PTY00030,PTY00003,2026-09-08 01:30:23.680765
TXN0001966,CERT000652,PTY00003,PTY00009,2026-09-10 12:14:25.127737
TXN0001967,CERT000652,PTY00009,PTY00001,2026-09-11 04:24:52.254398
TXN0001968,CERT000653,PTY00131,PTY00001,2026-07-10 23:52:14.445409
TXN0001969,CERT000653,PTY00001,PTY00012,2026-07-13 10:10:45.504106
TXN0001970,CERT000653,PTY00012,PTY00005,2026-07-16 05:38:56.062015
TXN0001971,CERT000653,PTY00005,PTY00033,2026-07-16 17:44:31.043359
TXN0001972,CERT000654,PTY00032,PTY00001,2026-08-23 03:23:48.739639
TXN0001973,CERT000654,PTY00001,PTY00009,2026-08-25 14:04:52.480562
TXN0001974,CERT000654,PTY00009,PTY00018,2026-08-27 09:02:32.070104
TXN0001975,CERT000654,PTY00018,PTY00004,2026-08-28 16:22:51.494755
TXN0001976,CERT000655,PTY00117,PTY00009,2026-08-18 00:34:54.787643
TXN0001977,CERT000655,PTY00009,PTY00230,2026-08-19 01:48:59.911615
TXN0001978,CERT000655,PTY00230,PTY00027,2026-08-21 15:16:31.185446
TXN0001979,CERT000656,PTY00070,PTY00037,2026-09-05 13:41:01.558804
TXN0001980,CERT000656,PTY00037,PTY00009,2026-09-05 19:34:01.894912
TXN0001981,CERT000656,PTY00009,PTY00002,2026-09-08 14:58:45.600755
TXN0001982,CERT000656,PTY00002,PTY00063,2026-09-09 12:15:10.375674
TXN0001983,CERT000657,PTY00075,PTY00003,2026-07-07 11:36:15.837243
TXN0001984,CERT000657,PTY00003,PTY00013,2026-07-10 09:13:16.574701
TXN0001985,CERT000657,PTY00013,PTY00002,2026-07-10 14:38:21.073231
TXN0001986,CERT000657,PTY00002,PTY00093,2026-07-10 18:20:01.024280
TXN0001987,CERT000658,PTY00179,PTY00001,2026-06-23 20:36:13.225993
TXN0001988,CERT000658,PTY00001,PTY00002,2026-06-24 02:39:31.971163
TXN0001989,CERT000658,PTY00002,PTY00082,2026-06-26 10:01:56.980967
TXN0001990,CERT000658,PTY00082,PTY00001,2026-06-28 07:05:08.594921
TXN0001991,CERT000659,PTY00112,PTY00001,2026-08-26 02:05:54.029191
TXN0001992,CERT000659,PTY00001,PTY00030,2026-08-27 09:16:41.454367
TXN0001993,CERT000659,PTY00030,PTY00114,2026-08-27 22:08:01.001065
TXN0001994,CERT000659,PTY00114,PTY00001,2026-08-28 03:37:21.142177
TXN0001995,CERT000660,PTY00138,PTY00002,2026-09-11 13:14:51.835243
TXN0001996,CERT000660,PTY00002,PTY00001,2026-09-13 18:59:58.883897
TXN0001997,CERT000660,PTY00001,PTY00008,2026-09-14 22:37:39.438770
TXN0001998,CERT000660,PTY00008,PTY00002,2026-09-15 13:26:21.300354
TXN0001999,CERT000661,PTY00058,PTY00061,2026-09-01 10:05:38.524184
TXN0002000,CERT000661,PTY00061,PTY00015,2026-09-01 13:37:46.242756
TXN0002001,CERT000661,PTY00015,PTY00002,2026-09-03 00:39:01.927950
TXN0002002,CERT000662,PTY00086,PTY00021,2026-08-22 19:58:28.632194
TXN0002003,CERT000662,PTY00021,PTY00034,2026-08-24 15:37:21.909301
TXN0002004,CERT000663,PTY00172,PTY00002,2026-07-18 20:32:39.986742
TXN0002005,CERT000663,PTY00002,PTY00001,2026-07-20 19:14:34.721650
TXN0002006,CERT000664,PTY00076,PTY00001,2026-08-17 17:55:54.423109
TXN0002007,CERT000664,PTY00001,PTY00008,2026-08-19 15:00:07.445760
TXN0002008,CERT000664,PTY00008,PTY00001,2026-08-21 03:18:50.443951
TXN0002009,CERT000664,PTY00001,PTY00025,2026-08-22 21:46:59.224130
TXN0002010,CERT000665,PTY00077,PTY00009,2026-09-08 01:00:00.362521
TXN0002011,CERT000665,PTY00009,PTY00012,2026-09-09 15:54:51.351870
TXN0002012,CERT000665,PTY00012,PTY00001,2026-09-11 21:43:49.161507
TXN0002013,CERT000665,PTY00001,PTY00008,2026-09-12 19:39:37.915939
TXN0002014,CERT000666,PTY00143,PTY00012,2026-07-23 16:50:47.092321
TXN0002015,CERT000666,PTY00012,PTY00001,2026-07-25 15:56:19.873474
TXN0002016,CERT000666,PTY00001,PTY00003,2026-07-28 09:05:35.684517
TXN0002017,CERT000667,PTY00125,PTY00002,2026-06-30 20:24:11.288536
TXN0002018,CERT000667,PTY00002,PTY00001,2026-07-01 08:47:34.054045
TXN0002019,CERT000667,PTY00001,PTY00003,2026-07-03 06:10:09.817225
TXN0002020,CERT000667,PTY00003,PTY00035,2026-07-04 06:40:07.971357
TXN0002021,CERT000668,PTY00030,PTY00001,2026-06-18 11:35:19.848263
TXN0002022,CERT000668,PTY00001,PTY00257,2026-06-18 17:35:24.308677
TXN0002023,CERT000668,PTY00257,PTY00003,2026-06-20 09:31:17.967501
TXN0002024,CERT000669,PTY00046,PTY00001,2026-07-22 09:48:31.459877
TXN0002025,CERT000669,PTY00001,PTY00019,2026-07-25 06:48:30.988102
TXN0002026,CERT000670,PTY00150,PTY00001,2026-07-25 12:18:32.009189
TXN0002027,CERT000670,PTY00001,PTY00022,2026-07-28 04:25:59.557909
TXN0002028,CERT000670,PTY00022,PTY00003,2026-07-30 20:53:57.781261
TXN0002029,CERT000671,PTY00061,PTY00004,2026-08-22 01:59:15.279155
TXN0002030,CERT000671,PTY00004,PTY00001,2026-08-24 12:53:09.982991
TXN0002031,CERT000671,PTY00001,PTY00006,2026-08-24 20:45:06.090337
TXN0002032,CERT000671,PTY00006,PTY00265,2026-08-26 10:05:56.913827
TXN0002033,CERT000672,PTY00111,PTY00224,2026-08-21 12:47:08.525377
TXN0002034,CERT000672,PTY00224,PTY00001,2026-08-23 16:01:19.163150
TXN0002035,CERT000672,PTY00001,PTY00031,2026-08-24 13:17:22.156455
TXN0002036,CERT000673,PTY00076,PTY00019,2026-07-13 07:49:20.274067
TXN0002037,CERT000673,PTY00019,PTY00002,2026-07-13 16:32:48.492402
TXN0002038,CERT000674,PTY00144,PTY00047,2026-08-21 16:41:23.870155
TXN0002039,CERT000674,PTY00047,PTY00009,2026-08-22 16:45:21.886186
TXN0002040,CERT000674,PTY00009,PTY00004,2026-08-24 01:20:20.244428
TXN0002041,CERT000675,PTY00110,PTY00038,2026-07-18 23:07:20.398547
TXN0002042,CERT000675,PTY00038,PTY00001,2026-07-19 17:07:25.049027
TXN0002043,CERT000676,PTY00140,PTY00001,2026-06-21 17:12:22.283281
TXN0002044,CERT000676,PTY00001,PTY00013,2026-06-23 06:23:59.411827
TXN0002045,CERT000676,PTY00013,PTY00004,2026-06-23 22:41:02.110470
TXN0002046,CERT000676,PTY00004,PTY00016,2026-06-24 05:42:12.037895
TXN0002047,CERT000677,PTY00025,PTY00001,2026-08-02 04:42:53.983781
TXN0002048,CERT000677,PTY00001,PTY00003,2026-08-03 01:56:42.042073
TXN0002049,CERT000677,PTY00003,PTY00010,2026-08-03 14:22:03.830868
TXN0002050,CERT000677,PTY00010,PTY00124,2026-08-05 06:43:38.677897
TXN0002051,CERT000678,PTY00014,PTY00001,2026-07-23 15:18:06.936600
TXN0002052,CERT000678,PTY00001,PTY00172,2026-07-25 19:24:17.953768
TXN0002053,CERT000679,PTY00072,PTY00001,2026-07-29 15:22:58.124324
TXN0002054,CERT000679,PTY00001,PTY00007,2026-07-29 18:05:22.159592
TXN0002055,CERT000679,PTY00007,PTY00116,2026-07-29 19:50:23.052094
TXN0002056,CERT000680,PTY00128,PTY00199,2026-06-21 12:02:54.719516
TXN0002057,CERT000680,PTY00199,PTY00001,2026-06-21 13:04:42.871176
TXN0002058,CERT000680,PTY00001,PTY00002,2026-06-21 17:15:56.349175
TXN0002059,CERT000680,PTY00002,PTY00043,2026-06-24 05:40:26.472053
TXN0002060,CERT000681,PTY00088,PTY00001,2026-07-26 13:23:45.299253
TXN0002061,CERT000681,PTY00001,PTY00005,2026-07-28 18:53:07.728361
TXN0002062,CERT000682,PTY00038,PTY00003,2026-08-18 09:32:44.575139
TXN0002063,CERT000682,PTY00003,PTY00001,2026-08-21 02:45:45.511825
TXN0002064,CERT000683,PTY00058,PTY00010,2026-07-14 18:12:10.009671
TXN0002065,CERT000683,PTY00010,PTY00001,2026-07-16 08:30:14.908784
TXN0002066,CERT000683,PTY00001,PTY00060,2026-07-16 12:39:53.927205
TXN0002067,CERT000684,PTY00052,PTY00011,2026-07-03 15:25:19.489017
TXN0002068,CERT000684,PTY00011,PTY00002,2026-07-06 05:35:05.577728
TXN0002069,CERT000685,PTY00179,PTY00003,2026-08-06 04:09:43.044571
TXN0002070,CERT000685,PTY00003,PTY00004,2026-08-08 01:58:56.233368
TXN0002071,CERT000685,PTY00004,PTY00001,2026-08-08 05:43:38.594875
TXN0002072,CERT000685,PTY00001,PTY00002,2026-08-09 03:01:18.824651
TXN0002073,CERT000686,PTY00070,PTY00018,2026-07-26 16:45:42.416352
TXN0002074,CERT000686,PTY00018,PTY00097,2026-07-28 21:37:46.400921
TXN0002075,CERT000686,PTY00097,PTY00036,2026-07-31 03:35:32.401257
TXN0002076,CERT000686,PTY00036,PTY00008,2026-08-01 10:54:25.011612
TXN0002077,CERT000687,PTY00034,PTY00009,2026-06-19 16:32:45.067039
TXN0002078,CERT000687,PTY00009,PTY00001,2026-06-20 14:11:09.228208
TXN0002079,CERT000687,PTY00001,PTY00011,2026-06-21 10:45:21.628784
TXN0002080,CERT000687,PTY00011,PTY00001,2026-06-23 01:12:03.410985
TXN0002081,CERT000688,PTY00079,PTY00357,2026-06-29 15:47:38.741514
TXN0002082,CERT000688,PTY00357,PTY00025,2026-07-01 18:51:08.108513
TXN0002083,CERT000688,PTY00025,PTY00002,2026-07-02 19:20:05.033608
TXN0002084,CERT000689,PTY00125,PTY00047,2026-07-11 10:54:40.610693
TXN0002085,CERT000689,PTY00047,PTY00001,2026-07-12 14:29:42.152309
TXN0002086,CERT000689,PTY00001,PTY00003,2026-07-15 10:10:43.465871
TXN0002087,CERT000689,PTY00003,PTY00014,2026-07-15 14:47:16.294844
TXN0002088,CERT000690,PTY00043,PTY00028,2026-06-24 22:41:40.006442
TXN0002089,CERT000690,PTY00028,PTY00012,2026-06-27 19:45:06.410874
TXN0002090,CERT000690,PTY00012,PTY00006,2026-06-29 17:55:45.373791
TXN0002091,CERT000691,PTY00068,PTY00016,2026-08-06 15:38:17.742895
TXN0002092,CERT000691,PTY00016,PTY00002,2026-08-07 03:05:47.966859
TXN0002093,CERT000691,PTY00002,PTY00005,2026-08-08 12:27:11.890473
TXN0002094,CERT000691,PTY00005,PTY00379,2026-08-10 08:50:56.822133
TXN0002095,CERT000692,PTY00099,PTY00002,2026-09-01 07:44:30.630962
TXN0002096,CERT000692,PTY00002,PTY00001,2026-09-03 12:29:45.908757
TXN0002097,CERT000692,PTY00001,PTY00003,2026-09-03 18:26:28.006550
TXN0002098,CERT000692,PTY00003,PTY00002,2026-09-03 22:15:02.344389
TXN0002099,CERT000693,PTY00015,PTY00100,2026-06-20 09:49:37.311394
TXN0002100,CERT000693,PTY00100,PTY00232,2026-06-22 10:12:51.909729
TXN0002101,CERT000693,PTY00232,PTY00236,2026-06-24 22:19:13.286537
TXN0002102,CERT000694,PTY00023,PTY00005,2026-08-18 11:18:29.011516
TXN0002103,CERT000694,PTY00005,PTY00207,2026-08-19 16:02:59.358283
TXN0002104,CERT000694,PTY00207,PTY00002,2026-08-21 16:19:10.789106
TXN0002105,CERT000694,PTY00002,PTY00038,2026-08-23 13:46:51.340769
TXN0002106,CERT000695,PTY00047,PTY00020,2026-06-18 18:12:52.019093
TXN0002107,CERT000695,PTY00020,PTY00251,2026-06-20 16:47:50.691336
TXN0002108,CERT000695,PTY00251,PTY00003,2026-06-21 15:28:16.246827
TXN0002109,CERT000695,PTY00003,PTY00001,2026-06-22 07:35:20.119770
TXN0002110,CERT000696,PTY00043,PTY00340,2026-09-11 07:05:27.132534
TXN0002111,CERT000696,PTY00340,PTY00001,2026-09-11 21:28:00.378836
TXN0002112,CERT000697,PTY00143,PTY00001,2026-06-17 01:26:18.424660
TXN0002113,CERT000697,PTY00001,PTY00004,2026-06-17 10:47:28.800489
TXN0002114,CERT000698,PTY00001,PTY00004,2026-06-29 13:00:34.419941
TXN0002115,CERT000698,PTY00004,PTY00073,2026-07-02 04:55:00.880953
TXN0002116,CERT000698,PTY00073,PTY00001,2026-07-02 17:28:51.022472
TXN0002117,CERT000699,PTY00056,PTY00002,2026-07-07 00:17:31.956803
TXN0002118,CERT000699,PTY00002,PTY00006,2026-07-08 13:49:18.710140
TXN0002119,CERT000700,PTY00065,PTY00062,2026-07-19 08:09:42.018410
TXN0002120,CERT000700,PTY00062,PTY00001,2026-07-20 11:57:37.544668
TXN0002121,CERT000701,PTY00048,PTY00007,2026-08-17 15:29:26.062765
TXN0002122,CERT000701,PTY00007,PTY00013,2026-08-18 19:36:04.135846
TXN0002123,CERT000702,PTY00131,PTY00058,2026-08-28 13:11:55.074930
TXN0002124,CERT000702,PTY00058,PTY00001,2026-08-29 08:51:24.191864
TXN0002125,CERT000702,PTY00001,PTY00003,2026-08-29 23:40:12.746664
TXN0002126,CERT000703,PTY00076,PTY00006,2026-09-05 17:38:59.858842
TXN0002127,CERT000703,PTY00006,PTY00001,2026-09-07 10:59:58.643576
TXN0002128,CERT000703,PTY00001,PTY00050,2026-09-09 01:18:46.854452
TXN0002129,CERT000704,PTY00161,PTY00002,2026-08-16 03:12:35.674486
TXN0002130,CERT000704,PTY00002,PTY00058,2026-08-18 06:07:09.513311
TXN0002131,CERT000705,PTY00145,PTY00021,2026-07-19 18:30:41.558921
TXN0002132,CERT000705,PTY00021,PTY00001,2026-07-21 00:12:44.218114
TXN0002133,CERT000706,PTY00032,PTY00005,2026-07-25 02:06:04.196363
TXN0002134,CERT000706,PTY00005,PTY00001,2026-07-25 14:04:41.882753
TXN0002135,CERT000706,PTY00001,PTY00003,2026-07-26 19:29:52.685848
TXN0002136,CERT000706,PTY00003,PTY00019,2026-07-27 14:34:07.133035
TXN0002137,CERT000707,PTY00027,PTY00023,2026-08-13 21:30:17.296468
TXN0002138,CERT000707,PTY00023,PTY00212,2026-08-14 11:19:49.834680
TXN0002139,CERT000707,PTY00212,PTY00006,2026-08-15 18:37:15.280141
TXN0002140,CERT000707,PTY00006,PTY00002,2026-08-17 11:46:51.190328
TXN0002141,CERT000708,PTY00154,PTY00001,2026-08-26 00:50:12.276807
TXN0002142,CERT000708,PTY00001,PTY00017,2026-08-27 04:59:28.486258
TXN0002143,CERT000708,PTY00017,PTY00003,2026-08-29 17:21:24.558718
TXN0002144,CERT000708,PTY00003,PTY00004,2026-08-31 16:41:03.400402
TXN0002145,CERT000709,PTY00137,PTY00080,2026-07-21 11:23:59.203421
TXN0002146,CERT000709,PTY00080,PTY00001,2026-07-23 03:32:41.079335
TXN0002147,CERT000709,PTY00001,PTY00004,2026-07-24 10:39:56.119232
TXN0002148,CERT000710,PTY00081,PTY00042,2026-09-04 09:51:44.503830
TXN0002149,CERT000710,PTY00042,PTY00002,2026-09-04 16:33:30.924461
TXN0002150,CERT000710,PTY00002,PTY00003,2026-09-05 06:29:07.380419
TXN0002151,CERT000710,PTY00003,PTY00205,2026-09-07 10:15:09.519121
TXN0002152,CERT000711,PTY00033,PTY00002,2026-06-23 15:24:06.862125
TXN0002153,CERT000711,PTY00002,PTY00003,2026-06-26 00:44:30.897367
TXN0002154,CERT000712,PTY00107,PTY00003,2026-06-30 12:05:41.210669
TXN0002155,CERT000712,PTY00003,PTY00002,2026-07-02 00:18:33.051156
TXN0002156,CERT000712,PTY00002,PTY00320,2026-07-02 22:29:32.239151
TXN0002157,CERT000713,PTY00003,PTY00035,2026-06-16 14:27:07.839305
TXN0002158,CERT000713,PTY00035,PTY00067,2026-06-18 07:17:11.896065
TXN0002159,CERT000713,PTY00067,PTY00007,2026-06-20 22:24:56.967307
TXN0002160,CERT000714,PTY00021,PTY00006,2026-07-12 15:23:39.706830
TXN0002161,CERT000714,PTY00006,PTY00003,2026-07-14 07:15:29.460625
TXN0002162,CERT000714,PTY00003,PTY00001,2026-07-14 14:38:17.144466
TXN0002163,CERT000715,PTY00028,PTY00001,2026-08-05 06:41:01.171717
TXN0002164,CERT000715,PTY00001,PTY00040,2026-08-06 08:42:47.105296
TXN0002165,CERT000715,PTY00040,PTY00072,2026-08-07 13:45:43.616629
TXN0002166,CERT000716,PTY00059,PTY00006,2026-09-09 06:43:42.727771
TXN0002167,CERT000716,PTY00006,PTY00004,2026-09-10 19:53:45.845623
TXN0002168,CERT000717,PTY00161,PTY00005,2026-08-12 05:55:21.577579
TXN0002169,CERT000717,PTY00005,PTY00001,2026-08-14 08:31:00.703521
TXN0002170,CERT000717,PTY00001,PTY00002,2026-08-14 10:33:16.779153
TXN0002171,CERT000718,PTY00122,PTY00007,2026-08-18 23:27:12.355313
TXN0002172,CERT000718,PTY00007,PTY00004,2026-08-21 09:33:14.511790
TXN0002173,CERT000718,PTY00004,PTY00005,2026-08-22 05:41:53.515619
TXN0002174,CERT000718,PTY00005,PTY00026,2026-08-23 01:50:53.181862
TXN0002175,CERT000719,PTY00044,PTY00001,2026-08-09 17:21:57.497039
TXN0002176,CERT000719,PTY00001,PTY00028,2026-08-10 09:48:10.808461
TXN0002177,CERT000719,PTY00028,PTY00001,2026-08-12 16:00:19.110620
TXN0002178,CERT000720,PTY00159,PTY00001,2026-06-25 17:02:17.032714
TXN0002179,CERT000720,PTY00001,PTY00002,2026-06-27 04:27:33.681419
TXN0002180,CERT000720,PTY00002,PTY00159,2026-06-28 14:03:01.327134
TXN0002181,CERT000721,PTY00156,PTY00001,2026-09-04 14:42:51.874539
TXN0002182,CERT000721,PTY00001,PTY00014,2026-09-05 17:42:32.908028
TXN0002183,CERT000722,PTY00146,PTY00005,2026-08-23 17:52:43.525820
TXN0002184,CERT000722,PTY00005,PTY00009,2026-08-24 07:43:41.905856
TXN0002185,CERT000723,PTY00038,PTY00009,2026-07-23 01:04:32.188197
TXN0002186,CERT000723,PTY00009,PTY00001,2026-07-24 05:59:28.237471
TXN0002187,CERT000723,PTY00001,PTY00004,2026-07-24 23:09:56.547768
TXN0002188,CERT000724,PTY00127,PTY00008,2026-07-05 03:07:21.628074
TXN0002189,CERT000724,PTY00008,PTY00001,2026-07-07 21:18:21.997390
TXN0002190,CERT000724,PTY00001,PTY00003,2026-07-10 06:44:51.455820
TXN0002191,CERT000724,PTY00003,PTY00225,2026-07-12 11:22:16.357410
TXN0002192,CERT000725,PTY00016,PTY00001,2026-07-08 14:38:23.321229
TXN0002193,CERT000725,PTY00001,PTY00003,2026-07-09 17:49:13.374353
TXN0002194,CERT000726,PTY00021,PTY00001,2026-09-01 18:28:29.275505
TXN0002195,CERT000726,PTY00001,PTY00003,2026-09-04 05:21:10.109679
TXN0002196,CERT000726,PTY00003,PTY00002,2026-09-05 16:25:46.989408
TXN0002197,CERT000726,PTY00002,PTY00228,2026-09-06 10:37:26.184059
TXN0002198,CERT000727,PTY00009,PTY00020,2026-08-17 00:43:55.000866
TXN0002199,CERT000727,PTY00020,PTY00004,2026-08-18 02:35:46.612976
TXN0002200,CERT000727,PTY00004,PTY00024,2026-08-19 23:47:33.349320
TXN0002201,CERT000727,PTY00024,PTY00003,2026-08-22 08:07:38.599866
TXN0002202,CERT000728,PTY00084,PTY00002,2026-07-10 15:22:42.468691
TXN0002203,CERT000728,PTY00002,PTY00001,2026-07-12 03:32:26.946112
TXN0002204,CERT000728,PTY00001,PTY00002,2026-07-13 15:04:10.396197
TXN0002205,CERT000728,PTY00002,PTY00001,2026-07-14 23:06:10.375305
TXN0002206,CERT000729,PTY00155,PTY00006,2026-07-28 08:15:29.271934
TXN0002207,CERT000729,PTY00006,PTY00003,2026-07-30 10:02:50.867765
TXN0002208,CERT000729,PTY00003,PTY00005,2026-07-31 22:25:51.155771
TXN0002209,CERT000730,PTY00088,PTY00001,2026-06-29 20:55:58.016495
TXN0002210,CERT000730,PTY00001,PTY00002,2026-07-01 07:24:55.670682
TXN0002211,CERT000731,PTY00068,PTY00002,2026-07-21 16:14:49.223365
TXN0002212,CERT000731,PTY00002,PTY00007,2026-07-22 03:16:05.067822
TXN0002213,CERT000732,PTY00146,PTY00004,2026-06-29 15:58:26.799470
TXN0002214,CERT000732,PTY00004,PTY00005,2026-07-01 13:34:58.548670
TXN0002215,CERT000732,PTY00005,PTY00113,2026-07-02 03:16:12.467274
TXN0002216,CERT000732,PTY00113,PTY00001,2026-07-05 01:33:04.221644
TXN0002217,CERT000733,PTY00069,PTY00002,2026-08-15 16:35:09.236782
TXN0002218,CERT000733,PTY00002,PTY00001,2026-08-17 19:47:39.407924
TXN0002219,CERT000734,PTY00169,PTY00001,2026-08-23 19:15:48.048157
TXN0002220,CERT000734,PTY00001,PTY00378,2026-08-25 14:51:07.464281
TXN0002221,CERT000735,PTY00144,PTY00305,2026-09-07 14:47:42.374909
TXN0002222,CERT000735,PTY00305,PTY00030,2026-09-09 03:03:10.515640
TXN0002223,CERT000735,PTY00030,PTY00144,2026-09-10 15:10:15.084131
TXN0002224,CERT000736,PTY00178,PTY00129,2026-09-01 06:59:33.871555
TXN0002225,CERT000736,PTY00129,PTY00012,2026-09-03 23:38:35.507242
TXN0002226,CERT000736,PTY00012,PTY00001,2026-09-04 16:57:15.684835
TXN0002227,CERT000736,PTY00001,PTY00002,2026-09-05 03:52:07.259678
TXN0002228,CERT000737,PTY00077,PTY00002,2026-08-13 04:30:24.191112
TXN0002229,CERT000737,PTY00002,PTY00297,2026-08-13 16:37:57.822409
TXN0002230,CERT000737,PTY00297,PTY00005,2026-08-14 00:39:09.289641
TXN0002231,CERT000737,PTY00005,PTY00002,2026-08-15 15:06:24.915732
TXN0002232,CERT000738,PTY00002,PTY00001,2026-07-03 23:49:28.793230
TXN0002233,CERT000738,PTY00001,PTY00004,2026-07-05 07:01:06.929559
TXN0002234,CERT000738,PTY00004,PTY00002,2026-07-06 07:36:20.577903
TXN0002235,CERT000739,PTY00095,PTY00007,2026-07-31 15:27:58.082918
TXN0002236,CERT000739,PTY00007,PTY00003,2026-08-02 11:44:16.464302
TXN0002237,CERT000740,PTY00147,PTY00197,2026-07-16 16:15:28.773853
TXN0002238,CERT000740,PTY00197,PTY00291,2026-07-17 07:50:34.958239
TXN0002239,CERT000740,PTY00291,PTY00001,2026-07-18 07:02:07.782127
TXN0002240,CERT000740,PTY00001,PTY00105,2026-07-19 21:05:13.139140
TXN0002241,CERT000741,PTY00154,PTY00001,2026-06-19 02:41:30.844720
TXN0002242,CERT000741,PTY00001,PTY00109,2026-06-21 04:42:35.382065
TXN0002243,CERT000741,PTY00109,PTY00001,2026-06-22 23:40:54.601247
TXN0002244,CERT000741,PTY00001,PTY00112,2026-06-25 02:23:03.302118
TXN0002245,CERT000742,PTY00093,PTY00002,2026-07-29 23:09:22.808100
TXN0002246,CERT000742,PTY00002,PTY00003,2026-07-31 06:35:13.642828
TXN0002247,CERT000742,PTY00003,PTY00035,2026-07-31 13:52:49.064211
TXN0002248,CERT000743,PTY00143,PTY00121,2026-08-31 13:51:38.946810
TXN0002249,CERT000743,PTY00121,PTY00108,2026-08-31 18:43:20.255320
TXN0002250,CERT000743,PTY00108,PTY00001,2026-09-02 08:17:11.150988
TXN0002251,CERT000744,PTY00078,PTY00006,2026-07-15 15:42:03.574297
TXN0002252,CERT000744,PTY00006,PTY00004,2026-07-18 02:54:22.701947
TXN0002253,CERT000744,PTY00004,PTY00069,2026-07-20 16:14:16.432061
TXN0002254,CERT000744,PTY00069,PTY00031,2026-07-21 06:12:37.893664
TXN0002255,CERT000745,PTY00060,PTY00011,2026-08-17 12:52:27.706206
TXN0002256,CERT000745,PTY00011,PTY00012,2026-08-18 02:08:23.793727
TXN0002257,CERT000745,PTY00012,PTY00048,2026-08-18 13:04:54.359956
TXN0002258,CERT000745,PTY00048,PTY00002,2026-08-18 19:25:30.202850
TXN0002259,CERT000746,PTY00050,PTY00001,2026-08-06 04:21:31.538224
TXN0002260,CERT000746,PTY00001,PTY00006,2026-08-07 12:41:33.996328
TXN0002261,CERT000747,PTY00008,PTY00129,2026-08-26 13:02:29.998440
TXN0002262,CERT000747,PTY00129,PTY00005,2026-08-28 08:21:52.782112
TXN0002263,CERT000747,PTY00005,PTY00002,2026-08-30 20:53:48.957821
TXN0002264,CERT000747,PTY00002,PTY00001,2026-09-01 13:17:26.621680
TXN0002265,CERT000748,PTY00028,PTY00015,2026-07-21 19:07:59.944382
TXN0002266,CERT000748,PTY00015,PTY00090,2026-07-24 04:10:44.469760
TXN0002267,CERT000749,PTY00025,PTY00002,2026-09-07 04:32:44.095684
TXN0002268,CERT000749,PTY00002,PTY00103,2026-09-09 23:37:32.036344
TXN0002269,CERT000750,PTY00170,PTY00004,2026-07-07 01:35:58.165089
TXN0002270,CERT000750,PTY00004,PTY00176,2026-07-07 23:33:58.431967
TXN0002271,CERT000751,PTY00057,PTY00004,2026-06-15 21:32:43.983233
TXN0002272,CERT000751,PTY00004,PTY00006,2026-06-18 21:04:58.371381
TXN0002273,CERT000752,PTY00005,PTY00003,2026-08-13 01:54:55.601319
TXN0002274,CERT000752,PTY00003,PTY00001,2026-08-13 17:36:32.826957
TXN0002275,CERT000753,PTY00025,PTY00005,2026-07-16 17:10:49.462924
TXN0002276,CERT000753,PTY00005,PTY00001,2026-07-17 22:06:45.973039
TXN0002277,CERT000753,PTY00001,PTY00031,2026-07-20 16:31:26.779864
TXN0002278,CERT000753,PTY00031,PTY00001,2026-07-21 18:44:44.978094
TXN0002279,CERT000754,PTY00004,PTY00040,2026-07-19 21:44:21.766115
TXN0002280,CERT000754,PTY00040,PTY00004,2026-07-22 00:45:52.063374
TXN0002281,CERT000754,PTY00004,PTY00055,2026-07-24 20:41:32.418414
TXN0002282,CERT000755,PTY00169,PTY00015,2026-07-13 14:09:34.532305
TXN0002283,CERT000755,PTY00015,PTY00009,2026-07-16 06:58:30.647683
TXN0002284,CERT000755,PTY00009,PTY00025,2026-07-18 15:25:12.586134
TXN0002285,CERT000755,PTY00025,PTY00118,2026-07-21 14:42:19.959728
TXN0002286,CERT000756,PTY00115,PTY00007,2026-09-02 15:22:32.021708
TXN0002287,CERT000756,PTY00007,PTY00001,2026-09-04 00:12:11.660182
TXN0002288,CERT000757,PTY00167,PTY00001,2026-07-09 15:23:38.431298
TXN0002289,CERT000757,PTY00001,PTY00031,2026-07-11 03:58:36.621559
TXN0002290,CERT000757,PTY00031,PTY00002,2026-07-11 12:28:32.338328
TXN0002291,CERT000758,PTY00178,PTY00016,2026-07-23 00:57:19.407605
TXN0002292,CERT000758,PTY00016,PTY00056,2026-07-23 13:32:56.761524
TXN0002293,CERT000759,PTY00043,PTY00002,2026-08-01 18:05:55.193880
TXN0002294,CERT000759,PTY00002,PTY00001,2026-08-04 03:31:53.808746
TXN0002295,CERT000759,PTY00001,PTY00003,2026-08-04 15:48:32.723686
TXN0002296,CERT000759,PTY00003,PTY00027,2026-08-06 19:04:09.926732
TXN0002297,CERT000760,PTY00165,PTY00002,2026-08-05 13:35:27.327333
TXN0002298,CERT000760,PTY00002,PTY00040,2026-08-07 06:28:45.324562
TXN0002299,CERT000760,PTY00040,PTY00165,2026-08-07 15:25:56.654866
TXN0002300,CERT000761,PTY00114,PTY00001,2026-08-11 19:52:01.481710
TXN0002301,CERT000761,PTY00001,PTY00003,2026-08-14 01:15:07.692881
TXN0002302,CERT000762,PTY00110,PTY00003,2026-09-10 11:32:07.518179
TXN0002303,CERT000762,PTY00003,PTY00002,2026-09-10 15:45:14.198982
TXN0002304,CERT000763,PTY00163,PTY00019,2026-08-24 12:58:52.741290
TXN0002305,CERT000763,PTY00019,PTY00013,2026-08-25 16:12:51.503051
TXN0002306,CERT000763,PTY00013,PTY00003,2026-08-27 09:15:02.327090
TXN0002307,CERT000763,PTY00003,PTY00176,2026-08-27 17:58:47.057253
TXN0002308,CERT000764,PTY00116,PTY00007,2026-07-10 20:19:06.822169
TXN0002309,CERT000764,PTY00007,PTY00328,2026-07-12 07:41:39.203802
TXN0002310,CERT000765,PTY00077,PTY00008,2026-07-30 04:13:09.682243
TXN0002311,CERT000765,PTY00008,PTY00007,2026-08-01 19:16:23.935410
TXN0002312,CERT000766,PTY00038,PTY00003,2026-07-08 17:40:53.747901
TXN0002313,CERT000766,PTY00003,PTY00002,2026-07-10 06:54:35.647000
TXN0002314,CERT000766,PTY00002,PTY00001,2026-07-11 16:00:54.926513
TXN0002315,CERT000766,PTY00001,PTY00002,2026-07-11 20:30:02.011000
TXN0002316,CERT000767,PTY00102,PTY00034,2026-07-15 14:56:10.161623
TXN0002317,CERT000767,PTY00034,PTY00004,2026-07-16 16:25:42.470487
TXN0002318,CERT000767,PTY00004,PTY00001,2026-07-19 13:28:03.562760
TXN0002319,CERT000768,PTY00142,PTY00001,2026-07-08 16:39:00.281455
TXN0002320,CERT000768,PTY00001,PTY00005,2026-07-11 16:17:03.892140
TXN0002321,CERT000769,PTY00105,PTY00001,2026-08-24 21:10:47.703196
TXN0002322,CERT000769,PTY00001,PTY00002,2026-08-25 15:01:36.918137
TXN0002323,CERT000770,PTY00164,PTY00320,2026-08-27 12:57:13.960546
TXN0002324,CERT000770,PTY00320,PTY00002,2026-08-27 17:00:45.456480
TXN0002325,CERT000770,PTY00002,PTY00001,2026-08-30 10:26:35.050940
TXN0002326,CERT000771,PTY00071,PTY00242,2026-08-29 16:00:03.759934
TXN0002327,CERT000771,PTY00242,PTY00009,2026-08-30 02:01:35.450933
TXN0002328,CERT000771,PTY00009,PTY00004,2026-08-31 16:35:49.539537
TXN0002329,CERT000772,PTY00037,PTY00020,2026-06-15 20:57:50.038181
TXN0002330,CERT000772,PTY00020,PTY00005,2026-06-18 07:30:56.163412
TXN0002331,CERT000773,PTY00041,PTY00001,2026-07-08 13:56:25.885758
TXN0002332,CERT000773,PTY00001,PTY00012,2026-07-10 15:23:40.213159
TXN0002333,CERT000774,PTY00163,PTY00001,2026-08-16 14:05:25.146415
TXN0002334,CERT000774,PTY00001,PTY00238,2026-08-18 00:42:57.766877
TXN0002335,CERT000774,PTY00238,PTY00001,2026-08-19 02:38:32.853500
TXN0002336,CERT000774,PTY00001,PTY00105,2026-08-21 23:26:20.958209
TXN0002337,CERT000775,PTY00131,PTY00004,2026-08-24 04:33:36.312977
TXN0002338,CERT000775,PTY00004,PTY00001,2026-08-24 06:23:33.675666
TXN0002339,CERT000775,PTY00001,PTY00002,2026-08-26 00:39:51.025046
TXN0002340,CERT000775,PTY00002,PTY00131,2026-08-27 15:41:28.429680
TXN0002341,CERT000776,PTY00023,PTY00006,2026-08-10 11:13:41.127290
TXN0002342,CERT000776,PTY00006,PTY00029,2026-08-12 09:47:31.517993
TXN0002343,CERT000776,PTY00029,PTY00060,2026-08-14 18:30:55.919037
TXN0002344,CERT000777,PTY00128,PTY00001,2026-07-04 12:28:08.105702
TXN0002345,CERT000777,PTY00001,PTY00192,2026-07-05 13:44:57.935376
TXN0002346,CERT000778,PTY00148,PTY00016,2026-07-20 16:45:05.218231
TXN0002347,CERT000778,PTY00016,PTY00065,2026-07-21 00:54:30.921243
TXN0002348,CERT000778,PTY00065,PTY00001,2026-07-23 06:03:27.178839
TXN0002349,CERT000778,PTY00001,PTY00087,2026-07-24 21:08:18.143730
TXN0002350,CERT000779,PTY00021,PTY00003,2026-09-03 19:14:11.001719
TXN0002351,CERT000779,PTY00003,PTY00025,2026-09-06 10:45:47.922249
TXN0002352,CERT000779,PTY00025,PTY00001,2026-09-06 18:30:54.630935
TXN0002353,CERT000780,PTY00026,PTY00025,2026-07-10 13:39:48.963596
TXN0002354,CERT000780,PTY00025,PTY00001,2026-07-11 14:49:26.629157
TXN0002355,CERT000781,PTY00077,PTY00001,2026-07-04 19:02:10.897912
TXN0002356,CERT000781,PTY00001,PTY00011,2026-07-06 15:39:40.140088
TXN0002357,CERT000782,PTY00126,PTY00002,2026-08-07 21:09:32.096085
TXN0002358,CERT000782,PTY00002,PTY00024,2026-08-09 02:39:43.692555
TXN0002359,CERT000783,PTY00098,PTY00003,2026-08-31 04:31:32.461413
TXN0002360,CERT000783,PTY00003,PTY00004,2026-09-01 05:12:40.514276
TXN0002361,CERT000784,PTY00015,PTY00025,2026-06-20 17:11:47.655491
TXN0002362,CERT000784,PTY00025,PTY00001,2026-06-20 21:54:49.452958
TXN0002363,CERT000784,PTY00001,PTY00126,2026-06-23 18:03:19.168830
TXN0002364,CERT000785,PTY00070,PTY00001,2026-09-07 06:54:42.432625
TXN0002365,CERT000785,PTY00001,PTY00005,2026-09-09 12:20:57.612211
TXN0002366,CERT000785,PTY00005,PTY00001,2026-09-11 06:09:11.751133
TXN0002367,CERT000786,PTY00076,PTY00002,2026-08-08 12:04:53.181664
TXN0002368,CERT000786,PTY00002,PTY00003,2026-08-09 15:25:59.900293
TXN0002369,CERT000786,PTY00003,PTY00009,2026-08-09 17:14:57.375531
TXN0002370,CERT000787,PTY00050,PTY00017,2026-07-29 20:53:38.117456
TXN0002371,CERT000787,PTY00017,PTY00042,2026-07-31 14:06:29.879437
TXN0002372,CERT000787,PTY00042,PTY00023,2026-08-02 02:04:06.073510
TXN0002373,CERT000788,PTY00147,PTY00001,2026-08-27 13:22:27.707036
TXN0002374,CERT000788,PTY00001,PTY00003,2026-08-27 21:40:03.801350
TXN0002375,CERT000788,PTY00003,PTY00002,2026-08-29 18:19:36.648512
TXN0002376,CERT000789,PTY00002,PTY00007,2026-07-23 09:43:20.654901
TXN0002377,CERT000789,PTY00007,PTY00001,2026-07-25 03:55:31.020957
TXN0002378,CERT000790,PTY00125,PTY00017,2026-07-10 18:42:41.355373
TXN0002379,CERT000790,PTY00017,PTY00005,2026-07-12 02:10:32.354734
TXN0002380,CERT000791,PTY00111,PTY00005,2026-08-20 23:46:54.563515
TXN0002381,CERT000791,PTY00005,PTY00016,2026-08-23 13:19:51.601697
TXN0002382,CERT000791,PTY00016,PTY00001,2026-08-24 06:07:56.329903
TXN0002383,CERT000792,PTY00164,PTY00047,2026-08-31 15:01:12.163789
TXN0002384,CERT000792,PTY00047,PTY00233,2026-09-01 01:04:47.313794
TXN0002385,CERT000792,PTY00233,PTY00001,2026-09-01 13:57:12.268822
TXN0002386,CERT000793,PTY00065,PTY00007,2026-06-30 19:24:25.280204
TXN0002387,CERT000793,PTY00007,PTY00023,2026-07-03 17:22:54.819365
TXN0002388,CERT000794,PTY00175,PTY00008,2026-09-11 12:46:19.752180
TXN0002389,CERT000794,PTY00008,PTY00003,2026-09-13 12:17:24.223756
TXN0002390,CERT000794,PTY00003,PTY00007,2026-09-13 23:13:48.347134
TXN0002391,CERT000795,PTY00010,PTY00001,2026-09-10 14:58:01.325751
TXN0002392,CERT000795,PTY00001,PTY00099,2026-09-11 03:30:10.997354
TXN0002393,CERT000796,PTY00011,PTY00001,2026-07-12 18:39:25.520569
TXN0002394,CERT000796,PTY00001,PTY00002,2026-07-14 05:08:25.118803
TXN0002395,CERT000796,PTY00002,PTY00010,2026-07-16 18:24:02.294110
TXN0002396,CERT000797,PTY00001,PTY00003,2026-09-06 13:26:54.678710
TXN0002397,CERT000797,PTY00003,PTY00011,2026-09-08 05:36:44.371256
TXN0002398,CERT000797,PTY00011,PTY00001,2026-09-10 15:08:54.162484
TXN0002399,CERT000798,PTY00112,PTY00001,2026-07-12 15:19:51.481569
TXN0002400,CERT000798,PTY00001,PTY00005,2026-07-14 14:42:52.468130
TXN0002401,CERT000798,PTY00005,PTY00001,2026-07-15 04:45:16.357443
TXN0002402,CERT000798,PTY00001,PTY00002,2026-07-16 15:14:28.333062
TXN0002403,CERT000799,PTY00059,PTY00001,2026-08-31 22:23:04.571964
TXN0002404,CERT000799,PTY00001,PTY00006,2026-09-03 07:20:49.798354
TXN0002405,CERT000799,PTY00006,PTY00015,2026-09-05 21:27:48.972202
TXN0002406,CERT000799,PTY00015,PTY00001,2026-09-08 19:04:45.749577
TXN0002407,CERT000800,PTY00096,PTY00050,2026-07-24 14:06:46.927777
TXN0002408,CERT000800,PTY00050,PTY00001,2026-07-26 10:25:43.232675
TXN0002409,CERT000800,PTY00001,PTY00016,2026-07-29 01:46:48.812421
TXN0002410,CERT000801,PTY00143,PTY00001,2026-07-13 16:26:42.284676
TXN0002411,CERT000801,PTY00001,PTY00054,2026-07-16 10:57:56.345627
TXN0002412,CERT000802,PTY00154,PTY00001,2026-09-02 19:41:02.273605
TXN0002413,CERT000802,PTY00001,PTY00002,2026-09-05 15:32:47.968284
TXN0002414,CERT000802,PTY00002,PTY00011,2026-09-08 05:11:45.767466
TXN0002415,CERT000803,PTY00071,PTY00001,2026-09-06 08:43:39.665797
TXN0002416,CERT000803,PTY00001,PTY00002,2026-09-06 15:31:24.715499
TXN0002417,CERT000803,PTY00002,PTY00001,2026-09-08 05:01:51.214542
TXN0002418,CERT000803,PTY00001,PTY00006,2026-09-08 09:12:46.263549
TXN0002419,CERT000804,PTY00097,PTY00003,2026-08-26 15:32:35.845413
TXN0002420,CERT000804,PTY00003,PTY00001,2026-08-26 20:27:32.472743
TXN0002421,CERT000805,PTY00020,PTY00001,2026-07-11 15:06:11.523759
TXN0002422,CERT000805,PTY00001,PTY00008,2026-07-12 11:48:26.414260
TXN0002423,CERT000805,PTY00008,PTY00020,2026-07-13 02:29:42.416597
TXN0002424,CERT000806,PTY00130,PTY00003,2026-08-24 16:19:34.972845
TXN0002425,CERT000806,PTY00003,PTY00001,2026-08-26 07:12:19.531384
TXN0002426,CERT000806,PTY00001,PTY00004,2026-08-27 21:34:50.850201
TXN0002427,CERT000807,PTY00123,PTY00002,2026-08-18 13:34:18.384770
TXN0002428,CERT000807,PTY00002,PTY00010,2026-08-19 08:48:21.363550
TXN0002429,CERT000807,PTY00010,PTY00004,2026-08-22 04:40:26.302264
TXN0002430,CERT000808,PTY00063,PTY00011,2026-07-29 07:07:31.169166
TXN0002431,CERT000808,PTY00011,PTY00059,2026-07-30 20:48:29.591893
TXN0002432,CERT000808,PTY00059,PTY00002,2026-07-31 01:51:20.477485
TXN0002433,CERT000808,PTY00002,PTY00003,2026-08-02 18:59:00.101804
TXN0002434,CERT000809,PTY00022,PTY00001,2026-07-03 15:45:34.893277
TXN0002435,CERT000809,PTY00001,PTY00006,2026-07-06 09:20:56.683750
TXN0002436,CERT000809,PTY00006,PTY00185,2026-07-06 18:53:45.930518
TXN0002437,CERT000809,PTY00185,PTY00001,2026-07-09 14:16:16.605129
TXN0002438,CERT000810,PTY00057,PTY00007,2026-07-22 10:05:40.931908
TXN0002439,CERT000810,PTY00007,PTY00001,2026-07-23 02:04:20.446949
TXN0002440,CERT000811,PTY00128,PTY00003,2026-08-14 18:51:38.326269
TXN0002441,CERT000811,PTY00003,PTY00111,2026-08-15 04:00:13.034720
TXN0002442,CERT000812,PTY00132,PTY00143,2026-07-05 09:04:57.267934
TXN0002443,CERT000812,PTY00143,PTY00009,2026-07-06 12:11:18.709894
TXN0002444,CERT000812,PTY00009,PTY00025,2026-07-07 01:00:53.043416
TXN0002445,CERT000812,PTY00025,PTY00001,2026-07-08 06:05:47.174074
TXN0002446,CERT000813,PTY00147,PTY00001,2026-08-15 15:52:17.246609
TXN0002447,CERT000813,PTY00001,PTY00005,2026-08-17 06:19:44.699196
TXN0002448,CERT000814,PTY00177,PTY00041,2026-08-20 02:28:02.023666
TXN0002449,CERT000814,PTY00041,PTY00009,2026-08-21 12:34:00.452552
TXN0002450,CERT000814,PTY00009,PTY00210,2026-08-24 03:58:41.024564
TXN0002451,CERT000815,PTY00019,PTY00002,2026-07-06 21:53:33.793199
TXN0002452,CERT000815,PTY00002,PTY00008,2026-07-08 02:53:02.045290
TXN0002453,CERT000816,PTY00170,PTY00014,2026-06-27 18:29:38.380138
TXN0002454,CERT000816,PTY00014,PTY00336,2026-06-28 05:03:41.991094
TXN0002455,CERT000816,PTY00336,PTY00210,2026-06-30 00:44:48.150177
TXN0002456,CERT000816,PTY00210,PTY00031,2026-07-01 23:54:31.392991
TXN0002457,CERT000817,PTY00129,PTY00013,2026-08-12 13:45:56.294034
TXN0002458,CERT000817,PTY00013,PTY00114,2026-08-12 22:57:05.075451
TXN0002459,CERT000818,PTY00142,PTY00197,2026-07-17 14:58:44.776164
TXN0002460,CERT000818,PTY00197,PTY00001,2026-07-18 22:46:46.110298
TXN0002461,CERT000818,PTY00001,PTY00005,2026-07-20 14:03:17.260029
TXN0002462,CERT000818,PTY00005,PTY00029,2026-07-23 02:52:02.573059
TXN0002463,CERT000819,PTY00001,PTY00217,2026-09-09 13:12:25.045905
TXN0002464,CERT000819,PTY00217,PTY00002,2026-09-09 16:45:11.474950
TXN0002465,CERT000819,PTY00002,PTY00001,2026-09-11 19:24:37.375618
TXN0002466,CERT000820,PTY00027,PTY00005,2026-08-24 09:43:41.902458
TXN0002467,CERT000820,PTY00005,PTY00004,2026-08-24 23:43:16.118821
TXN0002468,CERT000820,PTY00004,PTY00003,2026-08-27 09:29:23.735653
TXN0002469,CERT000820,PTY00003,PTY00004,2026-08-27 21:02:51.281410
TXN0002470,CERT000821,PTY00088,PTY00001,2026-07-16 13:51:44.836038
TXN0002471,CERT000821,PTY00001,PTY00002,2026-07-17 02:56:34.677159
TXN0002472,CERT000821,PTY00002,PTY00001,2026-07-18 02:43:17.356956
TXN0002473,CERT000821,PTY00001,PTY00002,2026-07-19 07:41:33.858933
TXN0002474,CERT000822,PTY00144,PTY00057,2026-08-13 15:11:21.247820
TXN0002475,CERT000822,PTY00057,PTY00005,2026-08-15 19:51:53.488861
TXN0002476,CERT000823,PTY00044,PTY00135,2026-08-17 13:41:19.130443
TXN0002477,CERT000823,PTY00135,PTY00001,2026-08-19 09:58:41.387093
TXN0002478,CERT000823,PTY00001,PTY00014,2026-08-20 23:11:42.521180
TXN0002479,CERT000823,PTY00014,PTY00001,2026-08-22 15:37:01.412744
TXN0002480,CERT000824,PTY00047,PTY00002,2026-08-07 18:01:30.806866
TXN0002481,CERT000824,PTY00002,PTY00003,2026-08-08 04:57:17.617710
TXN0002482,CERT000824,PTY00003,PTY00002,2026-08-09 17:04:20.269293
TXN0002483,CERT000824,PTY00002,PTY00010,2026-08-11 05:55:07.127506
TXN0002484,CERT000825,PTY00122,PTY00017,2026-08-26 20:58:54.910937
TXN0002485,CERT000825,PTY00017,PTY00062,2026-08-28 11:18:46.539345
TXN0002486,CERT000826,PTY00079,PTY00001,2026-07-19 19:22:21.334749
TXN0002487,CERT000826,PTY00001,PTY00004,2026-07-20 03:11:47.135363
TXN0002488,CERT000827,PTY00051,PTY00014,2026-07-15 18:39:54.943183
TXN0002489,CERT000827,PTY00014,PTY00011,2026-07-18 10:38:15.255617
TXN0002490,CERT000827,PTY00011,PTY00003,2026-07-20 18:25:26.628044
TXN0002491,CERT000827,PTY00003,PTY00048,2026-07-22 21:53:46.438454
TXN0002492,CERT000828,PTY00148,PTY00002,2026-08-10 16:30:07.159838
TXN0002493,CERT000828,PTY00002,PTY00001,2026-08-12 03:46:59.760636
TXN0002494,CERT000829,PTY00021,PTY00012,2026-07-12 11:51:32.430239
TXN0002495,CERT000829,PTY00012,PTY00009,2026-07-14 03:42:15.051928
TXN0002496,CERT000829,PTY00009,PTY00067,2026-07-15 12:34:40.718817
TXN0002497,CERT000829,PTY00067,PTY00001,2026-07-18 01:32:29.328449
TXN0002498,CERT000830,PTY00092,PTY00045,2026-08-30 04:47:21.747678
TXN0002499,CERT000830,PTY00045,PTY00001,2026-08-30 12:43:57.377028
TXN0002500,CERT000830,PTY00001,PTY00175,2026-09-01 03:47:10.551614
TXN0002501,CERT000830,PTY00175,PTY00092,2026-09-02 19:28:37.673831
TXN0002502,CERT000831,PTY00007,PTY00043,2026-08-12 16:45:37.806488
TXN0002503,CERT000831,PTY00043,PTY00001,2026-08-13 08:37:44.175589
TXN0002504,CERT000831,PTY00001,PTY00011,2026-08-15 10:13:17.429557
TXN0002505,CERT000831,PTY00011,PTY00001,2026-08-16 04:36:14.653156
TXN0002506,CERT000832,PTY00015,PTY00057,2026-08-11 04:40:07.593995
TXN0002507,CERT000832,PTY00057,PTY00006,2026-08-13 11:00:12.176272
TXN0002508,CERT000832,PTY00006,PTY00001,2026-08-15 11:23:52.542210
TXN0002509,CERT000833,PTY00117,PTY00021,2026-06-21 09:56:31.500495
TXN0002510,CERT000833,PTY00021,PTY00012,2026-06-22 16:31:53.595997
TXN0002511,CERT000833,PTY00012,PTY00014,2026-06-25 09:29:16.721384
TXN0002512,CERT000833,PTY00014,PTY00001,2026-06-26 05:19:26.040463
TXN0002513,CERT000834,PTY00149,PTY00002,2026-08-18 12:18:17.370622
TXN0002514,CERT000834,PTY00002,PTY00014,2026-08-19 12:36:25.738059
TXN0002515,CERT000834,PTY00014,PTY00003,2026-08-21 14:00:35.526570
TXN0002516,CERT000834,PTY00003,PTY00103,2026-08-24 01:36:57.202199
TXN0002517,CERT000835,PTY00100,PTY00094,2026-08-23 09:32:08.293298
TXN0002518,CERT000835,PTY00094,PTY00021,2026-08-24 14:10:23.094661
TXN0002519,CERT000835,PTY00021,PTY00029,2026-08-27 12:49:27.295310
TXN0002520,CERT000835,PTY00029,PTY00002,2026-08-30 01:49:34.511419
TXN0002521,CERT000836,PTY00004,PTY00297,2026-07-19 16:24:31.297772
TXN0002522,CERT000836,PTY00297,PTY00003,2026-07-20 14:57:00.736928
TXN0002523,CERT000836,PTY00003,PTY00001,2026-07-22 02:54:56.228073
TXN0002524,CERT000836,PTY00001,PTY00003,2026-07-24 06:24:19.342570
TXN0002525,CERT000837,PTY00026,PTY00080,2026-06-26 17:14:10.770894
TXN0002526,CERT000837,PTY00080,PTY00002,2026-06-28 06:08:54.432537
TXN0002527,CERT000837,PTY00002,PTY00023,2026-06-28 20:51:56.385120
TXN0002528,CERT000837,PTY00023,PTY00001,2026-07-01 10:22:45.422044
TXN0002529,CERT000838,PTY00129,PTY00001,2026-07-22 21:23:08.303198
TXN0002530,CERT000838,PTY00001,PTY00003,2026-07-23 05:09:25.848497
TXN0002531,CERT000838,PTY00003,PTY00002,2026-07-25 23:07:55.821518
TXN0002532,CERT000839,PTY00060,PTY00035,2026-08-26 03:24:04.730597
TXN0002533,CERT000839,PTY00035,PTY00006,2026-08-28 01:50:28.450356
TXN0002534,CERT000839,PTY00006,PTY00001,2026-08-31 00:24:55.572623
TXN0002535,CERT000840,PTY00019,PTY00001,2026-07-31 13:30:32.655723
TXN0002536,CERT000840,PTY00001,PTY00373,2026-08-01 23:41:29.535512
TXN0002537,CERT000840,PTY00373,PTY00015,2026-08-03 11:50:35.165730
TXN0002538,CERT000840,PTY00015,PTY00003,2026-08-04 17:58:29.280556
TXN0002539,CERT000841,PTY00138,PTY00003,2026-07-28 11:09:22.835025
TXN0002540,CERT000841,PTY00003,PTY00001,2026-07-28 16:38:03.259991
TXN0002541,CERT000842,PTY00098,PTY00077,2026-08-15 17:12:54.548165
TXN0002542,CERT000842,PTY00077,PTY00002,2026-08-17 21:48:53.396436
TXN0002543,CERT000842,PTY00002,PTY00001,2026-08-18 02:34:31.609710
TXN0002544,CERT000843,PTY00078,PTY00005,2026-09-01 15:09:19.786121
TXN0002545,CERT000843,PTY00005,PTY00002,2026-09-02 01:55:03.087539
TXN0002546,CERT000844,PTY00008,PTY00017,2026-06-17 08:01:03.051104
TXN0002547,CERT000844,PTY00017,PTY00003,2026-06-17 20:50:03.089899
TXN0002548,CERT000844,PTY00003,PTY00002,2026-06-19 04:31:05.040321
TXN0002549,CERT000845,PTY00004,PTY00001,2026-07-24 20:14:14.281544
TXN0002550,CERT000845,PTY00001,PTY00043,2026-07-26 20:52:05.510515
TXN0002551,CERT000846,PTY00004,PTY00019,2026-07-15 15:14:46.886364
TXN0002552,CERT000846,PTY00019,PTY00010,2026-07-17 13:44:53.866041
TXN0002553,CERT000847,PTY00156,PTY00291,2026-07-27 17:10:34.114674
TXN0002554,CERT000847,PTY00291,PTY00001,2026-07-28 14:57:57.080439
TXN0002555,CERT000847,PTY00001,PTY00024,2026-07-31 09:37:20.513304
TXN0002556,CERT000847,PTY00024,PTY00001,2026-07-31 16:28:08.277617
TXN0002557,CERT000848,PTY00165,PTY00003,2026-06-22 15:09:57.710493
TXN0002558,CERT000848,PTY00003,PTY00030,2026-06-24 20:08:02.099771
TXN0002559,CERT000848,PTY00030,PTY00001,2026-06-27 05:40:59.736661
TXN0002560,CERT000849,PTY00117,PTY00001,2026-07-07 20:35:49.500298
TXN0002561,CERT000849,PTY00001,PTY00340,2026-07-09 16:08:34.952522
TXN0002562,CERT000849,PTY00340,PTY00004,2026-07-10 05:44:30.187815
TXN0002563,CERT000850,PTY00149,PTY00001,2026-07-10 15:33:33.425542
TXN0002564,CERT000850,PTY00001,PTY00002,2026-07-12 20:26:11.047255
TXN0002565,CERT000850,PTY00002,PTY00257,2026-07-14 06:46:34.940833
TXN0002566,CERT000850,PTY00257,PTY00008,2026-07-15 14:22:32.284963
TXN0002567,CERT000851,PTY00091,PTY00010,2026-07-07 10:04:06.533220
TXN0002568,CERT000851,PTY00010,PTY00074,2026-07-09 07:16:17.595321
TXN0002569,CERT000851,PTY00074,PTY00330,2026-07-11 18:26:48.520785
TXN0002570,CERT000851,PTY00330,PTY00001,2026-07-12 18:12:32.323435
TXN0002571,CERT000852,PTY00111,PTY00002,2026-07-21 00:00:01.377475
TXN0002572,CERT000852,PTY00002,PTY00003,2026-07-21 16:14:01.432948
TXN0002573,CERT000853,PTY00067,PTY00001,2026-06-20 18:26:48.190364
TXN0002574,CERT000853,PTY00001,PTY00012,2026-06-22 20:20:14.227849
TXN0002575,CERT000853,PTY00012,PTY00002,2026-06-24 16:54:06.345498
TXN0002576,CERT000853,PTY00002,PTY00001,2026-06-25 00:57:05.724811
TXN0002577,CERT000854,PTY00153,PTY00001,2026-08-05 17:10:02.982506
TXN0002578,CERT000854,PTY00001,PTY00005,2026-08-06 00:48:43.395684
TXN0002579,CERT000854,PTY00005,PTY00002,2026-08-06 16:40:32.774125
TXN0002580,CERT000855,PTY00149,PTY00016,2026-07-02 15:56:45.347865
TXN0002581,CERT000855,PTY00016,PTY00025,2026-07-03 09:08:44.918533
TXN0002582,CERT000856,PTY00053,PTY00290,2026-08-12 04:23:46.437103
TXN0002583,CERT000856,PTY00290,PTY00012,2026-08-12 17:48:08.102552
TXN0002584,CERT000856,PTY00012,PTY00053,2026-08-12 21:55:24.445095
TXN0002585,CERT000857,PTY00136,PTY00064,2026-09-10 11:52:44.602104
TXN0002586,CERT000857,PTY00064,PTY00359,2026-09-11 20:17:16.206150
TXN0002587,CERT000858,PTY00180,PTY00001,2026-08-13 23:41:37.335153
TXN0002588,CERT000858,PTY00001,PTY00004,2026-08-15 23:31:57.800790
TXN0002589,CERT000858,PTY00004,PTY00001,2026-08-17 16:20:21.692545
TXN0002590,CERT000858,PTY00001,PTY00002,2026-08-18 08:21:50.570216
TXN0002591,CERT000859,PTY00108,PTY00182,2026-08-29 20:41:46.422776
TXN0002592,CERT000859,PTY00182,PTY00036,2026-08-30 17:23:02.742825
TXN0002593,CERT000860,PTY00071,PTY00001,2026-06-27 11:10:57.127504
TXN0002594,CERT000860,PTY00001,PTY00004,2026-06-29 18:33:32.473766
TXN0002595,CERT000860,PTY00004,PTY00001,2026-07-01 00:33:24.295403
TXN0002596,CERT000860,PTY00001,PTY00004,2026-07-01 07:15:09.624387
TXN0002597,CERT000861,PTY00167,PTY00003,2026-09-04 17:13:20.754053
TXN0002598,CERT000861,PTY00003,PTY00006,2026-09-05 03:09:14.465320
TXN0002599,CERT000862,PTY00018,PTY00001,2026-06-19 15:32:25.660502
TXN0002600,CERT000862,PTY00001,PTY00002,2026-06-20 21:57:41.998589
TXN0002601,CERT000862,PTY00002,PTY00010,2026-06-23 06:29:59.731110
TXN0002602,CERT000863,PTY00100,PTY00001,2026-08-21 16:37:03.148035
TXN0002603,CERT000863,PTY00001,PTY00024,2026-08-22 10:58:02.967609
TXN0002604,CERT000863,PTY00024,PTY00016,2026-08-25 07:27:47.519041
TXN0002605,CERT000863,PTY00016,PTY00001,2026-08-26 20:44:46.548134
TXN0002606,CERT000864,PTY00088,PTY00003,2026-07-30 23:54:23.270259
TXN0002607,CERT000864,PTY00003,PTY00006,2026-07-31 04:13:39.509848
TXN0002608,CERT000864,PTY00006,PTY00249,2026-08-02 16:03:42.426834
TXN0002609,CERT000865,PTY00026,PTY00109,2026-06-26 12:47:59.619250
TXN0002610,CERT000865,PTY00109,PTY00002,2026-06-27 22:32:04.850533
TXN0002611,CERT000865,PTY00002,PTY00048,2026-06-29 22:21:27.856303
TXN0002612,CERT000866,PTY00141,PTY00010,2026-06-30 10:55:40.086504
TXN0002613,CERT000866,PTY00010,PTY00007,2026-07-02 03:05:11.790777
TXN0002614,CERT000866,PTY00007,PTY00032,2026-07-03 17:50:04.718841
TXN0002615,CERT000866,PTY00032,PTY00002,2026-07-04 12:04:11.841552
TXN0002616,CERT000867,PTY00134,PTY00009,2026-07-11 17:08:21.468122
TXN0002617,CERT000867,PTY00009,PTY00016,2026-07-13 04:09:55.819182
TXN0002618,CERT000867,PTY00016,PTY00001,2026-07-14 06:57:56.608809
TXN0002619,CERT000867,PTY00001,PTY00082,2026-07-15 17:11:46.276320
TXN0002620,CERT000868,PTY00116,PTY00001,2026-08-30 20:21:57.548512
TXN0002621,CERT000868,PTY00001,PTY00024,2026-08-31 08:44:41.691227
TXN0002622,CERT000869,PTY00115,PTY00002,2026-07-26 13:50:08.713964
TXN0002623,CERT000869,PTY00002,PTY00001,2026-07-27 00:13:52.495421
TXN0002624,CERT000869,PTY00001,PTY00115,2026-07-28 11:52:33.888541
TXN0002625,CERT000870,PTY00128,PTY00006,2026-09-04 19:38:00.375627
TXN0002626,CERT000870,PTY00006,PTY00001,2026-09-06 20:49:58.036797
TXN0002627,CERT000870,PTY00001,PTY00043,2026-09-08 09:23:55.592566
TXN0002628,CERT000870,PTY00043,PTY00002,2026-09-09 17:04:25.710143
TXN0002629,CERT000871,PTY00166,PTY00398,2026-07-09 13:33:39.442287
TXN0002630,CERT000871,PTY00398,PTY00263,2026-07-10 04:58:33.824721
TXN0002631,CERT000871,PTY00263,PTY00001,2026-07-12 11:17:06.132495
TXN0002632,CERT000871,PTY00001,PTY00026,2026-07-14 21:52:41.017650
TXN0002633,CERT000872,PTY00180,PTY00021,2026-09-04 10:44:21.554192
TXN0002634,CERT000872,PTY00021,PTY00048,2026-09-06 17:04:00.038173
TXN0002635,CERT000873,PTY00040,PTY00027,2026-08-19 22:25:18.144206
TXN0002636,CERT000873,PTY00027,PTY00003,2026-08-20 17:36:56.567994
TXN0002637,CERT000874,PTY00024,PTY00021,2026-07-05 11:10:02.827300
TXN0002638,CERT000874,PTY00021,PTY00001,2026-07-07 08:44:17.536248
TXN0002639,CERT000874,PTY00001,PTY00002,2026-07-08 21:30:53.660132
TXN0002640,CERT000874,PTY00002,PTY00001,2026-07-09 07:36:30.527029
TXN0002641,CERT000875,PTY00015,PTY00010,2026-07-27 12:10:05.393926
TXN0002642,CERT000875,PTY00010,PTY00098,2026-07-29 08:23:02.045461
TXN0002643,CERT000876,PTY00166,PTY00001,2026-08-04 22:53:21.598221
TXN0002644,CERT000876,PTY00001,PTY00004,2026-08-05 23:36:00.118774
TXN0002645,CERT000877,PTY00077,PTY00001,2026-07-16 16:12:59.967250
TXN0002646,CERT000877,PTY00001,PTY00017,2026-07-17 02:49:22.554598
TXN0002647,CERT000878,PTY00078,PTY00002,2026-06-28 18:07:29.931913
TXN0002648,CERT000878,PTY00002,PTY00001,2026-06-30 23:11:11.373454
TXN0002649,CERT000879,PTY00156,PTY00009,2026-08-16 09:43:19.335799
TXN0002650,CERT000879,PTY00009,PTY00001,2026-08-19 06:59:11.293884
TXN0002651,CERT000879,PTY00001,PTY00010,2026-08-20 10:50:58.474878
TXN0002652,CERT000879,PTY00010,PTY00021,2026-08-22 01:05:25.516621
TXN0002653,CERT000880,PTY00121,PTY00001,2026-06-27 17:08:00.779441
TXN0002654,CERT000880,PTY00001,PTY00004,2026-06-30 11:33:43.043936
TXN0002655,CERT000881,PTY00026,PTY00001,2026-06-28 11:33:01.596563
TXN0002656,CERT000881,PTY00001,PTY00002,2026-06-30 07:23:00.557415
TXN0002657,CERT000882,PTY00084,PTY00002,2026-09-02 17:05:03.334695
TXN0002658,CERT000882,PTY00002,PTY00007,2026-09-03 20:40:45.882228
TXN0002659,CERT000883,PTY00106,PTY00001,2026-07-09 08:44:21.521118
TXN0002660,CERT000883,PTY00001,PTY00079,2026-07-11 01:46:46.151504
TXN0002661,CERT000883,PTY00079,PTY00009,2026-07-12 00:35:37.270796
TXN0002662,CERT000883,PTY00009,PTY00002,2026-07-12 07:26:30.390288
TXN0002663,CERT000884,PTY00022,PTY00004,2026-08-04 22:41:47.564531
TXN0002664,CERT000884,PTY00004,PTY00171,2026-08-07 21:32:56.815114
TXN0002665,CERT000884,PTY00171,PTY00054,2026-08-10 15:07:38.201716
TXN0002666,CERT000884,PTY00054,PTY00001,2026-08-13 03:07:43.536982
TXN0002667,CERT000885,PTY00168,PTY00001,2026-07-22 21:28:43.415464
TXN0002668,CERT000885,PTY00001,PTY00026,2026-07-24 18:13:15.538714
TXN0002669,CERT000885,PTY00026,PTY00068,2026-07-25 12:46:06.767817
TXN0002670,CERT000886,PTY00080,PTY00092,2026-07-28 11:17:48.677306
TXN0002671,CERT000886,PTY00092,PTY00001,2026-07-29 04:07:57.008718
TXN0002672,CERT000886,PTY00001,PTY00030,2026-07-30 18:29:39.083068
TXN0002673,CERT000886,PTY00030,PTY00080,2026-07-31 03:11:15.479105
TXN0002674,CERT000887,PTY00157,PTY00004,2026-08-04 06:48:03.679780
TXN0002675,CERT000887,PTY00004,PTY00002,2026-08-04 13:49:07.137897
TXN0002676,CERT000888,PTY00096,PTY00003,2026-07-02 19:15:24.425162
TXN0002677,CERT000888,PTY00003,PTY00002,2026-07-03 07:10:51.800154
TXN0002678,CERT000889,PTY00021,PTY00010,2026-08-08 22:50:59.014375
TXN0002679,CERT000889,PTY00010,PTY00002,2026-08-11 15:46:44.229070
TXN0002680,CERT000889,PTY00002,PTY00005,2026-08-12 15:16:19.621107
TXN0002681,CERT000890,PTY00162,PTY00001,2026-07-22 04:57:17.120401
TXN0002682,CERT000890,PTY00001,PTY00014,2026-07-24 14:31:26.603751
TXN0002683,CERT000891,PTY00109,PTY00001,2026-08-19 17:31:51.335351
TXN0002684,CERT000891,PTY00001,PTY00026,2026-08-22 13:55:04.376284
TXN0002685,CERT000891,PTY00026,PTY00002,2026-08-24 16:11:15.217396
TXN0002686,CERT000892,PTY00055,PTY00001,2026-06-26 03:47:52.746556
TXN0002687,CERT000892,PTY00001,PTY00055,2026-06-27 21:09:04.296310
TXN0002688,CERT000893,PTY00090,PTY00002,2026-07-10 20:48:10.829023
TXN0002689,CERT000893,PTY00002,PTY00006,2026-07-13 09:40:53.933563
TXN0002690,CERT000894,PTY00171,PTY00008,2026-07-14 15:53:43.916418
TXN0002691,CERT000894,PTY00008,PTY00001,2026-07-17 14:00:42.566362
TXN0002692,CERT000894,PTY00001,PTY00005,2026-07-19 11:37:00.819233
TXN0002693,CERT000895,PTY00131,PTY00003,2026-08-05 12:50:47.290464
TXN0002694,CERT000895,PTY00003,PTY00363,2026-08-07 12:38:22.988251
TXN0002695,CERT000896,PTY00173,PTY00001,2026-08-15 14:38:57.477319
TXN0002696,CERT000896,PTY00001,PTY00004,2026-08-16 00:38:42.468910
TXN0002697,CERT000896,PTY00004,PTY00001,2026-08-18 01:54:58.471412
TXN0002698,CERT000896,PTY00001,PTY00387,2026-08-20 02:12:57.938556
TXN0002699,CERT000897,PTY00040,PTY00001,2026-08-23 05:40:52.328788
TXN0002700,CERT000897,PTY00001,PTY00002,2026-08-24 11:02:01.289684
TXN0002701,CERT000897,PTY00002,PTY00013,2026-08-27 08:44:15.767381
TXN0002702,CERT000897,PTY00013,PTY00003,2026-08-27 23:57:13.006549
TXN0002703,CERT000898,PTY00133,PTY00016,2026-09-09 13:11:48.214084
TXN0002704,CERT000898,PTY00016,PTY00007,2026-09-11 20:51:23.920336
TXN0002705,CERT000899,PTY00176,PTY00280,2026-09-07 09:32:36.818872
TXN0002706,CERT000899,PTY00280,PTY00010,2026-09-08 03:23:01.167243
TXN0002707,CERT000899,PTY00010,PTY00004,2026-09-10 13:13:11.432708
TXN0002708,CERT000899,PTY00004,PTY00003,2026-09-12 23:24:32.553519
TXN0002709,CERT000900,PTY00069,PTY00395,2026-08-15 20:49:43.991695
TXN0002710,CERT000900,PTY00395,PTY00001,2026-08-17 02:21:41.839895
TXN0002711,CERT000900,PTY00001,PTY00033,2026-08-19 15:33:54.730778
TXN0002712,CERT000900,PTY00033,PTY00003,2026-08-21 10:46:23.011353
TXN0002713,CERT000901,PTY00174,PTY00002,2026-07-22 20:55:42.113173
TXN0002714,CERT000901,PTY00002,PTY00001,2026-07-23 11:29:13.763440
TXN0002715,CERT000902,PTY00114,PTY00010,2026-07-10 13:14:45.617007
TXN0002716,CERT000902,PTY00010,PTY00001,2026-07-11 22:35:58.362165
TXN0002717,CERT000902,PTY00001,PTY00004,2026-07-14 02:11:44.310046
TXN0002718,CERT000902,PTY00004,PTY00003,2026-07-14 14:34:52.097438
TXN0002719,CERT000903,PTY00070,PTY00001,2026-06-27 19:09:32.224754
TXN0002720,CERT000903,PTY00001,PTY00043,2026-06-30 16:32:35.332939
TXN0002721,CERT000903,PTY00043,PTY00004,2026-07-02 13:16:02.890692
TXN0002722,CERT000903,PTY00004,PTY00002,2026-07-04 14:25:05.518088
TXN0002723,CERT000904,PTY00147,PTY00010,2026-07-28 06:49:21.238908
TXN0002724,CERT000904,PTY00010,PTY00001,2026-07-28 21:22:05.008223
TXN0002725,CERT000904,PTY00001,PTY00003,2026-07-31 02:14:46.144003
TXN0002726,CERT000904,PTY00003,PTY00001,2026-08-01 04:08:18.142237
TXN0002727,CERT000905,PTY00107,PTY00356,2026-08-29 15:04:31.236628
TXN0002728,CERT000905,PTY00356,PTY00006,2026-08-31 16:28:29.051061
TXN0002729,CERT000906,PTY00047,PTY00015,2026-07-11 01:13:25.666825
TXN0002730,CERT000906,PTY00015,PTY00021,2026-07-12 14:11:24.782987
TXN0002731,CERT000907,PTY00060,PTY00039,2026-07-16 17:13:04.737968
TXN0002732,CERT000907,PTY00039,PTY00002,2026-07-19 09:19:10.955227
TXN0002733,CERT000907,PTY00002,PTY00006,2026-07-21 23:52:21.712790
TXN0002734,CERT000907,PTY00006,PTY00008,2026-07-23 19:00:57.631415
TXN0002735,CERT000908,PTY00116,PTY00001,2026-08-02 06:29:27.891806
TXN0002736,CERT000908,PTY00001,PTY00024,2026-08-03 16:06:06.116636
TXN0002737,CERT000908,PTY00024,PTY00001,2026-08-04 15:27:09.207796
TXN0002738,CERT000908,PTY00001,PTY00004,2026-08-06 18:10:47.647827
TXN0002739,CERT000909,PTY00014,PTY00008,2026-08-23 10:31:10.628082
TXN0002740,CERT000909,PTY00008,PTY00003,2026-08-24 06:32:59.854179
TXN0002741,CERT000909,PTY00003,PTY00002,2026-08-25 08:43:51.653530
TXN0002742,CERT000909,PTY00002,PTY00001,2026-08-26 18:51:46.320202
TXN0002743,CERT000910,PTY00048,PTY00001,2026-06-27 05:43:44.114975
TXN0002744,CERT000910,PTY00001,PTY00048,2026-06-29 11:07:17.473395
TXN0002745,CERT000910,PTY00048,PTY00115,2026-06-29 16:17:03.188701
TXN0002746,CERT000910,PTY00115,PTY00001,2026-07-01 18:55:23.073573
TXN0002747,CERT000911,PTY00161,PTY00001,2026-07-23 16:57:12.776751
TXN0002748,CERT000911,PTY00001,PTY00013,2026-07-25 19:53:57.961544
TXN0002749,CERT000912,PTY00161,PTY00002,2026-07-29 11:45:34.869240
TXN0002750,CERT000912,PTY00002,PTY00048,2026-07-30 00:54:30.926041
TXN0002751,CERT000913,PTY00068,PTY00006,2026-08-19 16:05:16.625777
TXN0002752,CERT000913,PTY00006,PTY00019,2026-08-21 16:41:04.708484
TXN0002753,CERT000913,PTY00019,PTY00001,2026-08-22 11:50:07.230934
TXN0002754,CERT000913,PTY00001,PTY00007,2026-08-24 16:52:34.278004
TXN0002755,CERT000914,PTY00081,PTY00160,2026-06-18 12:44:37.572348
TXN0002756,CERT000914,PTY00160,PTY00002,2026-06-20 14:58:28.370961
TXN0002757,CERT000914,PTY00002,PTY00001,2026-06-22 02:22:00.222635
TXN0002758,CERT000914,PTY00001,PTY00008,2026-06-22 14:52:01.105458
TXN0002759,CERT000915,PTY00115,PTY00001,2026-08-24 13:34:42.642705
TXN0002760,CERT000915,PTY00001,PTY00287,2026-08-26 18:09:27.238255
TXN0002761,CERT000916,PTY00133,PTY00045,2026-07-09 15:06:12.319004
TXN0002762,CERT000916,PTY00045,PTY00003,2026-07-10 15:05:53.989429
TXN0002763,CERT000916,PTY00003,PTY00001,2026-07-12 21:09:24.445487
TXN0002764,CERT000916,PTY00001,PTY00034,2026-07-14 10:55:11.101862
TXN0002765,CERT000917,PTY00176,PTY00038,2026-06-14 08:38:06.755646
TXN0002766,CERT000917,PTY00038,PTY00028,2026-06-15 20:17:20.892418
TXN0002767,CERT000917,PTY00028,PTY00002,2026-06-18 08:19:00.670535
TXN0002768,CERT000917,PTY00002,PTY00005,2026-06-19 02:48:33.200024
TXN0002769,CERT000918,PTY00055,PTY00001,2026-08-25 01:51:42.960172
TXN0002770,CERT000918,PTY00001,PTY00073,2026-08-25 17:31:01.066754
TXN0002771,CERT000918,PTY00073,PTY00013,2026-08-27 22:28:17.909888
TXN0002772,CERT000918,PTY00013,PTY00001,2026-08-29 06:15:50.586275
TXN0002773,CERT000919,PTY00025,PTY00041,2026-08-06 03:58:43.611100
TXN0002774,CERT000919,PTY00041,PTY00006,2026-08-09 01:13:07.008213
TXN0002775,CERT000919,PTY00006,PTY00001,2026-08-11 21:11:54.864388
TXN0002776,CERT000919,PTY00001,PTY00006,2026-08-13 11:42:53.644545
TXN0002777,CERT000920,PTY00176,PTY00007,2026-07-17 11:48:45.328303
TXN0002778,CERT000920,PTY00007,PTY00005,2026-07-18 00:25:50.973342
TXN0002779,CERT000920,PTY00005,PTY00024,2026-07-20 14:32:30.930127
TXN0002780,CERT000920,PTY00024,PTY00072,2026-07-21 13:07:52.395032
TXN0002781,CERT000921,PTY00100,PTY00046,2026-09-09 11:13:00.636142
TXN0002782,CERT000921,PTY00046,PTY00004,2026-09-12 08:48:13.327912
TXN0002783,CERT000921,PTY00004,PTY00163,2026-09-14 10:20:55.962683
TXN0002784,CERT000921,PTY00163,PTY00027,2026-09-14 23:52:30.626335
TXN0002785,CERT000922,PTY00080,PTY00085,2026-08-19 20:38:54.080838
TXN0002786,CERT000922,PTY00085,PTY00217,2026-08-22 04:07:11.265777
TXN0002787,CERT000922,PTY00217,PTY00333,2026-08-22 08:56:49.285728
TXN0002788,CERT000923,PTY00113,PTY00003,2026-09-01 00:59:40.293557
TXN0002789,CERT000923,PTY00003,PTY00006,2026-09-03 04:09:15.683690
TXN0002790,CERT000923,PTY00006,PTY00012,2026-09-04 17:45:22.574198
TXN0002791,CERT000923,PTY00012,PTY00003,2026-09-05 23:00:04.240311
TXN0002792,CERT000924,PTY00094,PTY00001,2026-08-22 23:58:13.949938
TXN0002793,CERT000924,PTY00001,PTY00003,2026-08-25 05:54:31.592063
TXN0002794,CERT000925,PTY00135,PTY00044,2026-07-31 14:04:05.356384
TXN0002795,CERT000925,PTY00044,PTY00012,2026-07-31 18:16:15.218391
TXN0002796,CERT000925,PTY00012,PTY00002,2026-08-01 19:38:24.851113
TXN0002797,CERT000926,PTY00127,PTY00073,2026-08-09 12:43:46.123217
TXN0002798,CERT000926,PTY00073,PTY00039,2026-08-09 20:13:47.767107
TXN0002799,CERT000927,PTY00171,PTY00218,2026-07-10 14:37:28.944845
TXN0002800,CERT000927,PTY00218,PTY00001,2026-07-12 01:08:56.212272
TXN0002801,CERT000927,PTY00001,PTY00171,2026-07-13 03:19:02.764121
TXN0002802,CERT000928,PTY00047,PTY00002,2026-07-19 19:57:32.724500
TXN0002803,CERT000928,PTY00002,PTY00025,2026-07-21 04:28:58.874203
TXN0002804,CERT000929,PTY00060,PTY00018,2026-07-13 23:56:59.313536
TXN0002805,CERT000929,PTY00018,PTY00039,2026-07-14 14:50:26.877555
TXN0002806,CERT000929,PTY00039,PTY00001,2026-07-16 21:08:13.083628
TXN0002807,CERT000929,PTY00001,PTY00003,2026-07-16 22:20:07.328132
TXN0002808,CERT000930,PTY00090,PTY00052,2026-06-30 12:13:58.127476
TXN0002809,CERT000930,PTY00052,PTY00119,2026-07-02 00:44:14.058152
TXN0002810,CERT000930,PTY00119,PTY00071,2026-07-03 09:58:33.137670
TXN0002811,CERT000931,PTY00048,PTY00101,2026-06-25 01:22:56.741007
TXN0002812,CERT000931,PTY00101,PTY00004,2026-06-26 01:43:53.518682
TXN0002813,CERT000931,PTY00004,PTY00011,2026-06-29 01:22:43.499794
TXN0002814,CERT000932,PTY00122,PTY00005,2026-09-02 04:55:51.458719
TXN0002815,CERT000932,PTY00005,PTY00003,2026-09-04 06:19:53.594019
TXN0002816,CERT000933,PTY00069,PTY00019,2026-08-27 23:51:52.974258
TXN0002817,CERT000933,PTY00019,PTY00005,2026-08-28 21:48:16.094069
TXN0002818,CERT000933,PTY00005,PTY00001,2026-08-31 05:36:12.829082
TXN0002819,CERT000933,PTY00001,PTY00003,2026-08-31 22:29:04.213283
TXN0002820,CERT000934,PTY00168,PTY00001,2026-07-27 23:20:49.777572
TXN0002821,CERT000934,PTY00001,PTY00014,2026-07-30 04:45:49.207571
TXN0002822,CERT000934,PTY00014,PTY00001,2026-07-31 04:09:01.140062
TXN0002823,CERT000934,PTY00001,PTY00003,2026-08-03 00:34:17.620858
TXN0002824,CERT000935,PTY00065,PTY00008,2026-08-17 06:49:10.020916
TXN0002825,CERT000935,PTY00008,PTY00013,2026-08-19 19:43:03.896999
TXN0002826,CERT000936,PTY00084,PTY00026,2026-07-31 05:37:20.102561
TXN0002827,CERT000936,PTY00026,PTY00172,2026-08-02 23:42:45.876243
TXN0002828,CERT000936,PTY00172,PTY00001,2026-08-05 11:38:00.066023
TXN0002829,CERT000936,PTY00001,PTY00007,2026-08-08 02:06:40.550814
TXN0002830,CERT000937,PTY00044,PTY00034,2026-09-04 00:50:02.807104
TXN0002831,CERT000937,PTY00034,PTY00002,2026-09-04 03:52:56.458218
TXN0002832,CERT000937,PTY00002,PTY00001,2026-09-05 12:31:43.994529
TXN0002833,CERT000937,PTY00001,PTY00058,2026-09-07 20:27:33.988090
TXN0002834,CERT000938,PTY00119,PTY00001,2026-07-03 15:41:46.955954
TXN0002835,CERT000938,PTY00001,PTY00103,2026-07-03 23:11:15.204910
TXN0002836,CERT000938,PTY00103,PTY00005,2026-07-04 06:29:34.396645
TXN0002837,CERT000938,PTY00005,PTY00003,2026-07-04 16:29:42.307153
TXN0002838,CERT000939,PTY00146,PTY00072,2026-08-15 14:56:30.088493
TXN0002839,CERT000939,PTY00072,PTY00263,2026-08-17 04:17:57.341319
TXN0002840,CERT000939,PTY00263,PTY00037,2026-08-18 11:38:10.545916
TXN0002841,CERT000940,PTY00094,PTY00001,2026-08-08 16:40:14.619589
TXN0002842,CERT000940,PTY00001,PTY00017,2026-08-10 21:31:37.104477
TXN0002843,CERT000940,PTY00017,PTY00002,2026-08-11 13:39:56.225699
TXN0002844,CERT000940,PTY00002,PTY00001,2026-08-13 01:21:05.930164
TXN0002845,CERT000941,PTY00055,PTY00001,2026-09-06 11:47:01.627456
TXN0002846,CERT000941,PTY00001,PTY00008,2026-09-06 18:51:06.742926
TXN0002847,CERT000942,PTY00041,PTY00001,2026-09-10 11:49:25.216502
TXN0002848,CERT000942,PTY00001,PTY00159,2026-09-10 22:50:14.020897
TXN0002849,CERT000942,PTY00159,PTY00223,2026-09-12 11:40:25.194332
TXN0002850,CERT000942,PTY00223,PTY00003,2026-09-13 01:04:22.764435
TXN0002851,CERT000943,PTY00109,PTY00007,2026-07-28 17:32:23.162163
TXN0002852,CERT000943,PTY00007,PTY00038,2026-07-31 08:51:15.427026
TXN0002853,CERT000943,PTY00038,PTY00008,2026-08-03 01:02:41.286438
TXN0002854,CERT000943,PTY00008,PTY00004,2026-08-03 21:43:56.829300
TXN0002855,CERT000944,PTY00141,PTY00002,2026-06-22 16:06:30.123319
TXN0002856,CERT000944,PTY00002,PTY00001,2026-06-24 20:44:15.727746
TXN0002857,CERT000945,PTY00132,PTY00001,2026-07-29 08:29:50.983979
TXN0002858,CERT000945,PTY00001,PTY00041,2026-07-29 14:12:36.754267
TXN0002859,CERT000945,PTY00041,PTY00001,2026-07-30 16:40:21.075634
TXN0002860,CERT000945,PTY00001,PTY00002,2026-08-01 23:46:59.196940
TXN0002861,CERT000946,PTY00081,PTY00008,2026-07-10 16:17:21.189823
TXN0002862,CERT000946,PTY00008,PTY00012,2026-07-13 14:32:54.387093
TXN0002863,CERT000947,PTY00160,PTY00010,2026-08-13 13:45:49.540038
TXN0002864,CERT000947,PTY00010,PTY00006,2026-08-15 23:07:13.996172
TXN0002865,CERT000947,PTY00006,PTY00001,2026-08-18 03:04:19.814412
TXN0002866,CERT000947,PTY00001,PTY00003,2026-08-20 23:22:10.603761
TXN0002867,CERT000948,PTY00066,PTY00001,2026-07-14 13:33:42.683232
TXN0002868,CERT000948,PTY00001,PTY00002,2026-07-15 01:11:20.253656
TXN0002869,CERT000949,PTY00172,PTY00001,2026-07-28 15:48:02.942687
TXN0002870,CERT000949,PTY00001,PTY00002,2026-07-29 23:51:41.251787
TXN0002871,CERT000949,PTY00002,PTY00001,2026-07-31 01:29:05.223053
TXN0002872,CERT000950,PTY00176,PTY00022,2026-08-22 23:22:31.251266
TXN0002873,CERT000950,PTY00022,PTY00002,2026-08-23 11:51:15.981010
TXN0002874,CERT000951,PTY00131,PTY00333,2026-09-08 23:39:32.527714
TXN0002875,CERT000951,PTY00333,PTY00001,2026-09-09 01:01:07.682180
TXN0002876,CERT000951,PTY00001,PTY00006,2026-09-10 22:44:07.114526
TXN0002877,CERT000952,PTY00083,PTY00001,2026-08-09 01:59:55.455720
TXN0002878,CERT000952,PTY00001,PTY00003,2026-08-09 21:00:53.628653
TXN0002879,CERT000952,PTY00003,PTY00001,2026-08-10 17:02:02.303842
TXN0002880,CERT000953,PTY00142,PTY00002,2026-06-30 10:07:32.042947
TXN0002881,CERT000953,PTY00002,PTY00005,2026-07-02 01:37:17.249780
TXN0002882,CERT000953,PTY00005,PTY00001,2026-07-04 01:59:48.815293
TXN0002883,CERT000954,PTY00154,PTY00006,2026-07-24 07:49:51.298969
TXN0002884,CERT000954,PTY00006,PTY00003,2026-07-25 10:07:22.891411
TXN0002885,CERT000954,PTY00003,PTY00004,2026-07-28 04:34:31.952329
TXN0002886,CERT000955,PTY00120,PTY00001,2026-07-01 14:08:26.066342
TXN0002887,CERT000955,PTY00001,PTY00206,2026-07-02 06:18:12.771304
TXN0002888,CERT000956,PTY00137,PTY00004,2026-07-15 09:14:22.093833
TXN0002889,CERT000956,PTY00004,PTY00003,2026-07-17 02:15:44.381116
TXN0002890,CERT000956,PTY00003,PTY00400,2026-07-19 00:59:56.300963
TXN0002891,CERT000956,PTY00400,PTY00012,2026-07-20 12:53:31.980059
TXN0002892,CERT000957,PTY00139,PTY00001,2026-07-02 15:27:23.559955
TXN0002893,CERT000957,PTY00001,PTY00002,2026-07-03 14:18:53.417143
TXN0002894,CERT000957,PTY00002,PTY00096,2026-07-05 08:06:24.154325
TXN0002895,CERT000957,PTY00096,PTY00017,2026-07-07 01:51:09.382026
TXN0002896,CERT000958,PTY00144,PTY00002,2026-08-31 11:38:56.631359
TXN0002897,CERT000958,PTY00002,PTY00005,2026-08-31 14:40:58.531402
TXN0002898,CERT000959,PTY00171,PTY00005,2026-09-10 15:15:07.805294
TXN0002899,CERT000959,PTY00005,PTY00004,2026-09-11 20:20:41.438684
TXN0002900,CERT000960,PTY00078,PTY00001,2026-08-15 18:48:03.078511
TXN0002901,CERT000960,PTY00001,PTY00029,2026-08-18 11:59:26.363214
TXN0002902,CERT000960,PTY00029,PTY00001,2026-08-19 20:45:47.541525
TXN0002903,CERT000961,PTY00102,PTY00001,2026-08-18 15:56:31.627784
TXN0002904,CERT000961,PTY00001,PTY00002,2026-08-20 04:54:03.464434
TXN0002905,CERT000961,PTY00002,PTY00128,2026-08-20 20:02:14.009860
TXN0002906,CERT000962,PTY00148,PTY00014,2026-08-18 12:39:29.784858
TXN0002907,CERT000962,PTY00014,PTY00004,2026-08-21 10:35:18.380678
TXN0002908,CERT000962,PTY00004,PTY00001,2026-08-24 03:12:15.712728
TXN0002909,CERT000962,PTY00001,PTY00024,2026-08-24 22:35:35.109063
TXN0002910,CERT000963,PTY00040,PTY00003,2026-08-20 01:54:12.188448
TXN0002911,CERT000963,PTY00003,PTY00002,2026-08-22 15:19:10.107940
TXN0002912,CERT000964,PTY00117,PTY00049,2026-08-23 04:31:19.181272
TXN0002913,CERT000964,PTY00049,PTY00020,2026-08-24 03:51:16.754076
TXN0002914,CERT000964,PTY00020,PTY00001,2026-08-25 09:43:59.639638
TXN0002915,CERT000964,PTY00001,PTY00002,2026-08-28 03:57:53.590646
TXN0002916,CERT000965,PTY00166,PTY00004,2026-06-25 14:08:15.869298
TXN0002917,CERT000965,PTY00004,PTY00012,2026-06-27 17:08:25.565409
TXN0002918,CERT000966,PTY00025,PTY00001,2026-07-02 23:43:30.391109
TXN0002919,CERT000966,PTY00001,PTY00143,2026-07-04 12:13:25.324113
TXN0002920,CERT000967,PTY00027,PTY00001,2026-08-16 09:34:26.578001
TXN0002921,CERT000967,PTY00001,PTY00060,2026-08-16 19:19:14.424585
TXN0002922,CERT000967,PTY00060,PTY00002,2026-08-18 19:16:32.751809
TXN0002923,CERT000968,PTY00074,PTY00009,2026-06-26 11:17:51.209804
TXN0002924,CERT000968,PTY00009,PTY00213,2026-06-26 21:08:41.954308
TXN0002925,CERT000969,PTY00079,PTY00002,2026-06-23 11:32:51.882144
TXN0002926,CERT000969,PTY00002,PTY00093,2026-06-25 01:58:04.327733
TXN0002927,CERT000969,PTY00093,PTY00045,2026-06-25 07:13:15.969309
TXN0002928,CERT000969,PTY00045,PTY00001,2026-06-26 02:38:13.496088
TXN0002929,CERT000970,PTY00060,PTY00002,2026-08-06 20:02:34.448938
TXN0002930,CERT000970,PTY00002,PTY00029,2026-08-08 13:23:57.261982
TXN0002931,CERT000970,PTY00029,PTY00001,2026-08-08 21:46:12.975086
TXN0002932,CERT000970,PTY00001,PTY00060,2026-08-10 15:24:13.355076
TXN0002933,CERT000971,PTY00071,PTY00002,2026-06-28 12:46:47.670173
TXN0002934,CERT000971,PTY00002,PTY00081,2026-06-29 02:10:12.529024
TXN0002935,CERT000972,PTY00161,PTY00002,2026-07-23 06:24:49.448873
TXN0002936,CERT000972,PTY00002,PTY00001,2026-07-24 03:52:22.365155
TXN0002937,CERT000973,PTY00032,PTY00007,2026-08-27 15:23:42.513019
TXN0002938,CERT000973,PTY00007,PTY00001,2026-08-28 04:00:26.330433
TXN0002939,CERT000973,PTY00001,PTY00032,2026-08-30 22:03:56.412350
TXN0002940,CERT000974,PTY00069,PTY00130,2026-08-23 15:58:40.347719
TXN0002941,CERT000974,PTY00130,PTY00011,2026-08-24 07:30:39.539752
TXN0002942,CERT000974,PTY00011,PTY00007,2026-08-24 17:42:41.652343
TXN0002943,CERT000975,PTY00140,PTY00124,2026-09-04 16:38:16.956550
TXN0002944,CERT000975,PTY00124,PTY00116,2026-09-05 17:20:24.294008
TXN0002945,CERT000975,PTY00116,PTY00002,2026-09-06 22:47:11.712461
TXN0002946,CERT000976,PTY00164,PTY00005,2026-08-05 18:47:24.538227
TXN0002947,CERT000976,PTY00005,PTY00001,2026-08-07 22:04:19.419973
TXN0002948,CERT000977,PTY00116,PTY00200,2026-08-27 12:09:55.047639
TXN0002949,CERT000977,PTY00200,PTY00039,2026-08-29 08:18:48.638568
TXN0002950,CERT000978,PTY00113,PTY00001,2026-07-19 04:45:56.417483
TXN0002951,CERT000978,PTY00001,PTY00006,2026-07-20 04:18:44.277970
TXN0002952,CERT000979,PTY00103,PTY00017,2026-08-22 17:05:14.890080
TXN0002953,CERT000979,PTY00017,PTY00012,2026-08-25 15:42:39.113120
TXN0002954,CERT000979,PTY00012,PTY00001,2026-08-27 08:58:01.203091
TXN0002955,CERT000979,PTY00001,PTY00032,2026-08-28 03:57:19.707825
TXN0002956,CERT000980,PTY00045,PTY00101,2026-07-13 15:52:55.308774
TXN0002957,CERT000980,PTY00101,PTY00042,2026-07-16 08:39:33.031220
TXN0002958,CERT000980,PTY00042,PTY00003,2026-07-16 13:06:16.264443
TXN0002959,CERT000980,PTY00003,PTY00001,2026-07-16 18:49:52.054174
TXN0002960,CERT000981,PTY00026,PTY00001,2026-08-20 16:26:53.020313
TXN0002961,CERT000981,PTY00001,PTY00005,2026-08-22 19:19:30.528290
TXN0002962,CERT000981,PTY00005,PTY00012,2026-08-23 02:54:35.842324
TXN0002963,CERT000982,PTY00082,PTY00003,2026-07-22 07:34:07.150504
TXN0002964,CERT000982,PTY00003,PTY00189,2026-07-23 15:40:53.442756
TXN0002965,CERT000983,PTY00174,PTY00009,2026-08-30 10:39:00.575683
TXN0002966,CERT000983,PTY00009,PTY00337,2026-08-31 20:33:57.840461
TXN0002967,CERT000983,PTY00337,PTY00002,2026-09-03 14:51:31.049209
TXN0002968,CERT000983,PTY00002,PTY00006,2026-09-05 17:55:08.720678
TXN0002969,CERT000984,PTY00092,PTY00026,2026-08-03 20:50:41.643973
TXN0002970,CERT000984,PTY00026,PTY00001,2026-08-06 06:34:16.465429
TXN0002971,CERT000984,PTY00001,PTY00002,2026-08-06 23:21:38.372065
TXN0002972,CERT000985,PTY00042,PTY00001,2026-07-30 16:59:48.448855
TXN0002973,CERT000985,PTY00001,PTY00021,2026-08-02 13:44:19.874469
TXN0002974,CERT000986,PTY00039,PTY00001,2026-08-09 13:50:47.597325
TXN0002975,CERT000986,PTY00001,PTY00005,2026-08-10 23:28:44.340630
TXN0002976,CERT000986,PTY00005,PTY00001,2026-08-12 01:37:20.131280
TXN0002977,CERT000987,PTY00048,PTY00001,2026-07-05 22:12:10.365306
TXN0002978,CERT000987,PTY00001,PTY00374,2026-07-08 04:39:54.019670
TXN0002979,CERT000987,PTY00374,PTY00002,2026-07-10 16:20:12.490103
TXN0002980,CERT000988,PTY00038,PTY00002,2026-08-04 16:19:23.224546
TXN0002981,CERT000988,PTY00002,PTY00001,2026-08-05 06:06:23.978978
TXN0002982,CERT000988,PTY00001,PTY00011,2026-08-07 18:56:34.824458
TXN0002983,CERT000988,PTY00011,PTY00001,2026-08-07 22:16:01.721916
TXN0002984,CERT000989,PTY00087,PTY00011,2026-07-21 18:24:32.816542
TXN0002985,CERT000989,PTY00011,PTY00015,2026-07-24 11:05:29.305544
TXN0002986,CERT000989,PTY00015,PTY00001,2026-07-25 15:37:16.040184
TXN0002987,CERT000990,PTY00097,PTY00002,2026-07-04 13:47:47.094120
TXN0002988,CERT000990,PTY00002,PTY00011,2026-07-05 17:38:43.248328
TXN0002989,CERT000990,PTY00011,PTY00007,2026-07-06 16:18:00.102806
TXN0002990,CERT000991,PTY00125,PTY00004,2026-09-11 21:42:24.663044
TXN0002991,CERT000991,PTY00004,PTY00001,2026-09-13 01:55:31.611735
TXN0002992,CERT000991,PTY00001,PTY00011,2026-09-15 21:48:22.437288
TXN0002993,CERT000991,PTY00011,PTY00008,2026-09-16 22:27:27.029484
TXN0002994,CERT000992,PTY00034,PTY00281,2026-08-12 17:48:23.992008
TXN0002995,CERT000992,PTY00281,PTY00138,2026-08-14 09:48:36.633776
TXN0002996,CERT000992,PTY00138,PTY00007,2026-08-16 13:21:21.406385
TXN0002997,CERT000993,PTY00072,PTY00012,2026-07-10 03:31:41.060165
TXN0002998,CERT000993,PTY00012,PTY00010,2026-07-12 15:52:20.041654
TXN0002999,CERT000993,PTY00010,PTY00001,2026-07-14 12:26:03.654336
TXN0003000,CERT000994,PTY00162,PTY00001,2026-08-03 12:31:20.392304
TXN0003001,CERT000994,PTY00001,PTY00018,2026-08-04 21:51:12.384988
TXN0003002,CERT000995,PTY00142,PTY00001,2026-08-05 14:13:28.761758
TXN0003003,CERT000995,PTY00001,PTY00002,2026-08-06 08:52:48.171224
TXN0003004,CERT000996,PTY00027,PTY00008,2026-06-29 05:51:28.898040
TXN0003005,CERT000996,PTY00008,PTY00001,2026-07-01 15:07:09.404520
TXN0003006,CERT000996,PTY00001,PTY00025,2026-07-02 10:38:33.477728
TXN0003007,CERT000996,PTY00025,PTY00015,2026-07-04 14:31:03.287086
TXN0003008,CERT000997,PTY00151,PTY00004,2026-08-12 21:44:13.745976
TXN0003009,CERT000997,PTY00004,PTY00015,2026-08-14 13:18:39.528887
TXN0003010,CERT000998,PTY00173,PTY00076,2026-09-09 00:37:06.559760
TXN0003011,CERT000998,PTY00076,PTY00002,2026-09-10 20:48:54.424740
TXN0003012,CERT000998,PTY00002,PTY00024,2026-09-13 01:58:23.516636
TXN0003013,CERT000998,PTY00024,PTY00001,2026-09-15 03:46:46.875756
TXN0003014,CERT000999,PTY00021,PTY00010,2026-07-06 05:50:33.873764
TXN0003015,CERT000999,PTY00010,PTY00302,2026-07-07 21:16:30.490199
TXN0003016,CERT001000,PTY00028,PTY00008,2026-08-03 15:43:32.389370
TXN0003017,CERT001000,PTY00008,PTY00002,2026-08-04 02:30:54.062206
TXN0003018,CERT001001,PTY00084,PTY00005,2026-07-12 13:19:08.358845
TXN0003019,CERT001001,PTY00005,PTY00001,2026-07-13 14:14:41.244941
TXN0003020,CERT001002,PTY00178,PTY00001,2026-07-27 21:41:10.453214
TXN0003021,CERT001002,PTY00001,PTY00038,2026-07-30 18:21:43.924984
TXN0003022,CERT001002,PTY00038,PTY00302,2026-08-01 01:19:19.298668
TXN0003023,CERT001003,PTY00144,PTY00014,2026-08-22 13:04:42.099315
TXN0003024,CERT001003,PTY00014,PTY00011,2026-08-23 21:59:42.694749
TXN0003025,CERT001003,PTY00011,PTY00032,2026-08-25 12:52:48.027655
TXN0003026,CERT001003,PTY00032,PTY00002,2026-08-26 13:27:05.071266
TXN0003027,CERT001004,PTY00048,PTY00008,2026-07-28 00:51:03.408321
TXN0003028,CERT001004,PTY00008,PTY00001,2026-07-31 00:16:47.456698
TXN0003029,CERT001004,PTY00001,PTY00036,2026-08-02 21:34:47.466612
TXN0003030,CERT001005,PTY00094,PTY00002,2026-08-26 21:30:24.352320
TXN0003031,CERT001005,PTY00002,PTY00192,2026-08-28 16:58:23.282074
TXN0003032,CERT001006,PTY00108,PTY00014,2026-08-20 16:50:07.162078
TXN0003033,CERT001006,PTY00014,PTY00164,2026-08-20 20:08:20.404095
TXN0003034,CERT001006,PTY00164,PTY00251,2026-08-23 10:56:51.057665
TXN0003035,CERT001007,PTY00146,PTY00098,2026-07-21 18:06:55.101965
TXN0003036,CERT001007,PTY00098,PTY00011,2026-07-21 20:22:01.690089
TXN0003037,CERT001008,PTY00104,PTY00001,2026-08-15 14:53:20.386775
TXN0003038,CERT001008,PTY00001,PTY00212,2026-08-17 14:53:59.138201
TXN0003039,CERT001008,PTY00212,PTY00004,2026-08-19 19:25:36.004642
TXN0003040,CERT001009,PTY00180,PTY00007,2026-06-16 10:35:37.835005
TXN0003041,CERT001009,PTY00007,PTY00002,2026-06-17 10:17:25.351853
TXN0003042,CERT001010,PTY00079,PTY00014,2026-07-12 14:41:27.060176
TXN0003043,CERT001010,PTY00014,PTY00072,2026-07-13 13:50:18.638455
TXN0003044,CERT001010,PTY00072,PTY00001,2026-07-15 12:58:46.951527
TXN0003045,CERT001011,PTY00108,PTY00002,2026-08-08 21:45:54.001775
TXN0003046,CERT001011,PTY00002,PTY00001,2026-08-09 09:05:39.367013
TXN0003047,CERT001012,PTY00135,PTY00065,2026-07-24 11:59:59.785459
TXN0003048,CERT001012,PTY00065,PTY00018,2026-07-26 11:32:16.818756
TXN0003049,CERT001013,PTY00041,PTY00004,2026-09-10 15:49:39.894600
TXN0003050,CERT001013,PTY00004,PTY00001,2026-09-11 11:27:55.475596
TXN0003051,CERT001013,PTY00001,PTY00003,2026-09-12 09:36:17.903309
TXN0003052,CERT001013,PTY00003,PTY00041,2026-09-14 05:54:33.267846
TXN0003053,CERT001014,PTY00081,PTY00003,2026-07-12 14:07:51.250263
TXN0003054,CERT001014,PTY00003,PTY00001,2026-07-15 05:45:00.143573
TXN0003055,CERT001015,PTY00094,PTY00006,2026-08-08 13:09:05.228751
TXN0003056,CERT001015,PTY00006,PTY00015,2026-08-10 20:49:27.277839
TXN0003057,CERT001015,PTY00015,PTY00008,2026-08-11 14:39:54.153989
TXN0003058,CERT001015,PTY00008,PTY00061,2026-08-13 19:38:43.974974
TXN0003059,CERT001016,PTY00149,PTY00272,2026-08-10 09:29:27.868877
TXN0003060,CERT001016,PTY00272,PTY00001,2026-08-11 21:57:19.226795
TXN0003061,CERT001017,PTY00054,PTY00001,2026-09-06 15:32:16.729476
TXN0003062,CERT001017,PTY00001,PTY00013,2026-09-08 07:59:23.775263
TXN0003063,CERT001017,PTY00013,PTY00002,2026-09-09 20:49:25.175245
TXN0003064,CERT001017,PTY00002,PTY00054,2026-09-11 07:42:18.591452
TXN0003065,CERT001018,PTY00145,PTY00001,2026-08-11 01:24:08.124236
TXN0003066,CERT001018,PTY00001,PTY00005,2026-08-13 13:23:46.931921
TXN0003067,CERT001018,PTY00005,PTY00207,2026-08-16 08:47:15.342939
TXN0003068,CERT001018,PTY00207,PTY00001,2026-08-16 10:47:42.383618
TXN0003069,CERT001019,PTY00061,PTY00005,2026-07-08 19:14:35.313193
TXN0003070,CERT001019,PTY00005,PTY00002,2026-07-09 23:19:56.641329
TXN0003071,CERT001019,PTY00002,PTY00254,2026-07-10 00:43:56.507283
TXN0003072,CERT001020,PTY00048,PTY00275,2026-09-08 05:38:20.242791
TXN0003073,CERT001020,PTY00275,PTY00003,2026-09-10 03:56:16.720451
TXN0003074,CERT001020,PTY00003,PTY00048,2026-09-10 23:31:52.102020
TXN0003075,CERT001021,PTY00053,PTY00001,2026-08-20 17:07:39.349539
TXN0003076,CERT001021,PTY00001,PTY00004,2026-08-23 07:37:13.009516
TXN0003077,CERT001021,PTY00004,PTY00002,2026-08-24 19:44:21.424904
TXN0003078,CERT001021,PTY00002,PTY00001,2026-08-25 16:18:22.897718
TXN0003079,CERT001022,PTY00060,PTY00001,2026-07-22 02:33:22.138897
TXN0003080,CERT001022,PTY00001,PTY00058,2026-07-23 06:31:47.176020
TXN0003081,CERT001022,PTY00058,PTY00001,2026-07-24 14:11:33.247605
TXN0003082,CERT001023,PTY00057,PTY00043,2026-07-10 16:17:22.713882
TXN0003083,CERT001023,PTY00043,PTY00028,2026-07-13 01:07:17.336078
TXN0003084,CERT001023,PTY00028,PTY00001,2026-07-15 00:16:59.134990
TXN0003085,CERT001024,PTY00123,PTY00004,2026-07-05 03:51:46.380150
TXN0003086,CERT001024,PTY00004,PTY00001,2026-07-06 22:46:53.453158
TXN0003087,CERT001024,PTY00001,PTY00143,2026-07-09 11:04:56.759787
TXN0003088,CERT001025,PTY00147,PTY00002,2026-06-17 15:36:22.536798
TXN0003089,CERT001025,PTY00002,PTY00052,2026-06-19 20:55:54.521464
TXN0003090,CERT001026,PTY00124,PTY00002,2026-08-31 00:42:52.404644
TXN0003091,CERT001026,PTY00002,PTY00001,2026-09-02 14:12:57.527779
TXN0003092,CERT001027,PTY00132,PTY00061,2026-06-30 11:49:20.106140
TXN0003093,CERT001027,PTY00061,PTY00002,2026-07-01 08:06:59.351626
TXN0003094,CERT001028,PTY00112,PTY00025,2026-09-01 01:14:53.156688
TXN0003095,CERT001028,PTY00025,PTY00001,2026-09-01 12:59:10.164598
TXN0003096,CERT001029,PTY00074,PTY00002,2026-08-13 13:17:09.413298
TXN0003097,CERT001029,PTY00002,PTY00017,2026-08-15 04:15:20.938659
TXN0003098,CERT001029,PTY00017,PTY00023,2026-08-16 22:30:34.334317
TXN0003099,CERT001029,PTY00023,PTY00001,2026-08-19 03:37:54.205269
TXN0003100,CERT001030,PTY00023,PTY00001,2026-07-22 17:37:54.922336
TXN0003101,CERT001030,PTY00001,PTY00011,2026-07-25 08:18:16.051393
TXN0003102,CERT001030,PTY00011,PTY00067,2026-07-26 16:53:49.528854
TXN0003103,CERT001031,PTY00023,PTY00002,2026-08-05 11:25:18.624468
TXN0003104,CERT001031,PTY00002,PTY00063,2026-08-08 04:31:24.561300
TXN0003105,CERT001032,PTY00038,PTY00030,2026-08-11 15:34:45.240123
TXN0003106,CERT001032,PTY00030,PTY00005,2026-08-11 18:35:01.097257
TXN0003107,CERT001033,PTY00157,PTY00009,2026-06-22 12:06:25.748005
TXN0003108,CERT001033,PTY00009,PTY00005,2026-06-23 19:37:47.133785
TXN0003109,CERT001033,PTY00005,PTY00001,2026-06-24 08:02:33.892663
TXN0003110,CERT001033,PTY00001,PTY00157,2026-06-25 06:42:03.418080
TXN0003111,CERT001034,PTY00098,PTY00001,2026-08-29 07:24:21.899450
TXN0003112,CERT001034,PTY00001,PTY00004,2026-08-30 20:26:28.695344
TXN0003113,CERT001034,PTY00004,PTY00002,2026-09-01 13:47:42.216505
TXN0003114,CERT001034,PTY00002,PTY00001,2026-09-03 02:59:14.421713
TXN0003115,CERT001035,PTY00169,PTY00001,2026-08-27 11:46:30.892145
TXN0003116,CERT001035,PTY00001,PTY00118,2026-08-30 05:29:14.523655
TXN0003117,CERT001036,PTY00071,PTY00001,2026-09-07 21:53:07.204825
TXN0003118,CERT001036,PTY00001,PTY00157,2026-09-09 13:07:51.246521
TXN0003119,CERT001037,PTY00019,PTY00001,2026-07-31 00:35:51.346757
TXN0003120,CERT001037,PTY00001,PTY00080,2026-08-02 09:18:44.355226
TXN0003121,CERT001038,PTY00120,PTY00003,2026-09-11 11:28:19.192026
TXN0003122,CERT001038,PTY00003,PTY00012,2026-09-14 07:05:36.283430
TXN0003123,CERT001039,PTY00098,PTY00162,2026-07-20 11:00:49.844900
TXN0003124,CERT001039,PTY00162,PTY00001,2026-07-21 00:10:04.294636
TXN0003125,CERT001039,PTY00001,PTY00098,2026-07-21 18:15:52.749739
TXN0003126,CERT001040,PTY00073,PTY00001,2026-08-04 14:58:07.610969
TXN0003127,CERT001040,PTY00001,PTY00105,2026-08-06 04:27:21.655497
TXN0003128,CERT001041,PTY00063,PTY00004,2026-07-11 18:33:30.797417
TXN0003129,CERT001041,PTY00004,PTY00002,2026-07-12 08:56:37.049016
TXN0003130,CERT001042,PTY00040,PTY00119,2026-07-20 08:13:52.708445
TXN0003131,CERT001042,PTY00119,PTY00001,2026-07-21 04:07:24.733733
TXN0003132,CERT001042,PTY00001,PTY00005,2026-07-23 01:22:29.727920
TXN0003133,CERT001042,PTY00005,PTY00003,2026-07-24 06:14:18.630092
TXN0003134,CERT001043,PTY00030,PTY00011,2026-09-09 17:43:21.959383
TXN0003135,CERT001043,PTY00011,PTY00265,2026-09-12 08:13:01.050057
TXN0003136,CERT001044,PTY00119,PTY00001,2026-07-30 12:42:14.875162
TXN0003137,CERT001044,PTY00001,PTY00041,2026-08-01 16:33:39.706034
TXN0003138,CERT001044,PTY00041,PTY00007,2026-08-04 06:05:18.768370
TXN0003139,CERT001044,PTY00007,PTY00001,2026-08-06 21:55:38.507644
TXN0003140,CERT001045,PTY00149,PTY00001,2026-06-26 12:55:05.228622
TXN0003141,CERT001045,PTY00001,PTY00016,2026-06-29 10:32:13.538812
TXN0003142,CERT001046,PTY00174,PTY00001,2026-06-26 15:34:10.412788
TXN0003143,CERT001046,PTY00001,PTY00004,2026-06-26 21:52:18.475816
TXN0003144,CERT001046,PTY00004,PTY00001,2026-06-27 02:03:24.266545
TXN0003145,CERT001046,PTY00001,PTY00004,2026-06-29 16:35:21.776327
TXN0003146,CERT001047,PTY00137,PTY00008,2026-07-25 12:34:59.402948
TXN0003147,CERT001047,PTY00008,PTY00385,2026-07-25 23:26:00.813058
TXN0003148,CERT001047,PTY00385,PTY00001,2026-07-26 11:28:30.100467
TXN0003149,CERT001047,PTY00001,PTY00013,2026-07-26 22:04:53.054530
TXN0003150,CERT001048,PTY00043,PTY00028,2026-06-16 16:22:59.521710
TXN0003151,CERT001048,PTY00028,PTY00005,2026-06-19 10:11:11.286199
TXN0003152,CERT001048,PTY00005,PTY00006,2026-06-20 01:59:50.865299
TXN0003153,CERT001048,PTY00006,PTY00002,2026-06-21 16:36:59.452633
TXN0003154,CERT001049,PTY00052,PTY00003,2026-07-26 15:40:07.762405
TXN0003155,CERT001049,PTY00003,PTY00001,2026-07-27 23:32:57.378538
TXN0003156,CERT001049,PTY00001,PTY00017,2026-07-29 03:54:46.415631
TXN0003157,CERT001050,PTY00179,PTY00058,2026-07-20 10:58:24.897093
TXN0003158,CERT001050,PTY00058,PTY00002,2026-07-22 14:24:59.567980
TXN0003159,CERT001050,PTY00002,PTY00001,2026-07-22 23:53:39.034144
TXN0003160,CERT001051,PTY00173,PTY00001,2026-08-24 13:59:57.120869
TXN0003161,CERT001051,PTY00001,PTY00013,2026-08-26 15:21:40.101757
TXN0003162,CERT001051,PTY00013,PTY00010,2026-08-29 04:22:26.460753
TXN0003163,CERT001052,PTY00014,PTY00001,2026-06-25 22:06:11.127525
TXN0003164,CERT001052,PTY00001,PTY00006,2026-06-26 00:54:43.670747
TXN0003165,CERT001052,PTY00006,PTY00001,2026-06-28 03:02:56.119727
TXN0003166,CERT001052,PTY00001,PTY00003,2026-06-28 07:52:36.144216
TXN0003167,CERT001053,PTY00064,PTY00004,2026-06-20 06:38:42.286359
TXN0003168,CERT001053,PTY00004,PTY00024,2026-06-23 03:48:01.737227
TXN0003169,CERT001054,PTY00064,PTY00312,2026-07-31 03:40:02.568922
TXN0003170,CERT001054,PTY00312,PTY00014,2026-07-31 11:31:03.373166
TXN0003171,CERT001054,PTY00014,PTY00001,2026-07-31 23:53:44.191776
TXN0003172,CERT001055,PTY00105,PTY00001,2026-06-20 14:09:37.061496
TXN0003173,CERT001055,PTY00001,PTY00012,2026-06-20 22:35:35.715149
TXN0003174,CERT001056,PTY00086,PTY00001,2026-09-05 10:30:07.145873
TXN0003175,CERT001056,PTY00001,PTY00002,2026-09-05 20:58:57.151452
TXN0003176,CERT001056,PTY00002,PTY00001,2026-09-07 04:29:03.272913
TXN0003177,CERT001056,PTY00001,PTY00028,2026-09-07 14:54:18.482096
TXN0003178,CERT001057,PTY00007,PTY00066,2026-07-29 12:30:15.737081
TXN0003179,CERT001057,PTY00066,PTY00125,2026-07-31 00:41:15.508767
TXN0003180,CERT001057,PTY00125,PTY00012,2026-07-31 06:36:26.709971
TXN0003181,CERT001057,PTY00012,PTY00018,2026-08-01 07:36:18.495574
TXN0003182,CERT001058,PTY00122,PTY00007,2026-09-08 01:34:21.913730
TXN0003183,CERT001058,PTY00007,PTY00039,2026-09-09 12:36:42.134529
TXN0003184,CERT001058,PTY00039,PTY00001,2026-09-09 23:20:44.880931
TXN0003185,CERT001058,PTY00001,PTY00008,2026-09-12 03:40:04.286669
TXN0003186,CERT001059,PTY00086,PTY00006,2026-09-03 18:05:01.369752
TXN0003187,CERT001059,PTY00006,PTY00266,2026-09-06 07:09:52.075733
TXN0003188,CERT001059,PTY00266,PTY00003,2026-09-08 15:11:58.566223
TXN0003189,CERT001060,PTY00040,PTY00001,2026-08-17 10:27:10.414293
TXN0003190,CERT001060,PTY00001,PTY00002,2026-08-17 15:02:28.345460
TXN0003191,CERT001060,PTY00002,PTY00061,2026-08-17 19:34:49.850729
TXN0003192,CERT001061,PTY00113,PTY00018,2026-06-28 03:08:17.875095
TXN0003193,CERT001061,PTY00018,PTY00001,2026-06-30 08:20:57.846367
TXN0003194,CERT001061,PTY00001,PTY00066,2026-07-03 01:30:00.427710
TXN0003195,CERT001061,PTY00066,PTY00005,2026-07-05 08:00:16.845470
TXN0003196,CERT001062,PTY00056,PTY00001,2026-06-16 17:28:11.047402
TXN0003197,CERT001062,PTY00001,PTY00002,2026-06-17 17:11:00.972544
TXN0003198,CERT001062,PTY00002,PTY00005,2026-06-20 17:02:03.663708
TXN0003199,CERT001063,PTY00162,PTY00001,2026-07-08 11:34:40.774559
TXN0003200,CERT001063,PTY00001,PTY00008,2026-07-10 19:55:57.224369
TXN0003201,CERT001063,PTY00008,PTY00142,2026-07-12 20:02:27.474293
TXN0003202,CERT001064,PTY00056,PTY00002,2026-09-08 16:09:32.783299
TXN0003203,CERT001064,PTY00002,PTY00003,2026-09-10 18:06:26.415974
TXN0003204,CERT001065,PTY00019,PTY00001,2026-07-04 16:24:53.001318
TXN0003205,CERT001065,PTY00001,PTY00012,2026-07-07 12:38:16.436277
TXN0003206,CERT001065,PTY00012,PTY00001,2026-07-08 11:19:14.419680
TXN0003207,CERT001065,PTY00001,PTY00008,2026-07-11 05:32:13.840531
TXN0003208,CERT001066,PTY00089,PTY00027,2026-06-26 18:01:00.934205
TXN0003209,CERT001066,PTY00027,PTY00022,2026-06-28 08:16:48.380333
TXN0003210,CERT001067,PTY00106,PTY00030,2026-07-06 14:17:35.775936
TXN0003211,CERT001067,PTY00030,PTY00001,2026-07-06 23:56:19.727818
TXN0003212,CERT001067,PTY00001,PTY00106,2026-07-08 08:37:36.086956
TXN0003213,CERT001068,PTY00157,PTY00009,2026-08-17 06:49:36.375156
TXN0003214,CERT001068,PTY00009,PTY00001,2026-08-20 00:31:11.320958
TXN0003215,CERT001069,PTY00105,PTY00003,2026-07-10 15:01:47.370756
TXN0003216,CERT001069,PTY00003,PTY00002,2026-07-11 11:36:34.236615
TXN0003217,CERT001069,PTY00002,PTY00288,2026-07-14 02:26:06.124583
TXN0003218,CERT001069,PTY00288,PTY00002,2026-07-15 01:06:22.668395
TXN0003219,CERT001070,PTY00118,PTY00061,2026-07-04 13:52:05.310920
TXN0003220,CERT001070,PTY00061,PTY00005,2026-07-07 06:47:41.858422
TXN0003221,CERT001071,PTY00046,PTY00029,2026-06-17 16:48:29.266702
TXN0003222,CERT001071,PTY00029,PTY00012,2026-06-19 00:25:20.001180
TXN0003223,CERT001071,PTY00012,PTY00002,2026-06-21 23:45:45.282812
TXN0003224,CERT001072,PTY00061,PTY00004,2026-08-09 11:18:22.425366
TXN0003225,CERT001072,PTY00004,PTY00003,2026-08-12 01:34:51.861028
TXN0003226,CERT001073,PTY00113,PTY00002,2026-07-16 01:02:14.438439
TXN0003227,CERT001073,PTY00002,PTY00003,2026-07-17 04:32:37.380023
TXN0003228,CERT001074,PTY00052,PTY00002,2026-07-16 12:36:11.301584
TXN0003229,CERT001074,PTY00002,PTY00010,2026-07-17 23:25:50.831781
TXN0003230,CERT001074,PTY00010,PTY00001,2026-07-18 12:32:09.998350
TXN0003231,CERT001075,PTY00117,PTY00002,2026-08-24 21:01:09.907712
TXN0003232,CERT001075,PTY00002,PTY00012,2026-08-25 07:40:41.369655
TXN0003233,CERT001075,PTY00012,PTY00001,2026-08-26 08:12:03.836140
TXN0003234,CERT001076,PTY00025,PTY00012,2026-09-09 15:56:48.238257
TXN0003235,CERT001076,PTY00012,PTY00001,2026-09-12 12:38:57.358055
TXN0003236,CERT001077,PTY00174,PTY00039,2026-07-02 16:13:13.707784
TXN0003237,CERT001077,PTY00039,PTY00003,2026-07-05 09:45:02.100590
TXN0003238,CERT001078,PTY00148,PTY00003,2026-08-31 13:38:01.754312
TXN0003239,CERT001078,PTY00003,PTY00044,2026-09-01 17:39:34.909408
TXN0003240,CERT001078,PTY00044,PTY00001,2026-09-01 23:20:03.036305
TXN0003241,CERT001079,PTY00157,PTY00236,2026-07-23 15:55:01.158854
TXN0003242,CERT001079,PTY00236,PTY00002,2026-07-26 14:42:05.361410
TXN0003243,CERT001079,PTY00002,PTY00001,2026-07-28 14:36:53.203246
TXN0003244,CERT001080,PTY00146,PTY00006,2026-07-06 15:22:21.603542
TXN0003245,CERT001080,PTY00006,PTY00003,2026-07-07 16:16:46.365807
TXN0003246,CERT001080,PTY00003,PTY00009,2026-07-10 14:42:24.081328
TXN0003247,CERT001080,PTY00009,PTY00003,2026-07-11 19:31:11.571938
TXN0003248,CERT001081,PTY00010,PTY00038,2026-07-07 18:12:29.094911
TXN0003249,CERT001081,PTY00038,PTY00007,2026-07-09 07:32:54.725187
TXN0003250,CERT001081,PTY00007,PTY00002,2026-07-10 17:01:41.000629
TXN0003251,CERT001081,PTY00002,PTY00334,2026-07-12 23:15:16.269767
TXN0003252,CERT001082,PTY00148,PTY00003,2026-07-27 10:46:42.183845
TXN0003253,CERT001082,PTY00003,PTY00011,2026-07-28 20:51:41.108510
TXN0003254,CERT001082,PTY00011,PTY00012,2026-07-29 21:14:01.511889
TXN0003255,CERT001082,PTY00012,PTY00002,2026-08-01 11:34:53.490563
TXN0003256,CERT001083,PTY00158,PTY00012,2026-07-11 13:34:18.667976
TXN0003257,CERT001083,PTY00012,PTY00001,2026-07-13 21:04:36.508660
TXN0003258,CERT001084,PTY00180,PTY00004,2026-07-14 07:54:39.854725
TXN0003259,CERT001084,PTY00004,PTY00003,2026-07-15 15:56:23.208576
TXN0003260,CERT001084,PTY00003,PTY00002,2026-07-17 04:25:04.126674
TXN0003261,CERT001084,PTY00002,PTY00006,2026-07-19 06:32:34.358154
TXN0003262,CERT001085,PTY00025,PTY00001,2026-06-23 18:54:28.096649
TXN0003263,CERT001085,PTY00001,PTY00006,2026-06-24 01:43:53.999722
TXN0003264,CERT001086,PTY00002,PTY00050,2026-07-20 18:18:50.043006
TXN0003265,CERT001086,PTY00050,PTY00001,2026-07-21 01:00:33.712396
TXN0003266,CERT001087,PTY00055,PTY00001,2026-08-16 13:52:39.733632
TXN0003267,CERT001087,PTY00001,PTY00005,2026-08-17 14:13:11.341509
TXN0003268,CERT001088,PTY00045,PTY00006,2026-07-17 19:39:17.395691
TXN0003269,CERT001088,PTY00006,PTY00002,2026-07-18 11:42:35.679068
TXN0003270,CERT001088,PTY00002,PTY00006,2026-07-20 10:46:28.607510
TXN0003271,CERT001089,PTY00163,PTY00003,2026-06-22 15:26:26.579360
TXN0003272,CERT001089,PTY00003,PTY00012,2026-06-23 13:26:29.601692
TXN0003273,CERT001090,PTY00133,PTY00002,2026-07-30 16:49:02.535607
TXN0003274,CERT001090,PTY00002,PTY00003,2026-07-31 00:56:24.199601
TXN0003275,CERT001090,PTY00003,PTY00023,2026-08-01 03:52:44.915380
TXN0003276,CERT001091,PTY00022,PTY00117,2026-08-05 13:31:01.921010
TXN0003277,CERT001091,PTY00117,PTY00319,2026-08-07 16:55:43.731181
TXN0003278,CERT001091,PTY00319,PTY00004,2026-08-08 21:35:06.987881
TXN0003279,CERT001091,PTY00004,PTY00005,2026-08-09 21:38:01.067330
TXN0003280,CERT001092,PTY00137,PTY00007,2026-07-23 13:17:05.643459
TXN0003281,CERT001092,PTY00007,PTY00005,2026-07-24 04:37:57.920935
TXN0003282,CERT001092,PTY00005,PTY00012,2026-07-24 18:54:04.630935
TXN0003283,CERT001093,PTY00115,PTY00003,2026-07-18 13:39:49.359579
TXN0003284,CERT001093,PTY00003,PTY00082,2026-07-20 10:04:31.073906
TXN0003285,CERT001093,PTY00082,PTY00001,2026-07-21 23:21:04.929283
TXN0003286,CERT001094,PTY00083,PTY00004,2026-06-23 22:33:33.277851
TXN0003287,CERT001094,PTY00004,PTY00009,2026-06-26 04:30:07.562992
TXN0003288,CERT001095,PTY00087,PTY00001,2026-06-25 09:31:12.093328
TXN0003289,CERT001095,PTY00001,PTY00005,2026-06-28 05:43:19.634819
TXN0003290,CERT001096,PTY00029,PTY00017,2026-06-20 12:18:14.530691
TXN0003291,CERT001096,PTY00017,PTY00001,2026-06-22 04:47:48.893380
TXN0003292,CERT001097,PTY00053,PTY00008,2026-07-23 00:27:20.644448
TXN0003293,CERT001097,PTY00008,PTY00006,2026-07-24 12:21:02.481165
TXN0003294,CERT001097,PTY00006,PTY00001,2026-07-27 12:02:55.728001
TXN0003295,CERT001098,PTY00026,PTY00003,2026-07-08 13:55:27.510210
TXN0003296,CERT001098,PTY00003,PTY00012,2026-07-08 23:51:46.873817
TXN0003297,CERT001098,PTY00012,PTY00051,2026-07-09 18:39:23.297416
TXN0003298,CERT001099,PTY00170,PTY00029,2026-07-12 02:42:59.176207
TXN0003299,CERT001099,PTY00029,PTY00002,2026-07-14 22:20:39.801603
TXN0003300,CERT001099,PTY00002,PTY00005,2026-07-16 08:31:49.925469
TXN0003301,CERT001100,PTY00097,PTY00001,2026-09-09 15:18:45.600576
TXN0003302,CERT001100,PTY00001,PTY00170,2026-09-11 16:29:17.829070
TXN0003303,CERT001100,PTY00170,PTY00036,2026-09-12 12:44:13.995421
TXN0003304,CERT001101,PTY00024,PTY00234,2026-09-02 08:15:16.270815
TXN0003305,CERT001101,PTY00234,PTY00001,2026-09-03 21:31:38.734517
TXN0003306,CERT001101,PTY00001,PTY00005,2026-09-04 09:51:26.675217
TXN0003307,CERT001101,PTY00005,PTY00074,2026-09-07 09:11:55.706755
TXN0003308,CERT001102,PTY00007,PTY00003,2026-09-04 18:58:20.324730
TXN0003309,CERT001102,PTY00003,PTY00001,2026-09-05 11:23:19.245511
TXN0003310,CERT001102,PTY00001,PTY00013,2026-09-06 19:20:55.371391
TXN0003311,CERT001103,PTY00163,PTY00001,2026-08-13 15:40:14.363722
TXN0003312,CERT001103,PTY00001,PTY00005,2026-08-14 09:47:01.563307
TXN0003313,CERT001103,PTY00005,PTY00001,2026-08-16 00:24:14.569325
TXN0003314,CERT001104,PTY00156,PTY00001,2026-07-04 17:13:48.850440
TXN0003315,CERT001104,PTY00001,PTY00013,2026-07-06 12:59:52.716433
TXN0003316,CERT001104,PTY00013,PTY00006,2026-07-06 22:20:53.483445
TXN0003317,CERT001104,PTY00006,PTY00007,2026-07-08 04:26:24.787726
TXN0003318,CERT001105,PTY00179,PTY00359,2026-06-14 17:55:07.740760
TXN0003319,CERT001105,PTY00359,PTY00015,2026-06-15 20:33:22.492751
TXN0003320,CERT001105,PTY00015,PTY00005,2026-06-17 19:59:03.879434
TXN0003321,CERT001106,PTY00114,PTY00013,2026-07-14 09:51:07.788138
TXN0003322,CERT001106,PTY00013,PTY00002,2026-07-15 17:39:58.192380
TXN0003323,CERT001106,PTY00002,PTY00001,2026-07-16 06:55:21.722661
TXN0003324,CERT001107,PTY00172,PTY00013,2026-08-06 19:48:14.391626
TXN0003325,CERT001107,PTY00013,PTY00166,2026-08-08 23:29:56.063625
TXN0003326,CERT001107,PTY00166,PTY00001,2026-08-09 11:58:06.060785
TXN0003327,CERT001108,PTY00065,PTY00001,2026-07-05 02:49:46.728313
TXN0003328,CERT001108,PTY00001,PTY00010,2026-07-08 01:35:05.765296
TXN0003329,CERT001108,PTY00010,PTY00018,2026-07-09 19:27:50.502774
TXN0003330,CERT001108,PTY00018,PTY00047,2026-07-10 07:28:32.598406
TXN0003331,CERT001109,PTY00090,PTY00001,2026-07-12 14:12:25.222827
TXN0003332,CERT001109,PTY00001,PTY00064,2026-07-15 06:38:07.163310
TXN0003333,CERT001109,PTY00064,PTY00001,2026-07-15 16:28:28.891965
TXN0003334,CERT001110,PTY00022,PTY00103,2026-07-03 15:38:21.919052
TXN0003335,CERT001110,PTY00103,PTY00001,2026-07-04 00:12:19.392136
TXN0003336,CERT001110,PTY00001,PTY00002,2026-07-04 05:37:23.513075
TXN0003337,CERT001111,PTY00139,PTY00203,2026-07-05 15:11:44.245734
TXN0003338,CERT001111,PTY00203,PTY00002,2026-07-06 05:50:46.580613
TXN0003339,CERT001111,PTY00002,PTY00001,2026-07-07 05:38:27.800356
TXN0003340,CERT001111,PTY00001,PTY00311,2026-07-07 13:11:29.117615
TXN0003341,CERT001112,PTY00051,PTY00002,2026-07-30 08:33:33.214367
TXN0003342,CERT001112,PTY00002,PTY00052,2026-07-31 09:34:21.356159
TXN0003343,CERT001113,PTY00095,PTY00003,2026-08-17 11:20:54.829017
TXN0003344,CERT001113,PTY00003,PTY00001,2026-08-19 08:48:08.308260
TXN0003345,CERT001114,PTY00111,PTY00006,2026-07-26 02:19:46.297329
TXN0003346,CERT001114,PTY00006,PTY00001,2026-07-27 21:27:24.936106
TXN0003347,CERT001115,PTY00047,PTY00002,2026-06-28 15:01:19.819237
TXN0003348,CERT001115,PTY00002,PTY00114,2026-06-29 04:22:51.442501
TXN0003349,CERT001116,PTY00082,PTY00001,2026-06-22 09:54:01.861075
TXN0003350,CERT001116,PTY00001,PTY00049,2026-06-23 04:27:07.638943
TXN0003351,CERT001116,PTY00049,PTY00014,2026-06-25 15:06:41.559077
TXN0003352,CERT001116,PTY00014,PTY00002,2026-06-26 04:01:06.388620
TXN0003353,CERT001117,PTY00162,PTY00001,2026-08-18 17:19:39.122939
TXN0003354,CERT001117,PTY00001,PTY00004,2026-08-19 09:15:20.241971
TXN0003355,CERT001117,PTY00004,PTY00001,2026-08-20 13:07:45.164250
TXN0003356,CERT001118,PTY00017,PTY00001,2026-08-04 15:23:46.403801
TXN0003357,CERT001118,PTY00001,PTY00007,2026-08-06 05:27:11.699738
TXN0003358,CERT001119,PTY00029,PTY00012,2026-07-17 03:44:39.971713
TXN0003359,CERT001119,PTY00012,PTY00006,2026-07-19 13:28:12.233887
TXN0003360,CERT001119,PTY00006,PTY00007,2026-07-21 02:47:02.412945
TXN0003361,CERT001119,PTY00007,PTY00042,2026-07-24 01:44:55.854405
TXN0003362,CERT001120,PTY00062,PTY00004,2026-06-25 19:42:08.568015
TXN0003363,CERT001120,PTY00004,PTY00013,2026-06-28 12:48:49.418572
TXN0003364,CERT001120,PTY00013,PTY00001,2026-06-28 19:56:32.369275
TXN0003365,CERT001120,PTY00001,PTY00032,2026-06-29 16:20:22.757451
TXN0003366,CERT001121,PTY00166,PTY00106,2026-07-24 16:00:56.666199
TXN0003367,CERT001121,PTY00106,PTY00002,2026-07-27 05:55:52.119418
TXN0003368,CERT001122,PTY00160,PTY00001,2026-06-29 13:43:00.883689
TXN0003369,CERT001122,PTY00001,PTY00163,2026-07-02 06:42:08.517348
TXN0003370,CERT001122,PTY00163,PTY00001,2026-07-03 02:46:26.049416
TXN0003371,CERT001122,PTY00001,PTY00002,2026-07-04 17:40:28.323580
TXN0003372,CERT001123,PTY00077,PTY00045,2026-08-24 23:49:18.265776
TXN0003373,CERT001123,PTY00045,PTY00002,2026-08-27 16:24:23.844048
TXN0003374,CERT001123,PTY00002,PTY00004,2026-08-30 01:28:47.902728
TXN0003375,CERT001124,PTY00155,PTY00161,2026-08-15 19:23:58.041956
TXN0003376,CERT001124,PTY00161,PTY00020,2026-08-16 02:45:18.254824
TXN0003377,CERT001125,PTY00020,PTY00001,2026-06-24 00:05:53.803294
TXN0003378,CERT001125,PTY00001,PTY00002,2026-06-26 22:35:01.136284
TXN0003379,CERT001125,PTY00002,PTY00006,2026-06-27 02:53:23.766667
TXN0003380,CERT001125,PTY00006,PTY00379,2026-06-29 08:46:43.083401
TXN0003381,CERT001126,PTY00066,PTY00002,2026-07-24 17:43:05.080727
TXN0003382,CERT001126,PTY00002,PTY00005,2026-07-26 23:09:23.838202
TXN0003383,CERT001127,PTY00065,PTY00008,2026-08-11 17:20:58.700201
TXN0003384,CERT001127,PTY00008,PTY00020,2026-08-12 10:28:05.223212
TXN0003385,CERT001128,PTY00101,PTY00001,2026-08-01 10:20:45.672800
TXN0003386,CERT001128,PTY00001,PTY00004,2026-08-02 11:37:37.244632
TXN0003387,CERT001128,PTY00004,PTY00086,2026-08-04 17:17:44.624241
TXN0003388,CERT001129,PTY00104,PTY00001,2026-07-19 17:46:03.628470
TXN0003389,CERT001129,PTY00001,PTY00203,2026-07-21 19:19:16.947309
TXN0003390,CERT001129,PTY00203,PTY00183,2026-07-24 09:39:16.798476
TXN0003391,CERT001129,PTY00183,PTY00002,2026-07-24 18:39:18.584971
TXN0003392,CERT001130,PTY00046,PTY00001,2026-06-29 14:17:22.235821
TXN0003393,CERT001130,PTY00001,PTY00003,2026-06-29 22:55:11.926675
TXN0003394,CERT001130,PTY00003,PTY00028,2026-06-30 07:54:26.404692
TXN0003395,CERT001131,PTY00155,PTY00005,2026-06-21 11:59:58.304262
TXN0003396,CERT001131,PTY00005,PTY00020,2026-06-23 15:33:14.485727
TXN0003397,CERT001131,PTY00020,PTY00001,2026-06-25 11:36:28.167383
TXN0003398,CERT001132,PTY00012,PTY00001,2026-08-29 14:18:07.648478
TXN0003399,CERT001132,PTY00001,PTY00036,2026-08-31 17:40:04.647465
TXN0003400,CERT001132,PTY00036,PTY00001,2026-08-31 23:04:18.205605
TXN0003401,CERT001133,PTY00079,PTY00002,2026-07-03 15:17:03.451492
TXN0003402,CERT001133,PTY00002,PTY00086,2026-07-04 13:55:37.985940
TXN0003403,CERT001133,PTY00086,PTY00009,2026-07-06 19:29:21.984735
TXN0003404,CERT001134,PTY00131,PTY00361,2026-08-21 19:27:51.799561
TXN0003405,CERT001134,PTY00361,PTY00009,2026-08-24 12:02:32.284924
TXN0003406,CERT001134,PTY00009,PTY00090,2026-08-27 10:08:13.631502
TXN0003407,CERT001135,PTY00138,PTY00003,2026-07-02 18:17:09.033272
TXN0003408,CERT001135,PTY00003,PTY00020,2026-07-05 02:10:15.986581
TXN0003409,CERT001135,PTY00020,PTY00107,2026-07-06 09:28:37.003423
TXN0003410,CERT001135,PTY00107,PTY00001,2026-07-08 07:53:35.190014
TXN0003411,CERT001136,PTY00017,PTY00001,2026-08-08 13:46:00.956073
TXN0003412,CERT001136,PTY00001,PTY00020,2026-08-11 05:21:16.767042
TXN0003413,CERT001137,PTY00031,PTY00011,2026-08-06 20:10:18.788075
TXN0003414,CERT001137,PTY00011,PTY00003,2026-08-07 08:54:13.592813
TXN0003415,CERT001137,PTY00003,PTY00002,2026-08-09 17:43:50.321025
TXN0003416,CERT001138,PTY00121,PTY00001,2026-06-16 18:45:32.411866
TXN0003417,CERT001138,PTY00001,PTY00252,2026-06-19 04:04:45.318066
TXN0003418,CERT001138,PTY00252,PTY00002,2026-06-20 14:37:10.750101
TXN0003419,CERT001138,PTY00002,PTY00001,2026-06-20 16:44:08.784735
TXN0003420,CERT001139,PTY00010,PTY00004,2026-09-01 13:42:50.700192
TXN0003421,CERT001139,PTY00004,PTY00014,2026-09-03 19:35:28.977336
TXN0003422,CERT001140,PTY00085,PTY00001,2026-08-19 18:15:34.242029
TXN0003423,CERT001140,PTY00001,PTY00002,2026-08-22 14:27:14.804105
TXN0003424,CERT001140,PTY00002,PTY00064,2026-08-22 17:02:22.053194
TXN0003425,CERT001141,PTY00068,PTY00001,2026-08-09 09:35:32.186882
TXN0003426,CERT001141,PTY00001,PTY00004,2026-08-10 16:01:53.163135
TXN0003427,CERT001141,PTY00004,PTY00068,2026-08-10 23:11:56.424976
TXN0003428,CERT001142,PTY00176,PTY00021,2026-06-23 07:56:02.024883
TXN0003429,CERT001142,PTY00021,PTY00036,2026-06-26 07:00:19.532565
TXN0003430,CERT001142,PTY00036,PTY00002,2026-06-26 16:24:47.861956
TXN0003431,CERT001143,PTY00109,PTY00013,2026-08-05 10:21:43.592184
TXN0003432,CERT001143,PTY00013,PTY00006,2026-08-06 10:51:41.075532
TXN0003433,CERT001143,PTY00006,PTY00003,2026-08-06 17:24:28.913242
TXN0003434,CERT001144,PTY00142,PTY00004,2026-09-02 11:04:10.229168
TXN0003435,CERT001144,PTY00004,PTY00096,2026-09-02 21:32:24.301477
TXN0003436,CERT001144,PTY00096,PTY00073,2026-09-04 02:22:51.707793
TXN0003437,CERT001144,PTY00073,PTY00005,2026-09-05 16:53:23.169864
TXN0003438,CERT001145,PTY00095,PTY00001,2026-09-09 14:24:48.037496
TXN0003439,CERT001145,PTY00001,PTY00004,2026-09-09 18:57:08.898520
TXN0003440,CERT001146,PTY00169,PTY00002,2026-08-04 13:42:57.399819
TXN0003441,CERT001146,PTY00002,PTY00102,2026-08-06 03:41:50.448794
TXN0003442,CERT001146,PTY00102,PTY00260,2026-08-09 02:33:00.252273
TXN0003443,CERT001147,PTY00117,PTY00002,2026-07-22 08:25:24.738474
TXN0003444,CERT001147,PTY00002,PTY00001,2026-07-23 20:25:04.656765
TXN0003445,CERT001147,PTY00001,PTY00023,2026-07-25 19:42:33.519013
TXN0003446,CERT001147,PTY00023,PTY00006,2026-07-28 14:22:17.920467
TXN0003447,CERT001148,PTY00151,PTY00001,2026-06-17 02:09:46.585399
TXN0003448,CERT001148,PTY00001,PTY00018,2026-06-17 20:27:17.082537
TXN0003449,CERT001148,PTY00018,PTY00002,2026-06-20 18:33:26.567529
TXN0003450,CERT001148,PTY00002,PTY00063,2026-06-20 20:39:49.274459
TXN0003451,CERT001149,PTY00064,PTY00002,2026-07-11 20:55:01.681846
TXN0003452,CERT001149,PTY00002,PTY00018,2026-07-14 14:38:48.223613
TXN0003453,CERT001149,PTY00018,PTY00068,2026-07-15 11:38:58.307188
TXN0003454,CERT001149,PTY00068,PTY00008,2026-07-16 16:36:09.413289
TXN0003455,CERT001150,PTY00161,PTY00001,2026-07-30 09:09:30.646866
TXN0003456,CERT001150,PTY00001,PTY00053,2026-07-31 18:33:20.835308
TXN0003457,CERT001151,PTY00067,PTY00007,2026-08-09 08:03:34.306480
TXN0003458,CERT001151,PTY00007,PTY00003,2026-08-12 06:28:29.337025
TXN0003459,CERT001151,PTY00003,PTY00001,2026-08-14 01:18:18.807280
TXN0003460,CERT001151,PTY00001,PTY00013,2026-08-14 04:52:56.136042
TXN0003461,CERT001152,PTY00050,PTY00088,2026-07-22 11:01:40.478307
TXN0003462,CERT001152,PTY00088,PTY00003,2026-07-23 17:31:41.369786
TXN0003463,CERT001152,PTY00003,PTY00078,2026-07-24 20:35:14.538275
TXN0003464,CERT001152,PTY00078,PTY00050,2026-07-25 19:32:24.166658
TXN0003465,CERT001153,PTY00179,PTY00001,2026-06-27 08:00:39.521854
TXN0003466,CERT001153,PTY00001,PTY00002,2026-06-27 12:39:27.412121
TXN0003467,CERT001153,PTY00002,PTY00009,2026-06-29 11:14:37.218827
TXN0003468,CERT001154,PTY00012,PTY00001,2026-08-02 10:21:44.070044
TXN0003469,CERT001154,PTY00001,PTY00080,2026-08-04 18:00:14.674892
TXN0003470,CERT001154,PTY00080,PTY00001,2026-08-07 16:56:08.772348
TXN0003471,CERT001155,PTY00167,PTY00001,2026-06-28 18:32:46.302434
TXN0003472,CERT001155,PTY00001,PTY00008,2026-06-29 05:56:44.228710
TXN0003473,CERT001155,PTY00008,PTY00057,2026-06-30 03:07:12.877944
TXN0003474,CERT001156,PTY00105,PTY00001,2026-08-21 02:21:59.736394
TXN0003475,CERT001156,PTY00001,PTY00010,2026-08-22 22:12:54.156189
TXN0003476,CERT001157,PTY00174,PTY00001,2026-08-18 14:37:28.732009
TXN0003477,CERT001157,PTY00001,PTY00005,2026-08-21 02:46:40.671676
TXN0003478,CERT001158,PTY00178,PTY00001,2026-07-22 22:24:02.000732
TXN0003479,CERT001158,PTY00001,PTY00013,2026-07-24 19:03:59.798531
TXN0003480,CERT001158,PTY00013,PTY00001,2026-07-24 20:14:30.747894
TXN0003481,CERT001158,PTY00001,PTY00146,2026-07-25 02:53:45.964356
TXN0003482,CERT001159,PTY00127,PTY00009,2026-08-05 14:20:25.687535
TXN0003483,CERT001159,PTY00009,PTY00001,2026-08-05 20:18:46.691130
TXN0003484,CERT001159,PTY00001,PTY00010,2026-08-08 19:37:34.040891
TXN0003485,CERT001159,PTY00010,PTY00017,2026-08-09 19:52:03.561273
TXN0003486,CERT001160,PTY00030,PTY00050,2026-08-23 16:12:33.893610
TXN0003487,CERT001160,PTY00050,PTY00002,2026-08-26 00:07:57.203510
TXN0003488,CERT001160,PTY00002,PTY00075,2026-08-27 21:26:16.714006
TXN0003489,CERT001160,PTY00075,PTY00118,2026-08-29 01:38:02.712570
TXN0003490,CERT001161,PTY00086,PTY00001,2026-09-01 00:37:12.230667
TXN0003491,CERT001161,PTY00001,PTY00006,2026-09-01 12:43:06.242003
TXN0003492,CERT001161,PTY00006,PTY00001,2026-09-03 03:23:28.898415
TXN0003493,CERT001162,PTY00167,PTY00030,2026-08-14 14:47:34.053329
TXN0003494,CERT001162,PTY00030,PTY00039,2026-08-15 18:53:13.369445
TXN0003495,CERT001162,PTY00039,PTY00034,2026-08-16 19:33:09.403001
TXN0003496,CERT001162,PTY00034,PTY00003,2026-08-18 16:15:08.242985
TXN0003497,CERT001163,PTY00097,PTY00051,2026-08-12 21:21:56.473646
TXN0003498,CERT001163,PTY00051,PTY00002,2026-08-14 17:18:04.469824
TXN0003499,CERT001164,PTY00125,PTY00054,2026-06-26 08:38:36.810992
TXN0003500,CERT001164,PTY00054,PTY00118,2026-06-26 14:14:23.784001
TXN0003501,CERT001164,PTY00118,PTY00001,2026-06-28 09:36:42.855593
TXN0003502,CERT001165,PTY00074,PTY00004,2026-09-02 10:36:22.791288
TXN0003503,CERT001165,PTY00004,PTY00001,2026-09-04 18:00:31.604147
TXN0003504,CERT001166,PTY00050,PTY00001,2026-09-07 18:50:29.442344
TXN0003505,CERT001166,PTY00001,PTY00002,2026-09-10 08:36:16.486433
TXN0003506,CERT001166,PTY00002,PTY00001,2026-09-12 08:03:18.951605
TXN0003507,CERT001166,PTY00001,PTY00015,2026-09-13 18:37:20.662232
TXN0003508,CERT001167,PTY00026,PTY00087,2026-08-15 17:28:22.400302
TXN0003509,CERT001167,PTY00087,PTY00001,2026-08-16 10:01:55.854182
TXN0003510,CERT001168,PTY00014,PTY00001,2026-08-27 13:20:28.808606
TXN0003511,CERT001168,PTY00001,PTY00084,2026-08-30 01:46:50.628786
TXN0003512,CERT001168,PTY00084,PTY00011,2026-08-31 21:48:00.137289
TXN0003513,CERT001168,PTY00011,PTY00002,2026-09-01 14:42:35.647696
TXN0003514,CERT001169,PTY00025,PTY00001,2026-09-01 15:41:01.474744
TXN0003515,CERT001169,PTY00001,PTY00010,2026-09-04 05:21:33.597252
TXN0003516,CERT001170,PTY00026,PTY00001,2026-06-24 11:32:49.527179
TXN0003517,CERT001170,PTY00001,PTY00340,2026-06-26 22:25:44.287424
TXN0003518,CERT001170,PTY00340,PTY00079,2026-06-28 19:31:53.830432
TXN0003519,CERT001170,PTY00079,PTY00003,2026-07-01 18:51:14.641524
TXN0003520,CERT001171,PTY00163,PTY00101,2026-07-29 15:50:10.583739
TXN0003521,CERT001171,PTY00101,PTY00002,2026-07-31 04:33:13.277778
TXN0003522,CERT001171,PTY00002,PTY00003,2026-07-31 15:13:31.946655
TXN0003523,CERT001171,PTY00003,PTY00002,2026-08-03 07:20:33.415877
TXN0003524,CERT001172,PTY00014,PTY00012,2026-07-23 14:02:26.789940
TXN0003525,CERT001172,PTY00012,PTY00299,2026-07-25 10:12:47.510064
TXN0003526,CERT001173,PTY00026,PTY00012,2026-07-06 16:18:05.408015
TXN0003527,CERT001173,PTY00012,PTY00001,2026-07-08 06:15:44.106393
TXN0003528,CERT001173,PTY00001,PTY00005,2026-07-09 03:54:15.775187
TXN0003529,CERT001174,PTY00018,PTY00007,2026-08-02 13:26:32.311955
TXN0003530,CERT001174,PTY00007,PTY00009,2026-08-04 20:47:23.491071
TXN0003531,CERT001175,PTY00049,PTY00003,2026-08-15 18:57:38.868077
TXN0003532,CERT001175,PTY00003,PTY00002,2026-08-18 05:41:50.753496
TXN0003533,CERT001176,PTY00080,PTY00005,2026-07-01 19:12:10.673699
TXN0003534,CERT001176,PTY00005,PTY00105,2026-07-04 13:44:53.037073
TXN0003535,CERT001176,PTY00105,PTY00001,2026-07-06 18:09:48.064490
TXN0003536,CERT001176,PTY00001,PTY00002,2026-07-08 13:39:36.835646
TXN0003537,CERT001177,PTY00155,PTY00001,2026-09-11 15:57:51.337144
TXN0003538,CERT001177,PTY00001,PTY00010,2026-09-12 13:03:07.715818
TXN0003539,CERT001177,PTY00010,PTY00002,2026-09-13 09:16:17.915262
TXN0003540,CERT001177,PTY00002,PTY00009,2026-09-16 04:17:56.605231
TXN0003541,CERT001178,PTY00138,PTY00059,2026-08-25 09:58:36.278837
TXN0003542,CERT001178,PTY00059,PTY00006,2026-08-26 15:27:57.193578
TXN0003543,CERT001178,PTY00006,PTY00001,2026-08-28 00:33:07.453615
TXN0003544,CERT001179,PTY00148,PTY00002,2026-07-21 19:26:04.076512
TXN0003545,CERT001179,PTY00002,PTY00001,2026-07-24 02:25:56.563847
TXN0003546,CERT001180,PTY00097,PTY00001,2026-06-25 14:29:04.834333
TXN0003547,CERT001180,PTY00001,PTY00002,2026-06-26 15:58:31.525023
TXN0003548,CERT001180,PTY00002,PTY00014,2026-06-27 12:17:54.346882
TXN0003549,CERT001181,PTY00166,PTY00003,2026-09-01 11:57:20.089577
TXN0003550,CERT001181,PTY00003,PTY00006,2026-09-03 06:15:20.203039
TXN0003551,CERT001181,PTY00006,PTY00051,2026-09-04 05:08:55.853306
TXN0003552,CERT001182,PTY00168,PTY00001,2026-08-13 01:29:09.873572
TXN0003553,CERT001182,PTY00001,PTY00005,2026-08-13 09:35:41.490965
TXN0003554,CERT001182,PTY00005,PTY00001,2026-08-14 05:26:19.235834
TXN0003555,CERT001182,PTY00001,PTY00003,2026-08-16 04:34:28.020464
TXN0003556,CERT001183,PTY00013,PTY00107,2026-08-16 07:29:10.628576
TXN0003557,CERT001183,PTY00107,PTY00002,2026-08-16 10:06:20.266648
TXN0003558,CERT001183,PTY00002,PTY00001,2026-08-19 00:18:29.120960
TXN0003559,CERT001183,PTY00001,PTY00002,2026-08-20 08:16:28.319698
TXN0003560,CERT001184,PTY00074,PTY00003,2026-07-26 17:03:42.207650
TXN0003561,CERT001184,PTY00003,PTY00009,2026-07-28 22:22:17.129517
TXN0003562,CERT001184,PTY00009,PTY00002,2026-07-31 18:25:25.180362
TXN0003563,CERT001184,PTY00002,PTY00017,2026-08-02 01:22:16.958571
TXN0003564,CERT001185,PTY00079,PTY00005,2026-07-26 13:25:52.183001
TXN0003565,CERT001185,PTY00005,PTY00002,2026-07-28 13:15:51.404783
TXN0003566,CERT001185,PTY00002,PTY00001,2026-07-30 12:53:38.850739
TXN0003567,CERT001186,PTY00112,PTY00007,2026-07-26 16:01:19.522780
TXN0003568,CERT001186,PTY00007,PTY00008,2026-07-27 07:48:37.318578
TXN0003569,CERT001186,PTY00008,PTY00027,2026-07-30 04:07:47.731541
TXN0003570,CERT001187,PTY00120,PTY00003,2026-07-17 03:03:19.927276
TXN0003571,CERT001187,PTY00003,PTY00002,2026-07-20 02:15:38.108325
TXN0003572,CERT001187,PTY00002,PTY00001,2026-07-22 09:50:08.583403
TXN0003573,CERT001187,PTY00001,PTY00011,2026-07-23 16:12:12.007072
TXN0003574,CERT001188,PTY00067,PTY00001,2026-07-31 08:13:58.416200
TXN0003575,CERT001188,PTY00001,PTY00002,2026-08-03 02:04:23.640310
TXN0003576,CERT001189,PTY00004,PTY00010,2026-08-27 13:06:56.744502
TXN0003577,CERT001189,PTY00010,PTY00002,2026-08-29 06:39:29.392833
TXN0003578,CERT001190,PTY00055,PTY00002,2026-07-02 22:54:20.789479
TXN0003579,CERT001190,PTY00002,PTY00010,2026-07-04 11:48:06.948487
TXN0003580,CERT001190,PTY00010,PTY00002,2026-07-05 03:21:14.984912
TXN0003581,CERT001191,PTY00010,PTY00009,2026-07-26 15:06:47.594235
TXN0003582,CERT001191,PTY00009,PTY00011,2026-07-26 22:35:00.977714
TXN0003583,CERT001191,PTY00011,PTY00001,2026-07-28 11:42:35.739948
TXN0003584,CERT001192,PTY00158,PTY00050,2026-08-05 19:25:43.323117
TXN0003585,CERT001192,PTY00050,PTY00009,2026-08-07 20:24:41.602973
TXN0003586,CERT001193,PTY00102,PTY00053,2026-08-22 18:06:40.669093
TXN0003587,CERT001193,PTY00053,PTY00003,2026-08-23 17:55:54.113314
TXN0003588,CERT001193,PTY00003,PTY00072,2026-08-25 17:35:02.250787
TXN0003589,CERT001193,PTY00072,PTY00001,2026-08-27 03:28:15.117195
TXN0003590,CERT001194,PTY00055,PTY00001,2026-08-21 08:17:04.151090
TXN0003591,CERT001194,PTY00001,PTY00002,2026-08-22 03:38:23.074262
TXN0003592,CERT001195,PTY00090,PTY00003,2026-08-05 10:39:25.934160
TXN0003593,CERT001195,PTY00003,PTY00002,2026-08-05 19:53:01.793475
TXN0003594,CERT001195,PTY00002,PTY00001,2026-08-06 00:34:40.622355
TXN0003595,CERT001196,PTY00103,PTY00010,2026-08-27 15:11:25.979211
TXN0003596,CERT001196,PTY00010,PTY00044,2026-08-28 12:28:08.032147
TXN0003597,CERT001196,PTY00044,PTY00025,2026-08-29 11:47:59.540363
TXN0003598,CERT001197,PTY00138,PTY00001,2026-06-18 18:41:12.447084
TXN0003599,CERT001197,PTY00001,PTY00008,2026-06-21 07:07:27.330531
TXN0003600,CERT001197,PTY00008,PTY00002,2026-06-22 08:10:55.588956
TXN0003601,CERT001197,PTY00002,PTY00024,2026-06-24 16:55:00.610875
TXN0003602,CERT001198,PTY00095,PTY00117,2026-08-05 15:57:05.816700
TXN0003603,CERT001198,PTY00117,PTY00037,2026-08-05 21:50:20.260348
TXN0003604,CERT001199,PTY00006,PTY00016,2026-07-16 00:37:06.221385
TXN0003605,CERT001199,PTY00016,PTY00002,2026-07-16 03:24:50.705523
TXN0003606,CERT001199,PTY00002,PTY00009,2026-07-17 00:58:57.008388
TXN0003607,CERT001200,PTY00003,PTY00176,2026-08-27 12:12:29.556986
TXN0003608,CERT001200,PTY00176,PTY00001,2026-08-30 10:19:56.440830
TXN0003609,CERT001200,PTY00001,PTY00002,2026-08-31 14:45:08.092655
TXN0003610,CERT000070,PTY00038,PTY00001,2026-08-30 14:10:13.390623
TXN0003611,CERT000070,PTY00001,PTY00003,2026-08-31 03:52:33.123163
TXN0003612,CERT000070,PTY00003,PTY00011,2026-09-03 03:28:49.476967
TXN0003613,CERT000070,PTY00011,PTY00008,2026-09-04 23:33:17.280173
TXN0003614,CERT000975,PTY00140,PTY00002,2026-09-04 18:44:22.206597
TXN0003615,CERT000975,PTY00002,PTY00239,2026-09-06 07:00:38.197077
TXN0003616,CERT000721,PTY00156,PTY00368,2026-09-04 13:46:33.592872
TXN0003617,CERT000721,PTY00368,PTY00041,2026-09-05 01:22:50.378835
TXN0003618,CERT000721,PTY00041,PTY00010,2026-09-07 19:10:35.462496
TXN0003619,CERT000721,PTY00010,PTY00004,2026-09-08 16:40:16.973981
TXN0003620,CERT000609,PTY00171,PTY00001,2026-08-30 18:05:38.877126
TXN0003621,CERT000609,PTY00001,PTY00006,2026-08-31 09:42:59.350716
TXN0003622,CERT000609,PTY00006,PTY00002,2026-09-02 09:51:09.592715
TXN0003623,CERT000703,PTY00076,PTY00003,2026-09-05 15:37:28.898509
TXN0003624,CERT000703,PTY00003,PTY00015,2026-09-08 07:45:48.280887
TXN0003625,CERT000672,PTY00111,PTY00004,2026-08-21 13:03:38.704612
TXN0003626,CERT000672,PTY00004,PTY00001,2026-08-23 07:12:01.478499
TXN0003627,CERT000737,PTY00077,PTY00025,2026-08-13 02:12:44.216280
TXN0003628,CERT000737,PTY00025,PTY00089,2026-08-15 20:25:20.463625
TXN0003629,CERT000737,PTY00089,PTY00005,2026-08-17 07:39:00.929261
TXN0003630,CERT000602,PTY00172,PTY00174,2026-08-21 11:46:14.605799
TXN0003631,CERT000602,PTY00174,PTY00001,2026-08-22 01:59:35.557337
TXN0003632,CERT000602,PTY00001,PTY00029,2026-08-23 04:04:10.726614
TXN0003633,CERT000199,PTY00138,PTY00001,2026-08-30 14:31:59.444449
TXN0003634,CERT000199,PTY00001,PTY00002,2026-09-01 05:58:03.100878
TXN0003635,CERT000199,PTY00002,PTY00033,2026-09-03 02:18:24.204542
TXN0003636,CERT000510,PTY00113,PTY00003,2026-06-28 06:38:26.885247
TXN0003637,CERT000510,PTY00003,PTY00007,2026-06-28 17:21:57.567695
TXN0003638,CERT000510,PTY00007,PTY00005,2026-06-28 22:20:59.661605
TXN0003639,CERT000510,PTY00005,PTY00007,2026-06-30 12:59:29.540106
TXN0003640,CERT000081,PTY00090,PTY00146,2026-09-01 13:48:13.824157
TXN0003641,CERT000081,PTY00146,PTY00024,2026-09-03 14:34:19.129497
TXN0003642,CERT000031,PTY00016,PTY00003,2026-06-25 22:39:48.884225
TXN0003643,CERT000031,PTY00003,PTY00001,2026-06-28 00:41:02.730129
TXN0003644,CERT000101,PTY00149,PTY00001,2026-09-01 11:31:54.153577
TXN0003645,CERT000101,PTY00001,PTY00105,2026-09-02 13:02:29.088551
TXN0003646,CERT000991,PTY00125,PTY00001,2026-09-11 21:01:01.494018
TXN0003647,CERT000991,PTY00001,PTY00033,2026-09-12 11:41:17.646007
TXN0003648,CERT000308,PTY00084,PTY00004,2026-08-20 17:27:07.282036
TXN0003649,CERT000308,PTY00004,PTY00001,2026-08-21 07:08:05.547911
TXN0003650,CERT000308,PTY00001,PTY00006,2026-08-22 19:16:06.413646
TXN0003651,CERT000308,PTY00006,PTY00216,2026-08-25 17:11:04.971053
TXN0003652,CERT000532,PTY00056,PTY00002,2026-09-05 17:41:39.960897
TXN0003653,CERT000532,PTY00002,PTY00015,2026-09-06 22:35:35.457567
TXN0003654,CERT001154,PTY00012,PTY00001,2026-08-02 09:24:42.969481
TXN0003655,CERT001154,PTY00001,PTY00005,2026-08-02 21:42:44.018022
TXN0003656,CERT001154,PTY00005,PTY00029,2026-08-04 00:03:42.251593
TXN0003657,CERT001154,PTY00029,PTY00134,2026-08-06 12:52:42.916440
TXN0003658,CERT000717,PTY00161,PTY00001,2026-08-12 05:51:26.057991
TXN0003659,CERT000717,PTY00001,PTY00004,2026-08-13 01:06:02.097551
TXN0003660,CERT001185,PTY00079,PTY00003,2026-07-26 15:42:20.222208
TXN0003661,CERT001185,PTY00003,PTY00074,2026-07-28 11:35:04.291697
TXN0003662,CERT001185,PTY00074,PTY00012,2026-07-29 16:13:58.393173
TXN0003663,CERT001185,PTY00012,PTY00001,2026-08-01 11:19:55.070053
TXN0003664,CERT000977,PTY00116,PTY00098,2026-08-27 12:41:13.115804
TXN0003665,CERT000977,PTY00098,PTY00014,2026-08-27 20:50:03.444198
TXN0003666,CERT000977,PTY00014,PTY00003,2026-08-29 09:34:07.122439
TXN0003667,CERT000977,PTY00003,PTY00022,2026-08-30 07:04:30.703127
TXN0003668,CERT000842,PTY00098,PTY00002,2026-08-15 20:19:12.664888
TXN0003669,CERT000842,PTY00002,PTY00001,2026-08-16 21:02:50.054999
TXN0003670,CERT000769,PTY00105,PTY00063,2026-08-24 17:28:35.123108
TXN0003671,CERT000769,PTY00063,PTY00002,2026-08-27 00:49:12.497781
TXN0003672,CERT000769,PTY00002,PTY00001,2026-08-27 04:41:18.656060
TXN0003673,CERT000769,PTY00001,PTY00004,2026-08-29 09:30:47.641428
TXN0003674,CERT000844,PTY00008,PTY00007,2026-06-17 06:31:47.423246
TXN0003675,CERT000844,PTY00007,PTY00002,2026-06-17 22:19:00.678362
TXN0003676,CERT000844,PTY00002,PTY00019,2026-06-20 08:54:22.406635
TXN0003677,CERT000186,PTY00072,PTY00001,2026-06-27 19:59:32.221097
TXN0003678,CERT000186,PTY00001,PTY00036,2026-06-30 18:01:31.746503
TXN0003679,CERT000186,PTY00036,PTY00001,2026-07-01 03:45:11.833555
TXN0003680,CERT001005,PTY00094,PTY00002,2026-08-27 02:03:00.723979
TXN0003681,CERT001005,PTY00002,PTY00055,2026-08-29 17:31:35.111457
TXN0003682,CERT001005,PTY00055,PTY00003,2026-08-31 14:49:00.248115
TXN0003683,CERT000131,PTY00106,PTY00001,2026-06-27 13:03:53.712158
TXN0003684,CERT000131,PTY00001,PTY00014,2026-06-28 10:27:07.787766
TXN0003685,CERT000131,PTY00014,PTY00045,2026-06-28 22:10:48.988451
TXN0003686,CERT000061,PTY00152,PTY00001,2026-07-25 20:56:03.600070
TXN0003687,CERT000061,PTY00001,PTY00003,2026-07-26 15:11:55.727471
TXN0003688,CERT000061,PTY00003,PTY00007,2026-07-28 01:37:47.292232
TXN0003689,CERT000754,PTY00004,PTY00188,2026-07-19 22:26:41.210387
TXN0003690,CERT000754,PTY00188,PTY00006,2026-07-22 11:37:17.416457
TXN0003691,CERT000754,PTY00006,PTY00008,2026-07-23 00:22:34.877148
TXN0003692,CERT000144,PTY00109,PTY00158,2026-06-15 20:08:37.187654
TXN0003693,CERT000144,PTY00158,PTY00286,2026-06-17 22:17:32.166013
TXN0003694,CERT000796,PTY00011,PTY00001,2026-07-12 18:25:00.562604
TXN0003695,CERT000796,PTY00001,PTY00149,2026-07-13 15:48:40.189116
TXN0003696,CERT000136,PTY00074,PTY00064,2026-08-01 12:50:20.156875
TXN0003697,CERT000136,PTY00064,PTY00002,2026-08-04 06:11:04.108114
TXN0003698,CERT000136,PTY00002,PTY00025,2026-08-07 04:51:52.586000
TXN0003699,CERT000136,PTY00025,PTY00022,2026-08-08 13:42:33.200765
TXN0003700,CERT000554,PTY00051,PTY00001,2026-06-20 13:11:50.798920
TXN0003701,CERT000554,PTY00001,PTY00013,2026-06-21 11:19:16.331994
TXN0003702,CERT000554,PTY00013,PTY00005,2026-06-24 08:00:45.869456
TXN0003703,CERT000554,PTY00005,PTY00002,2026-06-25 06:58:55.418631
TXN0003704,CERT000934,PTY00168,PTY00002,2026-07-27 22:44:37.180658
TXN0003705,CERT000934,PTY00002,PTY00004,2026-07-30 11:31:36.347498
TXN0003706,CERT000934,PTY00004,PTY00002,2026-08-02 08:31:08.184244
TXN0003707,CERT000934,PTY00002,PTY00001,2026-08-02 12:14:08.499703
TXN0003708,CERT000900,PTY00069,PTY00018,2026-08-15 19:37:34.336699
TXN0003709,CERT000900,PTY00018,PTY00298,2026-08-17 08:17:17.137740
TXN0003710,CERT000900,PTY00298,PTY00167,2026-08-18 21:08:42.491707
TXN0003711,CERT000153,PTY00154,PTY00003,2026-06-17 23:52:28.750865
TXN0003712,CERT000153,PTY00003,PTY00005,2026-06-19 09:00:21.722459
TXN0003713,CERT000153,PTY00005,PTY00001,2026-06-20 04:29:48.968122
TXN0003714,CERT000153,PTY00001,PTY00003,2026-06-22 19:05:05.508075
TXN0003715,CERT000337,PTY00171,PTY00013,2026-06-23 21:19:42.568177
TXN0003716,CERT000337,PTY00013,PTY00063,2026-06-26 14:19:06.561768
TXN0003717,CERT000337,PTY00063,PTY00005,2026-06-28 15:56:27.446340
TXN0003718,CERT000757,PTY00167,PTY00002,2026-07-09 17:46:31.779573
TXN0003719,CERT000757,PTY00002,PTY00090,2026-07-11 10:31:52.555791
TXN0003720,CERT000757,PTY00090,PTY00001,2026-07-13 16:15:29.878492
TXN0003721,CERT000757,PTY00001,PTY00009,2026-07-14 04:46:10.803704
TXN0003722,CERT000628,PTY00067,PTY00002,2026-08-08 16:50:23.659287
TXN0003723,CERT000628,PTY00002,PTY00001,2026-08-09 14:46:28.932813
TXN0003724,CERT000628,PTY00001,PTY00088,2026-08-10 16:46:29.784236
TXN0003725,CERT000905,PTY00107,PTY00018,2026-08-29 16:32:42.213807
TXN0003726,CERT000905,PTY00018,PTY00001,2026-09-01 11:40:22.870053
TXN0003727,CERT000905,PTY00001,PTY00060,2026-09-03 09:59:26.118377
TXN0003728,CERT000548,PTY00083,PTY00009,2026-07-27 11:30:11.397595
TXN0003729,CERT000548,PTY00009,PTY00001,2026-07-28 17:12:34.775155
TXN0003730,CERT000548,PTY00001,PTY00321,2026-07-29 07:09:22.618737
TXN0003731,CERT000540,PTY00008,PTY00002,2026-07-28 13:51:28.947550
TXN0003732,CERT000540,PTY00002,PTY00018,2026-07-31 09:23:45.255967
TXN0003733,CERT001081,PTY00010,PTY00001,2026-07-07 15:39:56.085086
TXN0003734,CERT001081,PTY00001,PTY00036,2026-07-09 17:34:37.163499
TXN0003735,CERT001081,PTY00036,PTY00001,2026-07-11 06:13:24.870659
